,Fp1_mean,Fp2_mean,C3_mean,C4_mean,T3_mean,T4_mean,O1_mean,O2_mean,avg_mean,Fp1_std,Fp2_std,C3_std,C4_std,T3_std,T4_std,O1_std,O2_std,avg_std,Fp1_variance,Fp2_variance,C3_variance,C4_variance,T3_variance,T4_variance,O1_variance,O2_variance,avg_variance,Fp1_min,Fp2_min,C3_min,C4_min,T3_min,T4_min,O1_min,O2_min,avg_min,Fp1_max,Fp2_max,C3_max,C4_max,T3_max,T4_max,O1_max,O2_max,avg_max,Fp1_amplitude,Fp2_amplitude,C3_amplitude,C4_amplitude,T3_amplitude,T4_amplitude,O1_amplitude,O2_amplitude,avg_amplitude,Fp1_rms,Fp2_rms,C3_rms,C4_rms,T3_rms,T4_rms,O1_rms,O2_rms,avg_rms,Fp1_energy,Fp2_energy,C3_energy,C4_energy,T3_energy,T4_energy,O1_energy,O2_energy,avg_energy,Fp1_delta_power,Fp2_delta_power,C3_delta_power,C4_delta_power,T3_delta_power,T4_delta_power,O1_delta_power,O2_delta_power,avg_delta_power,Fp1_delta_relative_power,Fp2_delta_relative_power,C3_delta_relative_power,C4_delta_relative_power,T3_delta_relative_power,T4_delta_relative_power,O1_delta_relative_power,O2_delta_relative_power,avg_delta_relative_power,Fp1_theta_power,Fp2_theta_power,C3_theta_power,C4_theta_power,T3_theta_power,T4_theta_power,O1_theta_power,O2_theta_power,avg_theta_power,Fp1_theta_relative_power,Fp2_theta_relative_power,C3_theta_relative_power,C4_theta_relative_power,T3_theta_relative_power,T4_theta_relative_power,O1_theta_relative_power,O2_theta_relative_power,avg_theta_relative_power,Fp1_alpha_power,Fp2_alpha_power,C3_alpha_power,C4_alpha_power,T3_alpha_power,T4_alpha_power,O1_alpha_power,O2_alpha_power,avg_alpha_power,Fp1_alpha_relative_power,Fp2_alpha_relative_power,C3_alpha_relative_power,C4_alpha_relative_power,T3_alpha_relative_power,T4_alpha_relative_power,O1_alpha_relative_power,O2_alpha_relative_power,avg_alpha_relative_power,Fp1_beta_power,Fp2_beta_power,C3_beta_power,C4_beta_power,T3_beta_power,T4_beta_power,O1_beta_power,O2_beta_power,avg_beta_power,Fp1_beta_relative_power,Fp2_beta_relative_power,C3_beta_relative_power,C4_beta_relative_power,T3_beta_relative_power,T4_beta_relative_power,O1_beta_relative_power,O2_beta_relative_power,avg_beta_relative_power
Fp1_mean,1.0,0.7026873343949386,0.8356415131984786,0.8436752574979175,0.863903577239831,0.8376079682295264,0.7891148910125474,0.5523072239880309,0.8910614332158869,-0.008511191241301827,-0.015868424522947337,-0.00488710281943484,-0.0061214635187435,-0.005720210006518884,-0.012481060054490534,-0.0014104806616187932,-0.005633711953625808,-0.00808029648606273,-0.005172547231966565,-0.00920786595351888,0.008136531777693485,0.006373025018637353,0.010014691546965394,-0.0010276673845836044,0.01877956349304448,0.001720701947988324,0.003989832914277923,0.11118937083603117,0.07922510890612063,0.0961373424413173,0.09259619356446186,0.09687667680323761,0.10061139136218587,0.08647365625905125,0.058550190764257666,0.0966857079305054,0.0930870437167719,0.0640193781286919,0.07825345208184158,0.0838401883755703,0.08115845736322654,0.07171317971283447,0.08279734145194659,0.05416583672237391,0.08050939383727108,-0.0035616111534204874,-0.007011850074355733,0.0006510484286980114,0.0006203212685066904,-0.0010153437212817268,-0.009386908382565428,0.005450375995997447,-0.0011941608571267289,-0.0020199782468196302,-0.009345715511646636,-0.016695908940626666,-0.005774299839698903,-0.0068872858812546,-0.006583138509703252,-0.013109317361338045,-0.0022172282644235494,-0.0060822124228299265,-0.008885325552877146,-0.0060871891184695265,-0.010160766807198199,0.007146253707332208,0.005356292961486167,0.009053000098283364,-0.001796085993936961,0.01779868681751366,0.0014671294093036014,0.003099122636547138,-0.11046810895975226,-0.09524099178489438,-0.11358915446342151,-0.12429307153061343,-0.11741844603064638,-0.12042884941184705,-0.12048306760024478,-0.051893310361211184,-0.11436936342061317,-0.0003077364730132629,-0.0018427087537706106,-0.0021846597525732453,-0.0018835789779666349,-0.002435569245735384,-0.002115493373055234,-0.0017302132284475577,-0.0013390983020822708,-0.002056124411011696,-0.1046348320030976,-0.0847429982100575,-0.1301309962474174,-0.09961562283793343,-0.11798743072020403,-0.12397139679236736,-0.12184768009071995,-0.0392607553511418,-0.1113912902187844,0.00015150722499783777,0.002487968950658384,0.002188606088691171,0.0018617906925930973,0.002454034523923733,0.001737154465038124,0.0005136317877425012,0.0014463509382234812,0.0020402732720416596,-0.06235266874760402,-0.05355099517640676,-0.10121514788211927,-0.061734601377632856,-0.07949429963398089,-0.08410641790207157,-0.08239882380621208,-0.020895596828096497,-0.07159533301211103,-0.0005862309223029974,0.00025638777366857084,0.0006038350594164417,0.0005814102545162212,0.0007832137227805807,0.0007784456310183489,0.001728504229826865,-7.862920900468386e-05,0.0006178164176513731,-0.09296113940439521,-0.05660352618447917,-0.11038639644016938,-0.08877528850846049,-0.10077677988173338,-0.10550791007867066,-0.09309090562506944,-0.017587680520540553,-0.07818529032716402,0.0013955015155085917,0.0008199905493696121,0.0016838824498328706,0.0013807891327264937,0.001544806192103754,0.0021420993800953174,0.0011893481746002446,0.00240886661712723,0.001953828999126802
Fp2_mean,0.7026873343949386,1.0,0.6178088603556102,0.6426664657703467,0.6314048158119164,0.6522356324962587,0.5805007300271389,0.4152825619657557,0.7287473289696813,-0.009110940726696885,-0.002499527345064677,-0.0008235763559139146,-0.0019505752600427674,-0.00211728844782335,-0.007439029238334637,0.0012546926651222866,-0.002951727352138373,-0.0033971417202896437,0.00010851922525865267,0.010748077270397465,0.014784969860840257,0.011392391984628486,0.01514558645562147,0.005321637453801212,0.02281861495995881,0.0048566894835863446,0.011471625514772382,0.08703603302290082,0.09556274802010291,0.07492022644682451,0.06966117113287067,0.07437919901507399,0.07993323297158755,0.06705781574504607,0.048358526365003006,0.08036790914448755,0.07362570378401559,0.11012283512616462,0.07283639262428647,0.07190779855938184,0.07152774420753881,0.06493942630470256,0.07234060024257756,0.052386797296471284,0.07790866253972233,-0.0023630764080263896,0.00915467309345125,0.007452125993810092,0.005387093371074205,0.0044529087587799245,-0.002975490912501364,0.008878528923772281,0.0030695782793207383,0.004491390142871577,-0.009787437845543576,-0.004099748444832288,-0.0013522140685885524,-0.0024634731242661485,-0.002667990798142416,-0.007837432337149652,0.0007429531405004224,-0.0032098171312381516,-0.0040564661929490325,-0.0005648273962147848,0.008821887794748356,0.014156173905150232,0.01070598695487286,0.014520062120737597,0.004842627517857622,0.022172052029202024,0.004724842391856739,0.010732422360959346,-0.09050504700322233,-0.1117593475848831,-0.09233681843783395,-0.10232796327314031,-0.09567731674045324,-0.09819839791558592,-0.09840473466638187,-0.04204508046491564,-0.09771360526805523,-0.0011473604872999697,-0.0019389661110516762,1.224689308537242e-05,-0.00013287655531503078,-0.001499256651115081,0.00036595803007456496,-0.0006823413155275884,0.0003715745009805953,-0.0006751218711625638,-0.0699817876442144,-0.07417381808245857,-0.08651508927368758,-0.06673196085626527,-0.07804473239342533,-0.0856949529923551,-0.08083274591890029,-0.024107703243481847,-0.07643023451164002,0.001251672099777809,0.001732402258782138,-0.0010071508949511337,-0.0009399913894258812,0.0008434745653809347,-0.002273723472906702,9.292939384865103e-05,-0.0015100567818042308,-0.00037133317963548325,-0.026822778027029023,-0.04806811610588746,-0.044268515821119264,-0.025923190767489092,-0.032226989723808316,-0.03976904107379823,-0.03278897234688388,-0.010121555218004672,-0.03440412270894434,0.0001819901423545836,0.0006388918845791862,0.0003403994732475036,0.0006293415083690301,0.0008960856696415498,0.0008978630367723686,0.0008368850007610285,0.0004185031403733348,0.0007082954818707744,-0.05219061059509031,-0.055617778683580185,-0.06315075635535934,-0.050337084347046736,-0.05672780711489221,-0.06304107366662529,-0.05202975472249817,-0.011527374734244174,-0.04841127248460377,0.0009569730661263417,0.0015810001140106641,0.0019229969777135494,0.001686382895102305,0.0016103281132575484,0.002018447986448416,0.0003455583788914817,0.0009188150040140303,0.0017518716421909212
C3_mean,0.8356415131984786,0.6178088603556102,1.0,0.9435802251946299,0.960963001855332,0.9174583747279228,0.8970391653630488,0.6253341072167349,0.946815498659814,-0.0067127414612146346,-0.01235964017958158,0.006080061612931776,-0.0012686062113092932,0.0004575277911236954,-0.008088479755614142,0.003614084788023103,-0.0010691716602731914,-0.0024568166165151303,-0.0052529728176941215,-0.010731882731678615,0.016590825513797418,0.006782941780312761,0.010287935851415932,-0.0015626045853474049,0.01888071949530477,0.004608395779299858,0.005808291857760863,0.09325261299390253,0.06861068088553546,0.10313588803054706,0.08904458946053036,0.09427790304174359,0.09839768085564442,0.08604681000778029,0.05741147532978356,0.0924977408450516,0.07864543058942856,0.05556458782773971,0.09991420812107663,0.08811501276835094,0.0872893102587073,0.0762510339201938,0.08800749395799044,0.06385464803291768,0.08495798755427839,-0.002665530159800714,-0.006006892231707765,0.01005181365077723,0.004768744238549343,0.0037285327442707064,-0.0057388887125402336,0.008637087276691966,0.004524798619735561,0.002524433319993951,-0.007527675379575409,-0.013000322346229306,0.005067438548801274,-0.0020194173736194127,-0.00037660240461429234,-0.008690598950600101,0.0028320758456884536,-0.00148164697043244,-0.003233346589521544,-0.006109902326930503,-0.01145131643851061,0.015737451082830263,0.005875849052341398,0.009435543418621203,-0.002233716956274701,0.018014377603613078,0.004366273429368472,0.005026258779573146,-0.112635552329507,-0.09716191238662232,-0.12406042039251328,-0.12356796238887024,-0.11683181056628156,-0.12176465471189933,-0.11921932245185343,-0.050302199129816455,-0.11558874368935336,-0.0024109267794045347,-0.0016469070410163142,-0.002745915291902745,-0.003068264347517284,-0.0022387338513349658,-0.003200476268012,-0.00228323642462192,-0.0034555427953494276,-0.00313748402552947,-0.10546603896140208,-0.08212258290812957,-0.1368465802864674,-0.09919946076358226,-0.11572236932473516,-0.12336458163994167,-0.1192963449595048,-0.03187512628204749,-0.108145648782698,0.0018907274387742047,0.0009008218786605804,0.002780542742667307,0.00277857154208444,0.00274747702976566,0.002745680741432164,0.0023708113953447695,0.0029585581096402114,0.0030735979026070104,-0.0648005009092269,-0.05274501371327244,-0.10307988745881748,-0.06285137992724843,-0.07816300027321502,-0.08461081471704143,-0.08049527466617788,-0.015649161405457666,-0.06946177782876607,0.001246201121039605,0.0006499952477779402,0.0010108135035837417,0.0013747663367058936,0.0011523099981699068,0.0016584964021372146,0.0013651227790964016,0.0016488097674641276,0.0014942942171975897,-0.09216932571123237,-0.05486334752096514,-0.11043056496499443,-0.08616335530470073,-0.0950547809061797,-0.102391168958293,-0.08787361865078891,-0.011372164435343965,-0.0723090104398579,0.0018497276670908509,0.0019870567707779532,0.0013925207768764336,0.0019154987337407791,-0.0007096613257710852,0.001963800928804323,-0.00020191209872684715,0.002590862342087043,0.001786199918234395
C4_mean,0.8436752574979175,0.6426664657703467,0.9435802251946299,1.0,0.9601632101057481,0.9561218676272794,0.908710311158595,0.6383400683151899,0.960397854101862,-0.017579550154564867,-0.020275539489153522,-0.007311223308887225,-0.007950969105859688,-0.008517118018181979,-0.01701487739257199,-0.004085963960099781,-0.005455885455121005,-0.011523175822305437,-0.01844146009331026,-0.021581052372236603,-0.0027458300715657437,-0.0031071581605283034,-0.0010669295000607442,-0.013677915180202867,0.007951745164081082,0.001547391483187065,-0.0059016096298816125,0.10117211007397696,0.07517648078929652,0.10178894264818779,0.09858167262832536,0.1005288874683493,0.10779402435046088,0.09150059423729202,0.061379681008009584,0.09894119418887219,0.07393770350210699,0.05492003684499391,0.08143667321387144,0.08809921046222335,0.08220451711297795,0.07349477906826621,0.08526169812024673,0.05971685388089413,0.07970098492147822,-0.009259973740901588,-0.009773185197453136,-0.00014092396583628413,1.4048084444787576e-05,-0.002196780149852449,-0.011935416326915171,0.004423823066466168,0.00030347295122821186,-0.003575900061309846,-0.018278556270304214,-0.02087561508806608,-0.008070680256674737,-0.00861575110952989,-0.009262176533159628,-0.017546169251349605,-0.004776457292494964,-0.005815605633088275,-0.0121938920552175,-0.019279845033515687,-0.02230627812083488,-0.0035978916084344085,-0.004001178349757864,-0.0019047030286915064,-0.01433299053697128,0.0071047641625710456,0.001303938003061041,-0.006676074617449482,-0.12460622940058819,-0.10808308737482976,-0.12479655638019556,-0.134625985348894,-0.127995428445082,-0.1332597692843471,-0.13084729366269487,-0.054892258602180624,-0.12543454178951624,-0.002490650611409486,-0.000985620088437123,-0.0021535520340850134,-0.0029253867891199325,-0.001620353208512397,-0.002679857209085302,-0.0018857187319548927,-0.0028868434319757547,-0.002627189922168823,-0.10737122372470453,-0.08357747924176248,-0.1320641377032853,-0.09972665001037362,-0.11900666626394966,-0.12700098486545128,-0.12317429271525362,-0.03388012769268424,-0.11018737513025365,0.0019755009206104592,0.0002998828633369459,0.001759221888702877,0.0019021287787222294,0.001050717444674722,0.0012406209263978527,0.001377650227346052,0.001328169161844104,0.0017403346753089375,-0.06292618234460422,-0.05273266617554577,-0.10129419208741268,-0.06013121285428248,-0.07840295795014936,-0.08530887606418601,-0.08197130481546136,-0.01745609227286268,-0.0697723897135058,0.0013668003974013497,0.0003524467254037376,0.0010702692965417965,0.001817430836443521,0.0016153134323341654,0.0019377031124308312,0.001239175475151124,0.002580791439979887,0.0017920168147888284,-0.0957579784030387,-0.058091105474068226,-0.11089224830053851,-0.0883589220589376,-0.10102538592349698,-0.1087856375383538,-0.09381951775703944,-0.015859487352540363,-0.07800365203473528,0.0017696077978738602,0.00157261685177916,0.0015755451220291381,0.0026964040012279296,-3.093987154377246e-05,0.002935960563196594,0.0009428289971046323,0.0014146450656059852,0.0020676002024725172
T3_mean,0.863903577239831,0.6314048158119164,0.960963001855332,0.9601632101057481,1.0,0.9373580386342948,0.9258714767723366,0.6426146646025955,0.964401025114581,-0.010230082408302234,-0.015098317799287478,-0.0008015413093131352,-0.003648706476477765,-0.0019497401385911957,-0.010965457920247853,0.001174934531863556,-0.0024956576860419052,-0.005704110694636735,-0.008715239424781003,-0.014194407445138859,0.0071199403371990065,0.0048638713701804085,0.00842995883069893,-0.004084258052042853,0.017200406196198777,0.004032806864431003,0.002636610605201989,0.09653835380850218,0.07057592250977548,0.09818606718872429,0.09256136556475623,0.09810740760070585,0.10135758968079141,0.08860895826464457,0.059288009250794645,0.09457752025399097,0.08074169358121035,0.057916515730458404,0.08813817664843901,0.09096810429653661,0.08974636309100643,0.07755199860439645,0.09063444463823865,0.06378706809453656,0.08508246710810054,-0.003136832610423963,-0.005771916574938416,0.005479327676562277,0.004607864366918632,0.0032619700718691637,-0.0064701667852130095,0.008897939483217437,0.0035302276340035445,0.0015782772657738926,-0.011016302334214086,-0.01572711657511039,-0.001633949424096467,-0.0043863863295055565,-0.0027738237862887944,-0.01154892633697604,0.00040240928373365647,-0.002911419719554609,-0.006446248688260497,-0.009572148587119956,-0.014907344562366682,0.006250225760601253,0.003951526828487567,0.007572570702527041,-0.004754232833878608,0.016331591345081133,0.0037805544645161996,0.0018480742339316793,-0.1178850264791839,-0.1022523970521965,-0.11834504251524797,-0.12837209184840015,-0.12155413104627126,-0.12674023803798384,-0.12458032173349273,-0.05294214557430648,-0.1193576929108838,-0.002873766326949993,-0.00313121383479056,-0.0038372718416853735,-0.004397020522202712,-0.0031784480950793055,-0.004428683451458245,-0.0033780024471086433,-0.003937222449554961,-0.004339294419809671,-0.10765124387847155,-0.08350032415954631,-0.13078642889955547,-0.10109766871618747,-0.11852161427271694,-0.12644983472952312,-0.12270098156761866,-0.03218316270931021,-0.10934692176236574,0.00252238658905007,0.0021165374245977354,0.0034445882991718793,0.003740855785606846,0.003218774295456133,0.0036830240604158616,0.003369095705399975,0.004378773615696304,0.0042241034259010695,-0.06470862285838073,-0.053310279182248406,-0.09880880284447552,-0.06235928438799265,-0.07847878242312781,-0.08538718043316539,-0.08147184495016134,-0.0167126769652263,-0.06973106212092232,0.0009016417600718873,0.0013935579873581572,0.0017876241370882308,0.0021065363888948543,0.0018041800466404314,0.0023728562042055253,0.0018755412901568995,0.001423659278537339,0.0019965279663330714,-0.0924368121631147,-0.05580218846820425,-0.10614319147945808,-0.08571724236883889,-0.09642135905240024,-0.10460143434646903,-0.08971625307927637,-0.012516337634406084,-0.07321829547266354,0.0026376827070309417,0.002997201460712057,0.002236645713021925,0.0030925157736016924,0.00023468559219412834,0.00282265481356482,0.00039015052814346865,0.0017929523153210186,0.0026924042712049867
T4_mean,0.8376079682295264,0.6522356324962587,0.9174583747279228,0.9561218676272794,0.9373580386342948,1.0,0.8848925582645413,0.6333135919908239,0.9502086330570235,-0.012296973114570347,-0.015295324789259533,-0.0038195680117102957,-0.0068662829105087305,-0.005018179466261656,-0.010901753622147436,-0.0012732085588400954,-0.0033477300888963475,-0.0076537388779874295,-0.009560815121358006,-0.01244004407381948,0.0052302235582969555,0.0025672656293805095,0.006496638929348516,-0.002080502930691192,0.014858511039083599,0.004013951374680841,0.0019573864875318523,0.09913138909954512,0.07457392978397244,0.10150418455710256,0.1002267329015057,0.10018714380885692,0.11073266813747176,0.09202606132189023,0.061537735087219034,0.09921297536438183,0.07981701373440174,0.06144206057519969,0.08543416739228002,0.0904143814032286,0.08652172189551628,0.08508604653908394,0.08906327905119332,0.06391833195468855,0.08533702739517689,-0.004951096651121604,-0.005967910758474577,0.002335082839507737,0.00048496215137272455,0.0004203197567991158,-0.006865554616667103,0.0063434413222203485,0.0024504198823472557,-0.0005433867306693729,-0.012980311954451275,-0.0158922718007692,-0.004535199191389344,-0.007516072131913556,-0.005727438234971235,-0.01141725945211356,-0.001948535561393963,-0.0036691487156976315,-0.008298032857856812,-0.010342983407155082,-0.013156986486555925,0.004434295784071278,0.0017187870317399289,0.0057078842892449595,-0.002669388663925785,0.014056362949853789,0.0038012303891339087,0.0012338619518525136,-0.11721472186906326,-0.09904538703166756,-0.11772755712307052,-0.12879456638845713,-0.12170427932468027,-0.12440791703825178,-0.12461398148890604,-0.05292189954764621,-0.1185701101010411,-0.0024260846475029616,-0.002121660875969168,-0.0029805658673481635,-0.0035438223889901043,-0.0025127444872565206,-0.002947202629226232,-0.00267822795154427,-0.003134965159616503,-0.0033275502165435664,-0.10762238305227864,-0.0834426233409582,-0.13053883739501587,-0.10232298112677198,-0.11960696091150498,-0.12442354051879516,-0.12305811794168428,-0.03193063052485544,-0.10927587011985601,0.0020843902778723395,0.002097843547422201,0.0023153505721284617,0.0027448093025963668,0.002203958995427791,0.00195711110759471,0.001987261772120208,0.0019073049879776336,0.0027371355959011474,-0.06714681067024926,-0.054873007366185354,-0.10097167512858662,-0.06623940945038588,-0.08199852269357943,-0.08598068372216262,-0.08439005358911682,-0.016735750458213232,-0.07179293253970864,0.0009937186493900797,0.00034613223032928345,0.0014043291022892515,0.0017284147589671484,0.0015762703028251394,0.0015728076810899599,0.0016801873938112543,0.0020984530137745077,0.001710112541143407,-0.09648308912989237,-0.05812123354347794,-0.1103949276825933,-0.09187543066195682,-0.1025081817436332,-0.10689316749769213,-0.09408338394974572,-0.008485653477219206,-0.0737432220185279,0.0019674851143506302,0.0019393996352026466,0.0027131791902287434,0.0031836462133608516,0.0006591085444597103,0.003030149055259405,0.001463994167556216,0.0024867728150481847,0.002750288133796441
O1_mean,0.7891148910125474,0.5805007300271389,0.8970391653630488,0.908710311158595,0.9258714767723366,0.8848925582645413,1.0,0.6688371646914106,0.9317471591130422,-0.011845875405960106,-0.01504776207104781,-0.0029781062476641296,-0.005373737637280203,-0.003849293838778374,-0.011571181672700173,0.00117251401927438,-0.006166543758792606,-0.007440365693557186,-0.014208490951524752,-0.016783284405763158,0.0005208366836259748,-0.0007971031764884549,0.002264549781359657,-0.00888824597193555,0.011380752616258276,-0.007427667541433302,-0.005649813138507048,0.09031248841677902,0.06570264097726125,0.09255014486700976,0.08792801968337018,0.09163895819108808,0.09588629628211497,0.09117898117527067,0.05799076887249218,0.09038604951877223,0.07247208997306838,0.05255305586684791,0.07988802984577603,0.08298832862424642,0.08074203559640263,0.07166294595299762,0.0926264328799785,0.053315633162913594,0.07779539533092782,-0.004647243584916627,-0.006103694314604698,0.0032952188777512154,0.00246884268373825,0.0012942561997012162,-0.007079110044286206,0.008791818829349072,-0.0013591400486271904,-0.0004665353423229825,-0.012522950766089226,-0.015619852605728164,-0.0037035852173481604,-0.006003620076099712,-0.0045606031568291875,-0.012083487558551608,0.0004658016124932628,-0.006438447019274681,-0.008073551904910572,-0.014948246051273142,-0.017399545747105945,-0.00022616823465035436,-0.001586680542867647,0.0015282853416193258,-0.009457172973277082,0.010633528233714239,-0.00746681206816173,-0.00626869246478185,-0.11660194401455948,-0.09874780488079898,-0.11608307779164921,-0.12522235681478747,-0.11924757468903778,-0.12356828382858073,-0.12174862461182684,-0.0465335551195005,-0.11521005493094195,-0.003049375449729366,-0.0026851000110674757,-0.0005649748334108753,-0.001486916945619411,-0.0012173219136927295,-0.001062898554579132,-0.0020324386940019042,-0.0014808267547656898,-0.002012780148669153,-0.09651027682572466,-0.07365924064370093,-0.11795826935231252,-0.0907737607161219,-0.10643156733832776,-0.11348424636635537,-0.11017148478968238,-0.04918529991729662,-0.10638754612694001,0.0024704124846569287,0.0007044070739881741,0.0008914444838085131,0.0020365534646484933,0.0018216464229597823,0.0006905932598442022,0.003108724692718226,0.0019414329735786193,0.0021668459353210404,-0.056336421688140924,-0.045036823464092,-0.08956832408631692,-0.05484549825833455,-0.07005671541580301,-0.07554290026987634,-0.07401737538404027,-0.018991708160834852,-0.06368847717605139,0.00135396899358285,0.0008112851708413221,-9.267405673768847e-05,-2.853571649760097e-06,0.0003859738270022758,0.0003902899192832641,0.0003993853127914298,0.0005641025110205469,0.0005403266700496475,-0.08386217262344184,-0.04836388535728564,-0.09762911154946528,-0.07884470508525729,-0.08870245868706132,-0.0949719193112096,-0.08447459753028697,-0.019106111282690245,-0.07170901839410246,0.002537000950281406,0.0046476624187394835,0.00015001947450472546,0.0006207294396001147,-0.0006267350838790334,0.001498084913564481,-0.0005394901406600058,-0.00015011257785621236,0.0016902967211632823
O2_mean,0.5523072239880309,0.4152825619657557,0.6253341072167349,0.6383400683151899,0.6426146646025955,0.6333135919908239,0.6688371646914106,1.0,0.7557209088979747,-0.005858973889013812,-0.009251469643617291,0.0021754590761782436,-0.0008304342073103234,0.00044725233973850364,-0.0056720181734114155,0.007668051772914741,-0.009875214148594793,-0.0033143055740756672,-0.0037684311325560343,-0.00530160425766826,0.008384781197950648,0.005238443394183733,0.008017884333803363,-0.0005085615835113067,0.01549340241084199,-0.012080514135032475,-0.0005732769185926541,0.06416497989092954,0.05363260775477555,0.06365165974753997,0.06187305510835785,0.06326192141671252,0.06787425086226795,0.057780318774461284,0.07757372500631995,0.07087923862342353,0.05609044029106168,0.043442600626944286,0.06417556484782574,0.06281178423243265,0.0623705484390244,0.055883277779961056,0.07029037756574255,0.04037128234704741,0.060389396895111,-0.0007288192677311898,-0.004691243871054141,0.007675508753559011,0.004196226931771306,0.004658164849869533,-0.00210971921297443,0.012201719206059659,-0.018227579633806952,-0.0007120634083128999,-0.006391476807759977,-0.009651145985171907,0.0016348339619370337,-0.0013122382531436918,-9.38480078940861e-05,-0.006024371580954232,0.0071061545315710024,-0.009655441798379374,-0.0037060414949867775,-0.0043184303565396796,-0.00574994209163064,0.00784515868494322,0.004672541121223582,0.0074905340638024304,-0.0009089637167685486,0.01494312010454725,-0.012221106783318583,-0.001055915645153835,-0.07634375590683304,-0.06326439947955098,-0.07288267348605271,-0.082683125520876,-0.077852615099082,-0.08174810713932716,-0.07874067702729798,0.03548824804731592,-0.055977384893738595,0.0014618052459946954,-0.001532567303221165,0.0005405798751730281,-0.0007870621960212566,0.00023084610421995482,2.4193930917634246e-05,-0.00037131821870648157,-3.028978182737663e-05,-7.536597852134687e-05,-0.061739806774039126,-0.0470292300869646,-0.07214212883093829,-0.05723412444510257,-0.06733851043710685,-0.07385766606066417,-0.07016020360764463,-0.09606853214799263,-0.09423748590213943,-0.001286615601783715,-0.00033225392506894074,-0.00129970702202098,-0.0003371996167504975,-0.0013186797007275002,-0.0013650491017183717,-8.535384621422294e-06,-0.0017823585832443339,-0.0012111538606301817,-0.03520852207143021,-0.02619398544691794,-0.052621283408084675,-0.03339865448133905,-0.04223390837233355,-0.04789156283600799,-0.04394811411887391,-0.04353048025460276,-0.05314733376301243,-0.0009649068758239711,0.0009207609425967775,-2.6073473069952924e-05,0.00038332558419541297,0.0006690469516750262,0.00011026823314836929,0.00010980762995417845,0.0010151643666709955,0.00036019199151117155,-0.055071700652552937,-0.029217971615321244,-0.059376201088461325,-0.049977958076819644,-0.0558892755318591,-0.062292789438939004,-0.054893563017268575,-0.029383653113495396,-0.056311072931300624,-0.0006347603713161371,0.00303751344330611,0.0014083895167371855,0.0033956142755749534,0.0007724486781871691,0.00282739993175778,0.0011876726472471511,0.001548408092812419,0.002109357104808589
avg_mean,0.8910614332158869,0.7287473289696813,0.946815498659814,0.960397854101862,0.964401025114581,0.9502086330570235,0.9317471591130422,0.7557209088979747,1.0,-0.011351113690909444,-0.014605088643630844,-0.0014676177027437205,-0.004560977100924339,-0.003441556512026795,-0.011554972894875103,0.0016230883165868695,-0.005579617466406915,-0.006794039771808733,-0.008915322985182245,-0.01082936077188585,0.008318650109250229,0.004799112566522302,0.008489071251917061,-0.0035502783010597787,0.018021645299913513,-0.0006777375831008214,0.0018038514758128782,0.10311121968634222,0.08140662945179764,0.10168367196664262,0.09628097817932268,0.09995275804572905,0.10604424739970203,0.09186968622066287,0.06933958326520936,0.10107276008039401,0.08469102646245157,0.06988234922998844,0.09093521921769945,0.09198515804882099,0.08963276721704819,0.08055618820805478,0.09415999005749429,0.06285679050512787,0.08823563941258679,-0.004216137685060845,-0.0050100764472227124,0.005473764098778179,0.003323384187589507,0.002300469125462283,-0.007096691995068671,0.009334203845829673,-0.002098465895579581,0.00017593081058167923,-0.012145770786294715,-0.015419411327321697,-0.002301251918873336,-0.005283437660739349,-0.004245567677961544,-0.012126516406771162,0.0008534222580170039,-0.005865851933220508,-0.007528666501200305,-0.009778070964610768,-0.011774937124987422,0.007448988570317841,0.003881572564767682,0.007631945522091718,-0.004214645719828801,0.017146721166393555,-0.0008867064965937469,0.0010004237649778142,-0.12050128961318117,-0.10778578614532762,-0.12207435876857377,-0.13204702982555844,-0.12484911385664417,-0.12934946340967685,-0.1276188401763729,-0.039775355132294014,-0.11863650049674626,-0.001687113450917184,-0.0022255162309102587,-0.0017870725423888623,-0.002456253518742932,-0.0018997134774312683,-0.0021041918604591337,-0.0020207058054887996,-0.0020994676299883643,-0.0024214279118488194,-0.10531207455457828,-0.08466839831568566,-0.12941560439526514,-0.09912411994191651,-0.11653158863285817,-0.12439067063205264,-0.12052190839048843,-0.05146953576426323,-0.11608412773050869,0.0014066648127185185,0.0013005420841372675,0.0013569099597448484,0.0017931230015475503,0.0016373572157608123,0.0009915918790860876,0.0017159173881061145,0.0012812259059180701,0.0018204068270417004,-0.06077580512011787,-0.05321632474993733,-0.0953244716259155,-0.05894794541575578,-0.07459231807833339,-0.08132594948044385,-0.07742195775615299,-0.02414269397042064,-0.0703905812836577,0.0005485131329754769,0.0007799202953508538,0.0007988721172685873,0.0011620039116066305,0.0012208405920932134,0.0012937017605037775,0.0012233441408316815,0.0013535420338878315,0.0012461839421611352,-0.09147598216637681,-0.05747309321872839,-0.1060567463729054,-0.08571107938080869,-0.09633106057810827,-0.10361543388726684,-0.09001886282317526,-0.01871421579903175,-0.07712249786662936,0.00162587208147393,0.002706271820454577,0.0018247400109103638,0.0026056655156626203,0.0005019238817010973,0.0027414742933016497,0.0006972200497266006,0.0018111772461039777,0.0023734554822798714
Fp1_std,-0.008511191241301827,-0.009110940726696885,-0.0067127414612146346,-0.017579550154564867,-0.010230082408302234,-0.012296973114570347,-0.011845875405960106,-0.005858973889013812,-0.011351113690909444,1.0,0.8494218479154869,0.90254902741411,0.9126941008952316,0.9264603789675696,0.9276575859563474,0.8775747348691593,0.6052130501807896,0.9335459732084002,0.8564812441833726,0.7011493060635873,0.8354970426760528,0.8423739561154826,0.8431631524227993,0.8502450690216286,0.8384504956891691,0.33582634427595176,0.8143115010846198,-0.9124415081248695,-0.7563366523380463,-0.843079195455246,-0.8317796235532167,-0.8497524725198173,-0.8456842549000176,-0.793042594559884,-0.5496918737745856,-0.8582876428971067,0.9115824762205723,0.7995390679491385,0.8362661121703528,0.8693834981965588,0.8691529723685093,0.8722020407417517,0.8295452915590399,0.6264252033595791,0.8762409120927854,0.9662439571999832,0.8221071704794378,0.8863301470130464,0.8981566367546842,0.9064969434345466,0.9089137323386531,0.8587460919477916,0.612984516660778,0.9114230353224869,0.9999549644462454,0.8489677454937467,0.90294173147165,0.9132057702375483,0.9268537999382851,0.928000531759102,0.8780088970873641,0.6056785092432638,0.9338337946595404,0.8574193927004662,0.7013953844894351,0.8363500644490504,0.8432932464169642,0.8441020494346299,0.8511830219606917,0.839406037649437,0.3363732542732223,0.815248487604891,0.7491852287941658,0.6117578951033658,0.7218536841591838,0.7370195498795069,0.7401873297789443,0.7467279226158146,0.7382309735624719,0.33850160874768576,0.722675775847039,0.15760811841402222,0.14084707488652923,0.17449113322058354,0.17361824290125769,0.1774364546773404,0.17693754037354495,0.17770769206581663,0.17069958111579256,0.20073678813622622,0.43610294166990593,0.3300133218378199,0.4399699633276668,0.4406124160156788,0.445186816864547,0.4529080996084617,0.44645453150878894,0.1393756541778351,0.421705484750432,-0.14332156123331893,-0.13067059744028378,-0.16946530234465762,-0.16828573622639337,-0.16720001888522906,-0.1648722225420041,-0.1597472846746608,-0.15387957835375252,-0.19942980657416037,0.3147178275005646,0.2888362878679937,0.35427205559083363,0.31030208803391435,0.342019743893268,0.342919136439167,0.34024057248945655,0.0914103355872243,0.3156551688806402,-0.05305470008414686,-0.04107383556970747,-0.06749652904451948,-0.07200959818101739,-0.07153337156708024,-0.08051042364322018,-0.09931270485385298,-0.09733878749045441,-0.0870386380652315,0.35071729431603726,0.272119737696104,0.33849332230854584,0.3470557117538715,0.35392523559488326,0.35609833894889875,0.3171380223165881,0.06862761081810147,0.28586244042687775,-0.13267470678202367,-0.11554632742074021,-0.10057648354206375,-0.09126589317763721,-0.10774794543766682,-0.10180484388878577,-0.06072369880637092,-0.060854701674211184,-0.128095660138688
Fp2_std,-0.015868424522947337,-0.002499527345064677,-0.01235964017958158,-0.020275539489153522,-0.015098317799287478,-0.015295324789259533,-0.01504776207104781,-0.009251469643617291,-0.014605088643630844,0.8494218479154869,1.0,0.7899465912879404,0.8011776632368539,0.8075329393836338,0.812201719889843,0.7702382752935657,0.5393576264865579,0.8488904296528698,0.7220310829751106,0.8568865862645019,0.7103718766234488,0.716378775965276,0.7157358227406376,0.7217055140451574,0.7127867798106649,0.2893965124594176,0.7253356959207127,-0.7864092629888191,-0.9150758711225273,-0.7476685598360537,-0.7392192465061501,-0.7498581868046095,-0.7497736594807198,-0.7026667331597649,-0.4951855588687628,-0.7937308315259547,0.7908535166374822,0.9231845330397237,0.7470441833888746,0.7752670243643076,0.772074158885074,0.7770345025121993,0.7421801729731439,0.5667409958254644,0.8065325239570905,0.8356797049675148,0.9710104229197852,0.7891990498092586,0.7996738693230715,0.8028251519465712,0.8079426651151185,0.7649837262707376,0.5534910997916274,0.8407347839435676,0.849513616774323,0.9999434868279543,0.7903832977513445,0.8017311157299135,0.8079872568292126,0.8126016225970173,0.7707640650037471,0.5398006858017746,0.8493147758616058,0.7229445681336032,0.8578799281620996,0.71122532286362,0.7173028464188214,0.7166720374693578,0.7226235542988129,0.7137544756804817,0.28990144014224917,0.7263916108647066,0.6314234983669004,0.7338097121524774,0.6129801494718089,0.6267376680493624,0.6278661013408059,0.6333762043727186,0.627179003574821,0.2902762237493218,0.6414488006086632,0.1370589501325662,0.16324550278036595,0.1793017791125448,0.1799231646367794,0.17795276092236956,0.18155070050154556,0.18889245895174833,0.1832809813004343,0.2071622272716331,0.39816036736082994,0.4713991717307573,0.4081288490905379,0.40503773666361886,0.4104124436493267,0.41683215770777243,0.41201551652791224,0.13018560127761925,0.4150607868464604,-0.12178945730201995,-0.14215164227482144,-0.15698459638772772,-0.15886448690673646,-0.15237909013351544,-0.1544029119935935,-0.1445711467427387,-0.14518433963513777,-0.18640673928573803,0.28810383559681535,0.4259002428984493,0.3365999299431396,0.28644752293058073,0.31877896832518,0.31906923253867525,0.3197303903822667,0.08667591227589133,0.31469411506116335,-0.04897561131663279,-0.05917642856198036,-0.08372225425015951,-0.08753016703952027,-0.0835099838660497,-0.0934001903744172,-0.12013888422618627,-0.1135883677356043,-0.10324225194758004,0.3254552247430454,0.42643399071417026,0.31653863452138775,0.3195011565645452,0.3241756267404051,0.3277270272071567,0.2926065726673438,0.06457856881925077,0.2864343430968358,-0.11543015455584853,-0.13076773791250404,-0.11521494274792157,-0.10682137464322831,-0.11813202952532346,-0.11593102906805798,-0.08864281511731471,-0.08829566919192885,-0.14359685712399484
C3_std,-0.00488710281943484,-0.0008235763559139146,0.006080061612931776,-0.007311223308887225,-0.0008015413093131352,-0.0038195680117102957,-0.0029781062476641296,0.0021754590761782436,-0.0014676177027437205,0.90254902741411,0.7899465912879404,1.0,0.9789357430107535,0.983525169531803,0.9687473019487451,0.9620263765086668,0.6602323847172582,0.9700547231358082,0.7779871759098546,0.6407175380742854,0.8149801543559123,0.7917848099191466,0.7911136523619379,0.7931351927517083,0.7950874241258028,0.31790521856389176,0.7642808072068289,-0.8216227040644418,-0.7039809047495537,-0.9207818699058599,-0.8852844792400005,-0.9005348200165205,-0.8813100911560843,-0.8791263089110922,-0.6052386414964719,-0.889355297403804,0.8291066777920587,0.7500476945638842,0.9079772130696947,0.905661191835726,0.9017436731895321,0.8886200683656601,0.8825532802472275,0.6664511080960446,0.8947858391670618,0.8746880396747171,0.7683328223151001,0.964876502155028,0.9449884942844127,0.9496843610233935,0.9357658451251444,0.9307785010571483,0.6625863285044385,0.9370161124160941,0.9022510906966191,0.789383915813946,0.9999594305392671,0.9789488143681082,0.9834491363511397,0.9686243972868191,0.9619676087485596,0.6603569183224932,0.9698992130107511,0.7788045924086537,0.6409377514610011,0.8158429266343693,0.7925606147691437,0.791921088935859,0.7939408993577365,0.7959010595133628,0.3183721147297437,0.7651013945093231,0.6808735547033636,0.5590840997218631,0.7054990647953987,0.6898206965535283,0.6911631993752141,0.6940040143659535,0.6950651680808779,0.31787052842388147,0.6760412151658273,0.13154153283905765,0.14219100776847843,0.27763541724934987,0.27594286693241143,0.26051701881800643,0.26123153839159924,0.2718615580775066,0.2623633559657573,0.28115415780226855,0.3839608047387975,0.2937190927855892,0.44768211828935467,0.41027471146643685,0.416429596139506,0.41911725800202404,0.4311494543350265,0.13522538875214232,0.396290171344503,-0.111999456281626,-0.13515457815796378,-0.2089176746282813,-0.20952039848580153,-0.19715628557348097,-0.19932819625464748,-0.1804486822778108,-0.17618672180190556,-0.22683328142842363,0.2703173008836455,0.2578693828871764,0.3883163192224234,0.3056202774729587,0.3441062550623412,0.33751193521737094,0.36236942117215887,0.09891798727241218,0.31432228692885894,-0.061777601178680565,-0.06763058829941969,-0.16462527827711954,-0.16914491067677123,-0.15185334996836777,-0.16355447581336727,-0.19413595926061575,-0.18521160017396487,-0.17346623435355463,0.3182689809675565,0.2549973654351881,0.3784165048602984,0.3616968933987558,0.3741566174790267,0.369834102657457,0.35195242903328033,0.07338050324866445,0.2965046565197887,-0.09714910592614744,-0.0757803996920837,-0.1858163119270386,-0.1745652802657081,-0.16844885924783481,-0.15846242796666798,-0.14087479522166546,-0.137759983242673,-0.17475269511777922
C4_std,-0.0061214635187435,-0.0019505752600427674,-0.0012686062113092932,-0.007950969105859688,-0.003648706476477765,-0.0068662829105087305,-0.005373737637280203,-0.0008304342073103234,-0.004560977100924339,0.9126941008952316,0.8011776632368539,0.9789357430107535,1.0,0.9874842529768664,0.983182462395779,0.9708011299037799,0.6669763728481033,0.9774951076458918,0.795116695503306,0.654224621590812,0.8021147679640204,0.813413031178495,0.8064537119039519,0.8101432949578602,0.8112740758184659,0.32504680210883735,0.7773352981104352,-0.8383705644075523,-0.7177117842575869,-0.918066363726874,-0.9150004235317318,-0.911164064134353,-0.9019464324383011,-0.8942176428102024,-0.6147197685496296,-0.9046585560200272,0.8295681398394519,0.7532459278909932,0.8719198263142397,0.9163882379780461,0.8996477416161145,0.8934025165528175,0.8851257180466532,0.6695773310253612,0.8929420385549518,0.8833240109004953,0.7771996520914901,0.9424738272777118,0.9657508099132933,0.9536612383186466,0.9486595696024634,0.9395628777588808,0.6690879047538676,0.9434569367472434,0.9123562636945429,0.8005784334476874,0.9787790181923652,0.9999611786823679,0.9873855019093727,0.983020161817203,0.9707253955849746,0.6670662131165584,0.9772919456314328,0.795909563579978,0.6544243229140222,0.8027894017980567,0.8141607272099004,0.8072408358793401,0.8109263443647984,0.8120740741132602,0.3255097783787729,0.7781162034557884,0.6938876765662875,0.5690277602258716,0.688108518683099,0.706651241084702,0.7030006138923723,0.7072666650056785,0.7076179512753247,0.3243812993586551,0.6852799048732519,0.12293187505687277,0.13590136497379077,0.26619255805560793,0.2755012230566304,0.2500109380310348,0.25912713430949885,0.26643859512193413,0.2570968579655178,0.2737505004370081,0.4017473071940166,0.3051026545620606,0.4295058908050395,0.4301373181147756,0.43049328563500644,0.43525843878525355,0.4443886513099339,0.14022440270254075,0.40755831213386207,-0.10678605652333692,-0.1300508385103079,-0.2007381335327753,-0.21106984151447145,-0.18999482719544442,-0.19755266030965246,-0.17707475764368483,-0.17294096590974384,-0.22178665720685103,0.2877913667166183,0.267071417158248,0.3754648211802726,0.32549164617604565,0.3553198805774143,0.3524127478760882,0.3735930430732136,0.10162464183517522,0.32457167094819905,-0.05620514503658667,-0.06244367727208897,-0.15791978511976024,-0.16638076440746208,-0.1455014289791381,-0.16068565428884515,-0.1903703549438595,-0.18142134413410743,-0.1681303555225637,0.32682378744728724,0.2572289556531089,0.35892009682667037,0.37536745295410356,0.37765713075414803,0.3768323148855782,0.35809688375295334,0.07569689359731373,0.29999196594079364,-0.08994247119982512,-0.07426366508573022,-0.17673939263434746,-0.17508877742185944,-0.16029196247868194,-0.16082263898928173,-0.1372600214915351,-0.13448319695187416,-0.1699026140784121
T3_std,-0.005720210006518884,-0.00211728844782335,0.0004575277911236954,-0.008517118018181979,-0.0019497401385911957,-0.005018179466261656,-0.003849293838778374,0.00044725233973850364,-0.003441556512026795,0.9264603789675696,0.8075329393836338,0.983525169531803,0.9874842529768664,1.0,0.9802866726236351,0.9729183900178352,0.6681104552739184,0.980646532315991,0.802761516764698,0.660095697597058,0.8097347915163684,0.8146914833141191,0.8147309661565156,0.8159789433812276,0.8176176704944369,0.3274161327575542,0.7833330824758138,-0.8467063639369837,-0.7207688645407404,-0.9185909683745583,-0.8965913212423336,-0.918956776348215,-0.8945503329230953,-0.8903498042356391,-0.6127561545836812,-0.9029516110060163,0.8446101961287056,0.7610250915442954,0.8817572439382908,0.9130432899280189,0.9151463034620868,0.8976681176794007,0.8907950354536538,0.6736962677873376,0.9006485330271424,0.8959062308664609,0.7829568731441081,0.9484842042706776,0.9547268549833267,0.9662481212260858,0.9474033386235619,0.9409310391159001,0.670268609099253,0.9469511066377334,0.9261432024461684,0.8069608409006231,0.9834467684057129,0.9875483207306242,0.9999616947064974,0.9802015150053998,0.9728976359061803,0.6682541355932325,0.9805096279111142,0.8035735999292875,0.6602984234377437,0.8104395264604235,0.8154758647638007,0.8155468791970563,0.8167920165548542,0.8184401620630627,0.32788974356150913,0.7841388367834577,0.7016272680025697,0.5752846642314995,0.6957455489898318,0.7091196889639828,0.7113599395350576,0.713581868089098,0.7146539163467842,0.3273469484544235,0.6918021706234632,0.14567162962056096,0.15584510434282656,0.2773562909614586,0.2781799524413309,0.2697156876952988,0.2662531849468576,0.2791374203844146,0.2679865639319569,0.28953916083109166,0.4021405861787458,0.30599536241008485,0.43239935747243313,0.42713834412010193,0.4322072512663058,0.4344825616698822,0.4447584306083787,0.13974437065339884,0.40767782423520355,-0.11823071822525774,-0.13976896418680482,-0.20962367740498924,-0.21181338445409928,-0.20334311868606908,-0.20210306319993987,-0.18597799420255448,-0.18159104072396862,-0.2320598117544316,0.28718737593553983,0.2682985580122792,0.37390243522916805,0.31647166316640674,0.3529724875144177,0.34631036902990686,0.3666169576922892,0.09958264334503454,0.3206086119671211,-0.07066736074869352,-0.07688818389721845,-0.16355069137440043,-0.1699232797353919,-0.15712299124602042,-0.16738280822980214,-0.19791098963329573,-0.18674866728974085,-0.17793863937369528,0.32914935978307786,0.25982299661078045,0.35982931205223323,0.36578579106829834,0.37754325253757415,0.37187390593055036,0.3504342195772653,0.07413340606863622,0.2973854638201289,-0.11259065003787462,-0.09084565490754494,-0.18535663125138846,-0.17575641144642765,-0.17643880541356716,-0.16251331189566415,-0.1465006671656621,-0.14394159119770764,-0.184970842655286
T4_std,-0.012481060054490534,-0.007439029238334637,-0.008088479755614142,-0.01701487739257199,-0.010965457920247853,-0.010901753622147436,-0.011571181672700173,-0.0056720181734114155,-0.011554972894875103,0.9276575859563474,0.812201719889843,0.9687473019487451,0.983182462395779,0.9802866726236351,1.0,0.9587107404869665,0.6634437448429109,0.9761326317638317,0.801624736240623,0.6594916533346015,0.8044729631926735,0.811140551033742,0.8085562634953088,0.8270078319840449,0.8114424556894344,0.3269847600189935,0.781735742263479,-0.8504441549462372,-0.7258602411486526,-0.9080388595092554,-0.8965356265210999,-0.9039357004424948,-0.9166136426750824,-0.8804980246564565,-0.6098514870317917,-0.9018997522659365,0.8453276423086111,0.7654442437515179,0.8695634238541196,0.9087880312421025,0.8983167539378,0.9134912480526731,0.8794604800485658,0.6691418929155838,0.8966486731269712,0.8981772467447651,0.7879754642614082,0.936378919860128,0.9523289833237369,0.9493919555394423,0.9672154347740115,0.9296743418650073,0.6663697765656428,0.9441908416064896,0.9273936360999742,0.8116646857477495,0.9687332125339643,0.9832926933943861,0.9803159819572431,0.9999612932930256,0.9587528547088516,0.6636309399906163,0.9760547143725974,0.8024495019306747,0.659719141696055,0.8051927914073933,0.811939151752252,0.8093863969410092,0.8278832095788767,0.8122776569353432,0.32746875560879785,0.7825641869041411,0.7008224058078253,0.5750514489766695,0.6918377850756833,0.7067273570151023,0.7068006906690874,0.7227118619204967,0.7100719043491107,0.32687360082547284,0.690744869145761,0.13169595606183598,0.14808304497179775,0.2599842948238148,0.26638215293574696,0.24641025311145023,0.26051480377906466,0.2609585052124626,0.25390377711765794,0.2728148825994843,0.4025852760769536,0.3065313154207599,0.4288218958745178,0.4260304648942918,0.4286595846341412,0.4425602373513398,0.44100059809315545,0.14050073810440683,0.4076815688646249,-0.11295131521648594,-0.1333058119385177,-0.20026854831335425,-0.2070218152145338,-0.1897367316297633,-0.2016844762911527,-0.17783035754991805,-0.17542357448203572,-0.22344671081536968,0.2876236484741172,0.26880029749812534,0.36868455419810164,0.3156076701326192,0.34800633388091595,0.3504837176582012,0.36369860348620286,0.10008992181187827,0.319902324335293,-0.06178208118157787,-0.07052872153410646,-0.15144386759745426,-0.15837743875134608,-0.14228575394120327,-0.1589312414909616,-0.18327476341992918,-0.17554908529096855,-0.16491880543116522,0.3290149256869261,0.2604369350786378,0.3563149312607475,0.36568207787978846,0.3726315027876214,0.3787384195321357,0.35139379263945447,0.07634496654078271,0.2987393417974531,-0.09620736447696039,-0.08914475183242476,-0.1678358628862259,-0.16711264263103973,-0.15460341600158362,-0.1600677106077795,-0.13182517940604307,-0.13208126587546276,-0.17014512729810144
O1_std,-0.0014104806616187932,0.0012546926651222866,0.003614084788023103,-0.004085963960099781,0.001174934531863556,-0.0012732085588400954,0.00117251401927438,0.007668051772914741,0.0016230883165868695,0.8775747348691593,0.7702382752935657,0.9620263765086668,0.9708011299037799,0.9729183900178352,0.9587107404869665,1.0,0.6834581272798979,0.9655626107071696,0.766502032473061,0.6311637018206218,0.777323910801133,0.7830204848633053,0.7813905951857576,0.7825317674306809,0.7964095863988743,0.3325379248899933,0.7585094453097894,-0.8024028245424941,-0.6871658910955152,-0.9014151517792797,-0.8834198112792108,-0.8961378207008156,-0.877649259309415,-0.9191193060206446,-0.6289287213179255,-0.8908075150947828,0.7990033478811771,0.7252458739832279,0.8564099204452024,0.8910011910400262,0.8857987963665107,0.8715582253301443,0.9082473277504491,0.6776931934839266,0.8804532150800656,0.8482381084573715,0.7462943290465861,0.9255582400682767,0.9358950455099989,0.9384947225271498,0.9243547942215815,0.9648540216236826,0.6806505669245073,0.9296761571188719,0.8772460319878298,0.7696562658515033,0.9618327035312244,0.970749818384007,0.9727823810089875,0.9585138611920704,0.9999572225647378,0.6835632518362764,0.9653488855790271,0.7672649621707867,0.6313358102731084,0.7779582209884189,0.7837397906471673,0.7821415074182712,0.7832752395480201,0.7972360721892674,0.33304020230061354,0.7592767171834861,0.6690260133427772,0.5492322718316437,0.6659857777613212,0.6796534725867361,0.6805428039673481,0.6827125736400326,0.6937560631973976,0.33346967213503187,0.6687125170730442,0.1495710768786739,0.1703092692776375,0.29704359914883155,0.30010421899277595,0.2815564204944678,0.28379109456666174,0.31036278331720946,0.2999483051087706,0.3125594221518857,0.3809256683197088,0.28978027009951324,0.41667615254672047,0.4110830070225421,0.4148116245884841,0.41718300149910187,0.4350393399072057,0.14810801466101708,0.397128210796067,-0.09481494985916814,-0.12015330091725905,-0.18384248509947496,-0.19009256277825995,-0.1729240914908071,-0.17840504076485553,-0.17507429949672856,-0.1692230392218285,-0.20564398679888107,0.2692308977297372,0.25195021661290135,0.3625410929635284,0.3061168990734614,0.3397462243830489,0.3346346098473654,0.3643205433377072,0.10349673958141034,0.31223354911133117,-0.11183429598768835,-0.1239326290017109,-0.21294408943199705,-0.2170106794640717,-0.20050476203499615,-0.20926502887242537,-0.23481099538029337,-0.22582060168593393,-0.22804124050414454,0.31281677536240143,0.2473863544020325,0.3492682882770734,0.35646307680023936,0.365653963255326,0.36203053197554574,0.36160410704361506,0.07710524826124694,0.2931672719119576,-0.09840784529019608,-0.08911602103494505,-0.21715236270927915,-0.21549682545674587,-0.19617646359770502,-0.1939894538759088,-0.2020056670004097,-0.19591973320943215,-0.21456064109056533
O2_std,-0.005633711953625808,-0.002951727352138373,-0.0010691716602731914,-0.005455885455121005,-0.0024956576860419052,-0.0033477300888963475,-0.006166543758792606,-0.009875214148594793,-0.005579617466406915,0.6052130501807896,0.5393576264865579,0.6602323847172582,0.6669763728481033,0.6681104552739184,0.6634437448429109,0.6834581272798979,1.0,0.7700750135009039,0.5074370368905188,0.41964611286532555,0.5159147275247392,0.5188868130409394,0.518251819477908,0.5194668944494133,0.5286180534419119,0.8390131350137096,0.7059918663386332,-0.5567026042065524,-0.4862737766582075,-0.6227793443550662,-0.6099028895210838,-0.6195648351400751,-0.610070593772797,-0.6314185742119716,-0.9278554299370829,-0.7149979696773318,0.5542203651953206,0.5095737025057061,0.5892867031525792,0.6161850123354397,0.6102926420177787,0.6047856296708283,0.615984634486689,0.9364012801319851,0.6916138990151709,0.5884336880883049,0.5261635888085214,0.6380540377524919,0.646714933195712,0.6476433316074088,0.6419450851304644,0.6582820019740976,0.9705466540490508,0.7377301079996913,0.6050299338115548,0.5389771951314147,0.6601955761956032,0.6670494848517107,0.6681232713621671,0.663388941016753,0.683655995825602,0.999953662894288,0.7699520737349724,0.5079489885406762,0.41977075523678303,0.516352080046245,0.5193814800899068,0.5187673426785443,0.5199770041877851,0.5292066452653966,0.839537304456805,0.7064676966129313,0.443894487809133,0.36701618674594255,0.4429955545005607,0.4514924499546919,0.45239579061839374,0.45420136143462475,0.4617299343421882,0.7448458269910083,0.5948944427422491,0.12469694471585352,0.14140752081807037,0.22996298367032653,0.23487895266423126,0.2187741256479335,0.22573570819127067,0.239905329745574,0.24946447377219136,0.24866605742966702,0.2516010737089234,0.19129820944844425,0.2768182308447213,0.2718615575750914,0.27481645278236894,0.276270786643533,0.2868457714203337,0.6049022355634008,0.4718704157864729,-0.08899244414855118,-0.10955645135333704,-0.15083739566161403,-0.15685693060294922,-0.14200667746295395,-0.1505639154222165,-0.13990501012725545,-0.15411682130034832,-0.17440864011057716,0.17680512597783085,0.1660068849339586,0.24114820704549042,0.20149752909773963,0.224820888953399,0.22065397851109353,0.23837288534985757,0.49648240680822253,0.40079660104867293,-0.08423365875395476,-0.09380088919642478,-0.15964071923837655,-0.16494381555757062,-0.15124539631585096,-0.16158444760674107,-0.18188410716092238,-0.1792546028573947,-0.17498103085663008,0.20941049298136774,0.16589635632618466,0.235470930315292,0.23952591771908377,0.24641312963140646,0.24275951090586648,0.23251171552546795,0.5160340133934255,0.4859947015844084,-0.0805821735129732,-0.0730252029297711,-0.1573608339801328,-0.15782274680938788,-0.1444528657639056,-0.14454104144587013,-0.14427084637888168,-0.15513529089185313,-0.16197190880425547
avg_std,-0.00808029648606273,-0.0033971417202896437,-0.0024568166165151303,-0.011523175822305437,-0.005704110694636735,-0.0076537388779874295,-0.007440365693557186,-0.0033143055740756672,-0.006794039771808733,0.9335459732084002,0.8488904296528698,0.9700547231358082,0.9774951076458918,0.980646532315991,0.9761326317638317,0.9655626107071696,0.7700750135009039,1.0,0.8031115268003116,0.6944487800760072,0.8091983072382016,0.812029071867481,0.8103923072213273,0.8156371624045701,0.8153613855470103,0.45336672715164783,0.8277469479914098,-0.8555206099473641,-0.761577785209651,-0.9080623793983365,-0.8914476298209646,-0.9037974301219188,-0.8938267070060039,-0.8848320307920363,-0.7086204965031402,-0.9240568177304587,0.8539723262086591,0.7981021946164111,0.8774388152340582,0.9092480510779782,0.9032231522373227,0.8984650026304398,0.8889344580468008,0.7653105943990739,0.92007038223539,0.9055512599444908,0.8240690095630969,0.941004167992043,0.9500532957730757,0.9521102245795303,0.9474940095219428,0.9371930524299924,0.7678221456117172,0.9681695714157711,0.9333167105852485,0.8483858665494015,0.9700872899741091,0.9776533007507656,0.9807123002761913,0.9761351362971574,0.9657004000285329,0.7702615133290491,0.9999623056967807,0.8039582240250642,0.6947613715202293,0.8099592312042291,0.8128476253658095,0.8112402446408647,0.8164852686655045,0.8162437240170961,0.4539083942743215,0.8286036624699362,0.7020124133746911,0.6037731223449565,0.696403135663621,0.7073796745390032,0.7081943958373068,0.7135488798692642,0.7134027292757597,0.4351454681484498,0.7257593251921095,0.14885451565112334,0.16268125144910245,0.2670247722353643,0.2702749507771684,0.25593355400063444,0.260636151658993,0.27198884688279035,0.26621175111117007,0.2840666386325566,0.40671546907380646,0.3308897048727225,0.4372058919091372,0.42935081947193443,0.43348237280889257,0.4388454609813288,0.4457546833577917,0.24386087466621903,0.4566548727676321,-0.12042514606858722,-0.1402619477480065,-0.19941975806394382,-0.20408234713765527,-0.1903200215864008,-0.19534309406529107,-0.1807547841366268,-0.18023099860123715,-0.22512323593001593,0.2900068852393326,0.2910378929199116,0.373912887533957,0.31574472911011836,0.35030094197415257,0.3471866680368274,0.36459304801513376,0.18530006422586695,0.36238076276516135,-0.07610062652806798,-0.08293468672971109,-0.1601858119408928,-0.16616263638149534,-0.15209260286340884,-0.16452520487818625,-0.19233388331464407,-0.18484727238463353,-0.17603754263215401,0.3331215231658389,0.28471553637317365,0.35982325272983506,0.3648555322761691,0.3731358539628714,0.37204002012612103,0.349895779960856,0.16725406275824523,0.3584792760170133,-0.11020285709304861,-0.09895307427400116,-0.17827543395016224,-0.17298554656179665,-0.16698328349962027,-0.16343060546770333,-0.14511259419092795,-0.1453801839635627,-0.1836735183022303
Fp1_variance,-0.005172547231966565,0.00010851922525865267,-0.0052529728176941215,-0.01844146009331026,-0.008715239424781003,-0.009560815121358006,-0.014208490951524752,-0.0037684311325560343,-0.008915322985182245,0.8564812441833726,0.7220310829751106,0.7779871759098546,0.795116695503306,0.802761516764698,0.801624736240623,0.766502032473061,0.5074370368905188,0.8031115268003116,1.0,0.8076146603887088,0.9768515495392011,0.9920680374386514,0.9942586792295578,0.9898567734751678,0.9889736535214607,0.36876139750350806,0.9450191889538835,-0.7370743328681103,-0.597414562133006,-0.6775098237530782,-0.6679718692802058,-0.681589789020141,-0.6843373614607565,-0.634833604087162,-0.4253823417666293,-0.685580496546448,0.7164713546667303,0.6286513451146605,0.6720474557793135,0.7125922796132432,0.7064974644505744,0.7030417537483318,0.6867214966751198,0.49872865039685194,0.7053604573229845,0.7694019580015783,0.6478194006834701,0.7122743227386145,0.729309859891893,0.7324109572906262,0.7339535710981735,0.7003937334425473,0.4817666302022077,0.7310786258922976,0.8552806128110035,0.7206617210034377,0.7773721691461147,0.7946153903219387,0.8021577200058345,0.8009437398361777,0.7659443930978844,0.5071582364006036,0.8023482101364106,0.9999668333594628,0.8067936304442294,0.976668985060333,0.992047645480585,0.9942518348528623,0.9897673100193906,0.9889573723055676,0.3689275378589574,0.9449910809913795,0.9105207413804258,0.7349146021559876,0.8770920659009164,0.902832753207807,0.9072808231800963,0.9042471404605354,0.9043508765663071,0.38930135039534364,0.8731447274160539,0.0570701939500788,0.058873303886835086,0.06546310346490578,0.06522587221458707,0.06624552294902157,0.06576819402328456,0.06642528193025041,0.06563880442481516,0.07597635159889528,0.4184821382681913,0.2983034654412908,0.4198652704646617,0.424490563813758,0.42878912612511416,0.43241720555044677,0.4312762459859166,0.1169905073606131,0.39508665978661306,-0.04617517062483101,-0.04675811925441749,-0.0544701231657216,-0.054561170477543774,-0.05400043915020462,-0.05395992300311297,-0.05228144700112769,-0.05189487577095338,-0.06559941832335664,0.28120378473127594,0.241874708852092,0.30439749267328603,0.275485103844726,0.2981657919032121,0.30392049239740415,0.296156918671145,0.06766485211155608,0.27006120478820045,-0.03012273209521718,-0.03054321376216693,-0.034824017848723875,-0.03551730880265115,-0.035736530176193396,-0.03735213123685611,-0.04058282848983649,-0.04061156715647307,-0.04201592262024754,0.300477677493519,0.22002588929085934,0.28085161854533247,0.2944920087618994,0.29714716654885065,0.3040333811894248,0.26635298760827814,0.04674547539415334,0.23320047923021683,-0.04093286542838447,-0.040638215934912056,-0.039267585258645495,-0.03798503756656273,-0.0400780954027521,-0.03918933764463789,-0.031860299942290025,-0.03207752185874848,-0.049079406831749925
Fp2_variance,-0.00920786595351888,0.010748077270397465,-0.010731882731678615,-0.021581052372236603,-0.014194407445138859,-0.01244004407381948,-0.016783284405763158,-0.00530160425766826,-0.01082936077188585,0.7011493060635873,0.8568865862645019,0.6407175380742854,0.654224621590812,0.660095697597058,0.6594916533346015,0.6311637018206218,0.41964611286532555,0.6944487800760072,0.8076146603887088,1.0,0.7934292915964617,0.8042615189799321,0.8062299927398225,0.8016773497377753,0.802344948951744,0.3000396225885998,0.8096178362068434,-0.6108929010404583,-0.7544552915015138,-0.5654715052101461,-0.5554958500915625,-0.5676615721212012,-0.5702045426740316,-0.5258911920066017,-0.356678804142196,-0.6068126683757905,0.6109708065858864,0.7528334995068297,0.5783178573507816,0.6088373617135051,0.6043897100928515,0.601937518132437,0.589292395258051,0.4281775167533259,0.6310642885522905,0.6472796425144008,0.7961249122874506,0.6046849089732488,0.6155480025078637,0.6190623345917702,0.6206327816487143,0.591878263772267,0.4092578803819452,0.6508710807265596,0.7004090269301968,0.8557883800391514,0.6404042527063268,0.65401939688283,0.6598094921244873,0.659119445938247,0.630929298771503,0.41949099455338673,0.6940376944577801,0.8079468630778246,0.99993312421431,0.7936275496666924,0.80461567855709,0.806593419650283,0.8019404418467575,0.8027126686786964,0.30029921157563444,0.810041307645155,0.737877913489435,0.8820730012278635,0.7137859176529966,0.734675935584319,0.7376728168643515,0.7344658660426873,0.7357494038638599,0.3173970047329934,0.7465847616824178,0.05878858319160764,0.06264322473124316,0.06881566921388567,0.06893748277367064,0.06901590336819254,0.06915457341749684,0.06993830193565534,0.06991208572711978,0.07993245354086069,0.37762799912652106,0.5169945284255453,0.3874449789241627,0.3843625145721716,0.39149898597126265,0.3932261531511986,0.3942799167927919,0.10680060702357108,0.3981094375755095,-0.04668228691460023,-0.048547272639511155,-0.05565563989533226,-0.05625861170185758,-0.05430697212441044,-0.055187181920408,-0.052358988232154034,-0.05340857233314307,-0.06690491497653828,0.25252017978369323,0.4682870505842208,0.2919047257293177,0.2470770220674996,0.2757079298837662,0.2780372757903302,0.27595984799163037,0.06295129889744294,0.28005834469918445,-0.03186923361929151,-0.033302042257618486,-0.03793579681299129,-0.038697960789156355,-0.03864970474798794,-0.04047220424126978,-0.044346457552344065,-0.0441408484192762,-0.04559081360622628,0.27973603781751305,0.4794176316394967,0.26697058540617086,0.2689145200916407,0.2737715738669761,0.27976472194972396,0.244878818674668,0.04252506874332963,0.24951077425110701,-0.042239490475578255,-0.04379969622690783,-0.042426394645584634,-0.04127959736846887,-0.04322060793669109,-0.042279381585013646,-0.03595108225695706,-0.036179932931084194,-0.05304190048128319
C3_variance,0.008136531777693485,0.014784969860840257,0.016590825513797418,-0.0027458300715657437,0.0071199403371990065,0.0052302235582969555,0.0005208366836259748,0.008384781197950648,0.008318650109250229,0.8354970426760528,0.7103718766234488,0.8149801543559123,0.8021147679640204,0.8097347915163684,0.8044729631926735,0.777323910801133,0.5159147275247392,0.8091983072382016,0.9768515495392011,0.7934292915964617,1.0,0.9794838933961851,0.9830614124336448,0.9759597003209005,0.9807485793334291,0.36638403951850135,0.9369821136348314,-0.701767592034012,-0.5765780661476781,-0.6880634200881387,-0.6597718597008123,-0.675427165388908,-0.6731112874984053,-0.6348276294825432,-0.4278338110840828,-0.6768119508343603,0.7124039974274936,0.6304852055329232,0.7247026485051126,0.7267384576169843,0.7202498893376478,0.7141306399929408,0.7030883804399055,0.511216797101117,0.7215773220367578,0.7494655371053524,0.6379437563289836,0.7480866187985373,0.7331086733891554,0.7372229415259355,0.734643461991025,0.709751623027305,0.48964054519750994,0.7359024446710329,0.8343254974249121,0.7090483094819677,0.8143717554320565,0.8015692081345679,0.8090868415659141,0.8037603584804095,0.7767125951855953,0.5156267614421776,0.8084158406929549,0.9768484579226756,0.7926684891758689,0.9999611092792938,0.9794802489750806,0.9830648711810936,0.9758885518170226,0.9807291207641268,0.36655316305865465,0.9369872528023766,0.8875852069105558,0.7195303655419866,0.8993718152943485,0.8878260331957566,0.892513607071791,0.8878214521932225,0.8912907838292738,0.38434924289854827,0.8625153324011663,0.054513528169487055,0.057363002469804567,0.07860682187258566,0.07841912905892853,0.07737620121409808,0.07702215245860174,0.07820663828715,0.0770846451376193,0.08619612981905249,0.3832217166594398,0.2768916278297573,0.4410892256678934,0.39417116545711656,0.4053110654554879,0.40695069523120425,0.41252874581742477,0.11343160692637351,0.37703768391923964,-0.047374228807719694,-0.05106489628898077,-0.06475936561233227,-0.06500089248609316,-0.06354948599481036,-0.06370454536326177,-0.06038038806487583,-0.06000720422201833,-0.07561944953081223,0.24220711344691614,0.22156804163437382,0.32514472385556453,0.24479376339303904,0.2793947883668338,0.28152994298586975,0.28445393213413267,0.06768082590553218,0.25441481033859703,-0.02725244298600117,-0.028121616864764425,-0.04292758480408401,-0.04386793629215712,-0.04217481129219786,-0.044303845746458785,-0.049237857173528125,-0.04869964350343289,-0.04842257852079434,0.2805197177204834,0.2149102227823599,0.31286620967688267,0.28592742699855345,0.29773168947433387,0.3013091235088488,0.2716994257268108,0.04826149079199202,0.23458754948168162,-0.03662688173613247,-0.03421672535370524,-0.046151703098400096,-0.04448266452039266,-0.04471725854539951,-0.04354472441154069,-0.036697368409918295,-0.036995265896666525,-0.05130064295776691
C4_variance,0.006373025018637353,0.011392391984628486,0.006782941780312761,-0.0031071581605283034,0.0048638713701804085,0.0025672656293805095,-0.0007971031764884549,0.005238443394183733,0.004799112566522302,0.8423739561154826,0.716378775965276,0.7917848099191466,0.813413031178495,0.8146914833141191,0.811140551033742,0.7830204848633053,0.5188868130409394,0.812029071867481,0.9920680374386514,0.8042615189799321,0.9794838933961851,1.0,0.997024366554129,0.989875856057911,0.9950792305613494,0.3711685537649022,0.9468518777417256,-0.7179848169063484,-0.5871698693931318,-0.687184191797588,-0.6801974229546094,-0.688846648655402,-0.6886448782464977,-0.6481775506220687,-0.43436416743159456,-0.6895265137420215,0.7038523941758831,0.623914387721806,0.6781705084167041,0.7219498220664331,0.7127035276225698,0.7069634485993784,0.6967058427141233,0.5065661086335754,0.7092629664452171,0.7527954625342712,0.639945433406235,0.7204100880025811,0.7406057071498467,0.7394617898733242,0.7382900300163809,0.712570469689239,0.49051108873797533,0.7351981442463857,0.8411457397478329,0.7149980777395379,0.7910758120802435,0.812806196049377,0.8140009023073655,0.8103759093565654,0.7823672684674134,0.5185400287663317,0.8111830004100516,0.9920364439539431,0.8034630515990686,0.9792834437309105,0.9999641248724456,0.9970033512520827,0.9897751914575347,0.9950374323544833,0.3713262587842155,0.9468124948184335,0.8973180258375515,0.725553188900966,0.8717891755517473,0.9024399823926537,0.9016211678788058,0.8970782425235376,0.9007886141053932,0.38800184477498073,0.8672648455589145,0.05246399552298674,0.05557774490080327,0.07590348249545215,0.07635333121855947,0.07477167818283649,0.07509237760721779,0.07582653728358116,0.0746657785575198,0.08352585456456864,0.40831096412680074,0.291464560371291,0.41790779598367456,0.4191031489473173,0.4247117743661252,0.42779533438912976,0.4299892920692594,0.11767587169933207,0.3910465512265509,-0.04567939078018342,-0.04931908658511484,-0.06253754354210475,-0.06335947212002647,-0.06133677113621873,-0.061975960370136744,-0.05854538998181464,-0.058062920218453266,-0.07324286689227574,0.2691547852043698,0.23334894052206387,0.3082478711926797,0.27231699741676846,0.29666466497914534,0.3020341059439855,0.29885908632895886,0.06944072571180597,0.26809548909135167,-0.026313572045605794,-0.02720145939165484,-0.04149991849556913,-0.04254755291390427,-0.0408434606524499,-0.04310925938545376,-0.0477721314960795,-0.04731680872235998,-0.046948868602999176,0.2919309168928429,0.21497147802096586,0.28360337287853055,0.29638173352590697,0.2994092462851226,0.3053050382040998,0.2723079691865699,0.048165733272900545,0.23412290825828833,-0.03500998780607073,-0.033431990305453935,-0.04442592015255181,-0.04351617318242456,-0.04318985965297791,-0.04293603950602153,-0.03549300485836182,-0.03555129101520196,-0.04972461922448207
T3_variance,0.010014691546965394,0.01514558645562147,0.010287935851415932,-0.0010669295000607442,0.00842995883069893,0.006496638929348516,0.002264549781359657,0.008017884333803363,0.008489071251917061,0.8431631524227993,0.7157358227406376,0.7911136523619379,0.8064537119039519,0.8147309661565156,0.8085562634953088,0.7813905951857576,0.518251819477908,0.8103923072213273,0.9942586792295578,0.8062299927398225,0.9830614124336448,0.997024366554129,1.0,0.9919798761303195,0.9973579884715527,0.3722914371275066,0.9486925525185129,-0.7143610822617413,-0.5842036272307568,-0.6832515098359832,-0.6690334380346409,-0.6849528085615587,-0.6821269004970759,-0.6422986608025533,-0.43172012376990665,-0.6841218824059204,0.7097984929487738,0.627656611690185,0.6833197450626632,0.7241727351636212,0.7182916412736383,0.7106820383366014,0.7008938138472381,0.5097023397049534,0.713726936023716,0.7543081227837765,0.6404030540771862,0.7215781291920926,0.7362883756648512,0.7407415335610044,0.7371601205799482,0.712116862548436,0.490823107150428,0.7350647743754574,0.8419442673944015,0.7143690491373672,0.7904270740901066,0.8058842536300551,0.814061610694784,0.8078175597504642,0.7807569254459122,0.5179220573957091,0.8095691991533294,0.9942084104738971,0.8054146660109262,0.9828402570374272,0.9969770167088434,0.9999650061931052,0.9918678438228493,0.9973008326946714,0.3724443808639592,0.9486385585198722,0.9012723279419664,0.7293524060937787,0.8762930972783624,0.9012491827004869,0.9060827937604798,0.9005931557469972,0.9047644854418917,0.38992319814762677,0.870665322016355,0.055138534754589526,0.058336880560397465,0.07590293102301149,0.07590740994614655,0.07554975210517216,0.07496929706753218,0.07635983189480683,0.07505653682997906,0.0844814724179962,0.40047746660327616,0.28727750011240905,0.4159144313504037,0.41201960258878095,0.4192224093245665,0.420427377394171,0.42484705033526304,0.11617511433516986,0.3856595190828939,-0.04655770441019505,-0.049669898748362896,-0.062178012669722164,-0.06247390886126668,-0.061291247155919396,-0.061258023343676686,-0.05837555228864625,-0.05786787566522658,-0.07301749742052438,0.26028254462235484,0.23006308425031033,0.3053010040039275,0.2616111590366679,0.2898231490313869,0.29237398289688366,0.29184087643469797,0.06814847270233175,0.2614987902716473,-0.028432468402510718,-0.029708072764345127,-0.041644396925308184,-0.042644002042359457,-0.041561705595376114,-0.04348277087717561,-0.04817163880590532,-0.0475789680566589,-0.04784703191887531,0.28706965028926695,0.21502647572486633,0.285007372741703,0.29012683591718075,0.2973269918899438,0.3005841295814167,0.2688764047348214,0.047869853223383926,0.23196860712242034,-0.037750011376125436,-0.03640111485534247,-0.045070425402388904,-0.04387410257686577,-0.04460721195541355,-0.043357410044024554,-0.03697479813769666,-0.03694436610400919,-0.05178809829104026
T4_variance,-0.0010276673845836044,0.005321637453801212,-0.0015626045853474049,-0.013677915180202867,-0.004084258052042853,-0.002080502930691192,-0.00888824597193555,-0.0005085615835113067,-0.0035502783010597787,0.8502450690216286,0.7217055140451574,0.7931351927517083,0.8101432949578602,0.8159789433812276,0.8270078319840449,0.7825317674306809,0.5194668944494133,0.8156371624045701,0.9898567734751678,0.8016773497377753,0.9759597003209005,0.989875856057911,0.9919798761303195,1.0,0.9882145882299417,0.3693121959294327,0.9437544929092833,-0.7225559670997036,-0.5902535280035548,-0.6867830489617249,-0.6745721960402454,-0.6884325569168247,-0.6981617340283786,-0.6457374036159734,-0.4336741164943469,-0.6904663226434895,0.7164869001041716,0.6334130600795463,0.6849782312246018,0.7271843154888514,0.7191647435972169,0.7276351399705421,0.70174412344842,0.5109014470216546,0.7184485163598596,0.7621480309823953,0.6466369731642531,0.7242101401776007,0.7407220365925445,0.7429286921450575,0.7546276300574402,0.7142695645678535,0.4924572081978309,0.7408160343350326,0.8490410479921996,0.720348107083146,0.7924766251142044,0.8096033791139458,0.8153379880422166,0.8262930307150452,0.7819253548447207,0.5191553099895443,0.8148389018943659,0.9898095419267658,0.8008728240946462,0.9757532328976395,0.9898415379468258,0.9919542731364032,0.999966819925977,0.9881663364520504,0.36946781433185805,0.9437183249082225,0.8992388414444227,0.7271484285727777,0.8725021131813537,0.8976877891779907,0.9015205873750747,0.9087338197037396,0.8994063577701756,0.3879021240735153,0.868413918904551,0.05519381135545068,0.059299351413725984,0.07567737468261469,0.07619796071136835,0.07500895144623233,0.07598895753853713,0.07603920791248514,0.07522158940868738,0.08468423188326157,0.40239487161990906,0.28827821842554086,0.41481093997089036,0.4122782259156607,0.4185069299461944,0.4279160039363882,0.42356931120442537,0.11622223158502891,0.38661788985315215,-0.046991059004126826,-0.050209290901588065,-0.062292871328274026,-0.06286984787545936,-0.06113339099822333,-0.06214526639959631,-0.058707391369378616,-0.05840307983588528,-0.07349569435624045,0.26483156097436455,0.23311808741851456,0.3070078007441141,0.26490299014707797,0.29205525524553705,0.29994287077438436,0.2939351716339757,0.06865063955304332,0.26471739755165263,-0.02852208852015895,-0.03028213227263384,-0.041460541914190956,-0.042699710139458114,-0.04129225173462849,-0.04393854768950517,-0.04776148474238726,-0.047518689713764654,-0.047860356215059956,0.2924188085826959,0.21842457789363834,0.2874007040530859,0.29386406442411617,0.2999078422017059,0.30964440018304823,0.27202771588425106,0.048487945707801565,0.23541219637248237,-0.0371609875028352,-0.037274460017604004,-0.044244078173110137,-0.04386228477320288,-0.04355939168163389,-0.04410621114601738,-0.03595703253704436,-0.03649853483502659,-0.05148344732736939
O1_variance,0.01877956349304448,0.02281861495995881,0.01888071949530477,0.007951745164081082,0.017200406196198777,0.014858511039083599,0.011380752616258276,0.01549340241084199,0.018021645299913513,0.8384504956891691,0.7127867798106649,0.7950874241258028,0.8112740758184659,0.8176176704944369,0.8114424556894344,0.7964095863988743,0.5286180534419119,0.8153613855470103,0.9889736535214607,0.802344948951744,0.9807485793334291,0.9950792305613494,0.9973579884715527,0.9882145882299417,1.0,0.37849927488644447,0.9486437485380735,-0.7084949277256599,-0.5805541990613847,-0.6866837087127802,-0.6725001675169894,-0.6869716473950411,-0.6846153308964474,-0.6554459325484115,-0.44093055920346685,-0.6878576005208199,0.7072439468970222,0.626641310556681,0.6859234181545236,0.7278244074890665,0.7207975256284421,0.712443217681583,0.7132483428301802,0.5170254615292099,0.7175982804486867,0.7499450138545654,0.6379579366647111,0.7247172214725207,0.7400474702022253,0.7431455258288613,0.7393814517621079,0.7255538808381932,0.4994116545425439,0.7390640497999301,0.8372379597873212,0.7114174729822563,0.7943667141082429,0.8106711855787108,0.816918972502805,0.8106719646262531,0.7957728837602766,0.5282826555573896,0.8145183593196756,0.9889340926334069,0.8015375473589741,0.9805208494750798,0.995029596665614,0.9973188062072093,0.9880983865545478,0.999960907693257,0.37867402998160143,0.9485974426591172,0.8924177715304757,0.7221671237187068,0.8694302639542844,0.8945767622206475,0.8988399181757111,0.8927268339837018,0.9018743008601896,0.394983171016751,0.8662238298477292,0.05472221395867573,0.058885054365307214,0.08132029769993925,0.08164980020961161,0.08023475181779254,0.0800847710898175,0.08402305096570349,0.08216464147479562,0.08990150690689008,0.3931689342045663,0.2823719530565486,0.4128432960447072,0.40702827717946927,0.41435801688460866,0.4152081698979304,0.4227474486985122,0.12042872392754157,0.3833980336274511,-0.04572276130497569,-0.050053457830488764,-0.06481182491210549,-0.06549497524097864,-0.06345239605941749,-0.06372515415795507,-0.06302946300632124,-0.06176142080566834,-0.07606281184748341,0.2527291997928046,0.2248548603510245,0.30379491797953523,0.2566472387469247,0.28567723196919764,0.2878497607433383,0.2905704783040615,0.07064392807726234,0.2590160931335289,-0.029185861700080074,-0.031201133952252144,-0.04637332844939338,-0.04746823620310054,-0.045778302405909965,-0.0479177973068652,-0.05392285669598328,-0.053090787734644276,-0.052643626788254426,0.2825197666402021,0.21224223895806393,0.284651794682033,0.28835570694111934,0.29573986264131513,0.2989493738591438,0.27403956152200715,0.05025006804005807,0.2327138048954529,-0.036800310511400175,-0.035171550874861755,-0.04890994906373381,-0.04808909035653586,-0.047608207085833104,-0.047193409491970005,-0.04128680129475617,-0.041397709019925275,-0.05469369173030769
O2_variance,0.001720701947988324,0.0048566894835863446,0.004608395779299858,0.001547391483187065,0.004032806864431003,0.004013951374680841,-0.007427667541433302,-0.012080514135032475,-0.0006777375831008214,0.33582634427595176,0.2893965124594176,0.31790521856389176,0.32504680210883735,0.3274161327575542,0.3269847600189935,0.3325379248899933,0.8390131350137096,0.45336672715164783,0.36876139750350806,0.3000396225885998,0.36638403951850135,0.3711685537649022,0.3722914371275066,0.3693121959294327,0.37849927488644447,1.0,0.6364122505056665,-0.28919050627449217,-0.2411718985189932,-0.27999116900433324,-0.274004331409688,-0.280703068187307,-0.28051616729354945,-0.27912922106140026,-0.7392205568007771,-0.39361561421761754,0.2887621990851083,0.26077898470391536,0.2775203399610721,0.29667079608297997,0.29270057947337774,0.29145551468146647,0.29367419070797346,0.742487584162448,0.38834150845827997,0.3061554636845276,0.2652655377767032,0.2942330790023868,0.3015955634653975,0.30262067962690253,0.30269568722743195,0.3032256320677374,0.7713548370266186,0.4103977401496409,0.3353902002187317,0.2888326108763723,0.3176836568103587,0.32488735757785075,0.3272178065155046,0.3267344482212935,0.33256679178500986,0.8381043848238021,0.45290459273670247,0.3687424757631261,0.29973151949390314,0.36630107345103247,0.3711554250566856,0.3722820681835417,0.3692707712591638,0.3785694430800313,0.9999721325562179,0.6362209149007412,0.33421700556233436,0.2713676238103446,0.32624875228561584,0.3352736313323527,0.3370666434265621,0.3350639430154004,0.34309818175100953,0.8898251376531162,0.5383120779709906,0.0412044252235216,0.043242437727588894,0.05707813777718018,0.05865570882294249,0.05724439339705106,0.05812703068700887,0.061630424616189096,0.06046389696580926,0.06524958166652696,0.1458377557634224,0.10456508868255933,0.15438289916427142,0.15095756189626064,0.15419912243258402,0.15450701810923959,0.15680686664301446,0.7192303312124618,0.42078334228258063,-0.03664311842815474,-0.04007096297477461,-0.04818167775243377,-0.0490217572151761,-0.04770310270162866,-0.047633578787978734,-0.049851636214830304,-0.04455633295093278,-0.057776860975059824,0.09286776066036122,0.08311109594993617,0.11407520619247746,0.09432624745215033,0.10602745317700499,0.10639174099102386,0.10688826889757884,0.5683915040604935,0.3426632693210174,-0.022612713876369782,-0.0240014390107693,-0.03304235049053779,-0.035013861918486745,-0.033234356315752125,-0.03603611686767968,-0.04002736042283884,-0.04105942608242594,-0.039333980514930554,0.10773215037738387,0.08168148501073849,0.1096928986546252,0.11023140581490597,0.11352482836916779,0.11395616849676604,0.10215014639674154,0.62886831238452,0.46990120008991876,-0.023721611281029835,-0.019707259204420364,-0.025485408557949108,-0.026697143193509777,-0.026921829630282272,-0.02844233251014566,-0.02045220405950842,-0.026720611994986404,-0.03143508504829633
avg_variance,0.003989832914277923,0.011471625514772382,0.005808291857760863,-0.0059016096298816125,0.002636610605201989,0.0019573864875318523,-0.005649813138507048,-0.0005732769185926541,0.0018038514758128782,0.8143115010846198,0.7253356959207127,0.7642808072068289,0.7773352981104352,0.7833330824758138,0.781735742263479,0.7585094453097894,0.7059918663386332,0.8277469479914098,0.9450191889538835,0.8096178362068434,0.9369821136348314,0.9468518777417256,0.9486925525185129,0.9437544929092833,0.9486437485380735,0.6364122505056665,1.0,-0.694717245795022,-0.601409340623983,-0.6627194024483752,-0.6490858854595845,-0.662796810688203,-0.6636226581734218,-0.6272920362357105,-0.602739695555739,-0.7057140395051451,0.6902888022556546,0.6386662234323968,0.6659727186533914,0.7017387688253103,0.6946678847241687,0.6911698630067851,0.6815295029063645,0.6687819874374136,0.7279492753498709,0.7335706588670187,0.6552620300527462,0.7017616245293731,0.7138663677760907,0.7165599050007749,0.7170316874100606,0.6937696849660222,0.6625454681807179,0.7536010094164971,0.8131953621657908,0.7240195286489394,0.7636821741599692,0.7768474128987712,0.7827511248166423,0.7810735556174373,0.7580391897866573,0.7054442606615059,0.8269527999843415,0.9450297879771117,0.8089237392142408,0.9368488777789125,0.9468687161838953,0.9487199284530387,0.9437103400699773,0.9486858217722716,0.636554457634168,0.9999662253541224,0.8575721475018049,0.7298180244059759,0.8372057075022665,0.8573531760023961,0.8608902393754169,0.8578007591474885,0.8619870064059015,0.6155899447279936,0.9037248002284858,0.06090645242191928,0.06440543612414809,0.08250129072565203,0.08314329561408564,0.08212309244748449,0.08240119696294813,0.08462129882160446,0.08337558760603687,0.09287620856158921,0.3877930125689129,0.30888115888463097,0.4061043689378557,0.39801017977491715,0.40506984651670047,0.407794340651296,0.4104370305463614,0.33451406943887974,0.4699661503509782,-0.0517518037744026,-0.05538460745820389,-0.06796310432896192,-0.06864661217788112,-0.06686841345081908,-0.06720257238341726,-0.06569194280431986,-0.06368161455472383,-0.08054750319508187,0.25306014430128,0.2544015884287724,0.2995923970299079,0.2535468274953168,0.2811997082354807,0.28475087320656356,0.28324852302984527,0.24443717748616747,0.3394007274522488,-0.032060531302232055,-0.033578778180809475,-0.04589183454856356,-0.04736726933392765,-0.045873531926124644,-0.048570980660682536,-0.05370087825116787,-0.05369064122573802,-0.05341058041746867,0.2814113510336074,0.2445150209184798,0.2805083217276908,0.282652504827144,0.2889969080911362,0.2938436810051474,0.26196812910692513,0.24681183789223066,0.3559491174564993,-0.04033836888096943,-0.038341651174084106,-0.04632232490929576,-0.045815407491623376,-0.04635854472925115,-0.04632406595220291,-0.03779515754649342,-0.04002481931275033,-0.05445075687181996
Fp1_min,0.11118937083603117,0.08703603302290082,0.09325261299390253,0.10117211007397696,0.09653835380850218,0.09913138909954512,0.09031248841677902,0.06416497989092954,0.10311121968634222,-0.9124415081248695,-0.7864092629888191,-0.8216227040644418,-0.8383705644075523,-0.8467063639369837,-0.8504441549462372,-0.8024028245424941,-0.5567026042065524,-0.8555206099473641,-0.7370743328681103,-0.6108929010404583,-0.701767592034012,-0.7179848169063484,-0.7143610822617413,-0.7225559670997036,-0.7084949277256599,-0.28919050627449217,-0.694717245795022,1.0,0.816026789920404,0.9030386620732955,0.9071203783064895,0.9199542722919528,0.9156960917614843,0.8606798932773606,0.591972617415797,0.9296314439339858,-0.7810211134125389,-0.7011034959474394,-0.7208641565328887,-0.7530667718522257,-0.75049972731576,-0.7531331692128698,-0.7158765635762322,-0.5483540762974337,-0.7586267997179472,-0.9370268304747055,-0.8005165680808468,-0.8469052687579307,-0.8708603120866281,-0.8732591480518235,-0.8765240526577666,-0.8265113964531252,-0.5931914552451484,-0.8802237508674472,-0.9123980893427918,-0.7861359532333554,-0.8220109730382633,-0.8388400048123275,-0.8470958562391114,-0.8507522063324185,-0.8028117488651079,-0.557111032311102,-0.855807838415325,-0.7379670936587741,-0.6113629382673395,-0.7026561035346115,-0.7188764733777364,-0.7153142366061839,-0.7234853661307267,-0.7094614941918784,-0.28967975224282344,-0.6956553607852726,-0.6309109267920536,-0.5246963754485778,-0.601415343143928,-0.6171536744055305,-0.6189245868296569,-0.6252853204955191,-0.6173722982734577,-0.28753530886438794,-0.6077460836537985,-0.1323212073305312,-0.12211301006890202,-0.16178028538484068,-0.16143379228364682,-0.16243912271917402,-0.16335444756606066,-0.16670811885236395,-0.15922676537780736,-0.18303828729672583,-0.4770207265287784,-0.34449098459251987,-0.4423611646159174,-0.4762840053551546,-0.4693653033613908,-0.4752640609912845,-0.46653569213706336,-0.1470391469912585,-0.4443253471517672,0.12073603041239714,0.1136665758061538,0.15542442357051084,0.15425258643726578,0.1514248224696372,0.14942270539124677,0.14515281477759012,0.1398696034703904,0.17955617349492822,-0.3587363392907356,-0.30257768439328625,-0.34213193019256305,-0.35288907285171334,-0.3639511129153313,-0.36242207839328444,-0.35765332872532946,-0.0933967884238793,-0.3351381432917146,0.04337721485522116,0.03616319086999571,0.06566778546321025,0.07053810446596183,0.06826920830114934,0.07826082163816411,0.09751522101877343,0.0936576088721133,0.08296865989702566,-0.36661220997816407,-0.2655922471111771,-0.31487565326251793,-0.3600921145503208,-0.3497650866236915,-0.34754685862558554,-0.31028227713920453,-0.06718403515710573,-0.28239005347204243,0.11243032504667703,0.0988860203336279,0.09018371446851751,0.08233158510538496,0.0963372516038061,0.0922040601369452,0.057410195196305004,0.05736067948595171,0.11344982108872248
Fp2_min,0.07922510890612063,0.09556274802010291,0.06861068088553546,0.07517648078929652,0.07057592250977548,0.07457392978397244,0.06570264097726125,0.05363260775477555,0.08140662945179764,-0.7563366523380463,-0.9150758711225273,-0.7039809047495537,-0.7177117842575869,-0.7207688645407404,-0.7258602411486526,-0.6871658910955152,-0.4862737766582075,-0.761577785209651,-0.597414562133006,-0.7544552915015138,-0.5765780661476781,-0.5871698693931318,-0.5842036272307568,-0.5902535280035548,-0.5805541990613847,-0.2411718985189932,-0.601409340623983,0.816026789920404,1.0,0.7691200953231834,0.7710951482691751,0.7777911372537285,0.7784681382690721,0.7308028873730669,0.5138444339638901,0.8306179817481238,-0.68707975381852,-0.792168223870652,-0.6512395881629185,-0.6766713373506461,-0.6729317923376101,-0.6752976783585888,-0.6460536721616523,-0.49931449285473906,-0.7018694913977912,-0.7924594762049477,-0.9451277826598381,-0.7431522932078924,-0.7606188552449776,-0.7601176112260588,-0.7648790740689522,-0.7236401719194564,-0.5272733699967664,-0.799975402353215,-0.7564353447966679,-0.9146382701661134,-0.7043668254837703,-0.7181948530065261,-0.7211801103894064,-0.7262018148373289,-0.6876225170628665,-0.48661733351665165,-0.7618965764917042,-0.5982921792446823,-0.7549557813311623,-0.5774139097326192,-0.5880395476201575,-0.5851088498000356,-0.5911284592272387,-0.5814909821267089,-0.24159637757342997,-0.6023433229996642,-0.5128264212343809,-0.6316323003751456,-0.49386929673139335,-0.5059599892033525,-0.5067229307107906,-0.5113567993670858,-0.5064287133441545,-0.23879780680418247,-0.5244012974516101,-0.1119832238370168,-0.1333675185731767,-0.16220376953700383,-0.16251233505484938,-0.15905133794200613,-0.16270964077496075,-0.16920282507823414,-0.16444857949960992,-0.18260359152681802,-0.4127273696432478,-0.5244573755386399,-0.3957312591483316,-0.4153767151989775,-0.41280155729469964,-0.4170249753358638,-0.41159918409502894,-0.1311017582336799,-0.4254580294639262,0.10155644569193184,0.11975627816673604,0.14243989804334925,0.14379760475192907,0.13648350434078912,0.13789329812192166,0.12730244348232464,0.1283872995415472,0.16475642138953717,-0.3053662234610795,-0.44848499043570633,-0.3186896258161293,-0.30445500589489516,-0.3228373810564322,-0.3196365340664001,-0.32190897230139676,-0.08596265187541534,-0.32074180958622955,0.03833493274787135,0.04759860339632597,0.07716630536046187,0.08079414225460023,0.07580013315213038,0.08598374441622572,0.11148376651987754,0.10471132696106228,0.09334896866781454,-0.32772397639045303,-0.43286323394765364,-0.29491138568444974,-0.324327606665064,-0.31618640467032,-0.31619690886784774,-0.2849188476387596,-0.06163078505650783,-0.2809558266522698,0.09376883705126973,0.1028365535970857,0.09939914031470928,0.09133693439559008,0.10231254274053274,0.10025769448520522,0.07505194753036477,0.07553610961800161,0.12013692641835601
C3_min,0.0961373424413173,0.07492022644682451,0.10313588803054706,0.10178894264818779,0.09818606718872429,0.10150418455710256,0.09255014486700976,0.06365165974753997,0.10168367196664262,-0.843079195455246,-0.7476685598360537,-0.9207818699058599,-0.918066363726874,-0.9185909683745583,-0.9080388595092554,-0.9014151517792797,-0.6227793443550662,-0.9080623793983365,-0.6775098237530782,-0.5654715052101461,-0.6880634200881387,-0.687184191797588,-0.6832515098359832,-0.6867830489617249,-0.6866837087127802,-0.27999116900433324,-0.6627194024483752,0.9030386620732955,0.7691200953231834,1.0,0.971480344781596,0.985330789592732,0.9643117728168871,0.9606266212942929,0.658629623469735,0.9719938601752524,-0.7382338434746,-0.6798482044242853,-0.7908680447751989,-0.8103455020412952,-0.8046509508673911,-0.7933223256644798,-0.7891666028860895,-0.6036724316305747,-0.7990963599553652,-0.8645942029497145,-0.7646966148200443,-0.9335055612147526,-0.9347914136716402,-0.9357811037062119,-0.9231749316636331,-0.9168616878655962,-0.65657792115938,-0.9236480507913303,-0.8429957231344314,-0.7473916824521838,-0.9208980194919371,-0.9182173525735471,-0.9186791598767562,-0.9080594444820127,-0.9014959068618977,-0.6229330422309144,-0.9080736837341145,-0.6784499642592831,-0.5660042158767521,-0.6890019210368304,-0.6880569125520303,-0.6841862385574056,-0.687710747260339,-0.6876156881180489,-0.28043820088787846,-0.6636481709882771,-0.5817470388841648,-0.4852998150134849,-0.5888342487163111,-0.5882376645832169,-0.5887604739172372,-0.59233010538183,-0.5931703817867789,-0.2756122994693276,-0.5774548579932413,-0.11854059628532444,-0.13430527710059986,-0.2598856897137401,-0.2593053564243934,-0.24240811755246022,-0.2444219340067801,-0.26034481710851903,-0.2520988130328513,-0.26456680307497155,-0.40876786996365777,-0.30035944886477156,-0.43210004559966964,-0.4311505820406245,-0.4297298767958458,-0.43054389551260563,-0.4415132425347877,-0.1409268089999247,-0.40740729297966155,0.09399519083914293,0.12177535033261767,0.18822553700428352,0.18886575602000452,0.17489262193469593,0.17817780941348627,0.1620112920332061,0.1583442391488773,0.2026261988065625,-0.2932983911729406,-0.26194509761885737,-0.36240503931137485,-0.3262385877761951,-0.3500455081475906,-0.3402469594636906,-0.36486884955400495,-0.09895125825120657,-0.3191120471258663,0.059650602580380276,0.069214005901331,0.16068456496211664,0.1664312174806712,0.147820916726692,0.16067020926521502,0.19477063120968166,0.1852365720633998,0.1716027762467376,-0.32163179445025974,-0.24392650285972461,-0.3431341775085741,-0.36238078495992393,-0.36247478581524445,-0.3537613199356812,-0.3389620627220549,-0.07070631971263514,-0.28586908919802145,0.09175240309006984,0.07234417276934271,0.1778908250839372,0.168340553118572,0.16249796300438085,0.15147320055970295,0.1386991783706523,0.13796730844034624,0.16874052390905167
C4_min,0.09259619356446186,0.06966117113287067,0.08904458946053036,0.09858167262832536,0.09256136556475623,0.1002267329015057,0.08792801968337018,0.06187305510835785,0.09628097817932268,-0.8317796235532167,-0.7392192465061501,-0.8852844792400005,-0.9150004235317318,-0.8965913212423336,-0.8965356265210999,-0.8834198112792108,-0.6099028895210838,-0.8914476298209646,-0.6679718692802058,-0.5554958500915625,-0.6597718597008123,-0.6801974229546094,-0.6690334380346409,-0.6745721960402454,-0.6725001675169894,-0.274004331409688,-0.6490858854595845,0.9071203783064895,0.7710951482691751,0.971480344781596,1.0,0.9740333896427158,0.9701923417352565,0.954816126675595,0.6525514352668405,0.970271191244102,-0.7192246200101459,-0.6638398050089266,-0.7553572002045517,-0.797558207163546,-0.7808226970650202,-0.7739288514486504,-0.7685035302590698,-0.5873106098220885,-0.7772126566068976,-0.8560050226253699,-0.7571563123699355,-0.8992916435153323,-0.9418610629147688,-0.9167616523438611,-0.9151690352503508,-0.9022280574508379,-0.6447971895667335,-0.9105162137931784,-0.8315106620055188,-0.738808539776885,-0.8851892456196503,-0.9149757195245024,-0.896535084134791,-0.8964138402465335,-0.8833630526580644,-0.6099674498374899,-0.8912990575706901,-0.6687083737045844,-0.5558918072670045,-0.6604554805995144,-0.6808804443224757,-0.6697901868854695,-0.675326072264337,-0.6732649018296648,-0.27439634196151336,-0.6498367302781718,-0.5670536744334435,-0.4720014707643035,-0.5568356017638868,-0.5757534874879324,-0.5708567426811992,-0.5760068595200065,-0.575324926194217,-0.2676086132995411,-0.5596722073188959,-0.10795949740007184,-0.12451426126267273,-0.2436357515893127,-0.24990209589835402,-0.22687865406537228,-0.2343931843545139,-0.24916335805905318,-0.23981337170088882,-0.250441971634394,-0.4332304349164765,-0.31441445141216984,-0.4243146932110508,-0.4568355467673122,-0.4458255148952438,-0.44892623165997814,-0.45420356667504136,-0.14263480477904558,-0.4208827153639116,0.09006588003941389,0.11601823157698393,0.17890567561253748,0.1863831024904298,0.1673122879773628,0.17293467051356562,0.1571978685129659,0.152857759313854,0.19556245121156846,-0.32779398869377535,-0.28087599223983445,-0.3622599006725231,-0.36338527536509035,-0.3730825295595739,-0.36800956133407503,-0.3855328329865397,-0.10065173190540852,-0.3399091990946573,0.05182968556734404,0.06129585882866004,0.14907007735090344,0.15650361030258694,0.13656849507471466,0.15134054773212738,0.18572805113466323,0.1753562552613447,0.16036547312924926,-0.344563579787468,-0.25392267470338853,-0.3392028658369675,-0.3951473598019653,-0.37594282885559543,-0.37185930254203664,-0.3531473242943053,-0.07185978345600184,-0.29747846423501345,0.0807702145646378,0.06672402000809523,0.16384311204142318,0.1594475159141259,0.1474674312087822,0.14621796970310955,0.1292991014327812,0.12821767621608737,0.15631748934862955
T3_min,0.09687667680323761,0.07437919901507399,0.09427790304174359,0.1005288874683493,0.09810740760070585,0.10018714380885692,0.09163895819108808,0.06326192141671252,0.09995275804572905,-0.8497524725198173,-0.7498581868046095,-0.9005348200165205,-0.911164064134353,-0.918956776348215,-0.9039357004424948,-0.8961378207008156,-0.6195648351400751,-0.9037974301219188,-0.681589789020141,-0.5676615721212012,-0.675427165388908,-0.688846648655402,-0.6849528085615587,-0.6884325569168247,-0.6869716473950411,-0.280703068187307,-0.662796810688203,0.9199542722919528,0.7777911372537285,0.985330789592732,0.9740333896427158,1.0,0.9683519919061059,0.9640413367425141,0.6589888158607791,0.9766710195521887,-0.7360248944106635,-0.6741436354706967,-0.7687944469175432,-0.7997287174211413,-0.7997429674130242,-0.7850423466533747,-0.7801319100271116,-0.5987696837275992,-0.7900367450671257,-0.8718206474514625,-0.7661611471694265,-0.9136761183500545,-0.9301483810018758,-0.9401253060845531,-0.9205130337698482,-0.9133491732079287,-0.6541619121503739,-0.9208450302515189,-0.8495707309731066,-0.7495029770287109,-0.9005227498102447,-0.9112727769004321,-0.9189861910951987,-0.9039090741954817,-0.8961687626965862,-0.6196924438481892,-0.9037415913309977,-0.6824123578297577,-0.5680983007299155,-0.6761803278129708,-0.6896240946474137,-0.6857934995494089,-0.6892677576915399,-0.6878141816861634,-0.2811258562452514,-0.6636236629834938,-0.5821406289005786,-0.485530153281994,-0.5728713065537869,-0.5868134877703336,-0.587759033427088,-0.5912691421227586,-0.591323053491076,-0.2754938157985796,-0.5748133692518318,-0.1264771262823246,-0.14032507181815643,-0.2578663841879471,-0.26006120274372113,-0.24701004226388854,-0.24714069473877626,-0.2627445262679641,-0.25354833981853137,-0.2680587531039539,-0.4304630722716038,-0.31456952763053186,-0.4284456860935872,-0.4510954401295251,-0.4471133442425015,-0.44775739003620274,-0.4555921319813595,-0.14445969421531937,-0.4212982412977345,0.09770923540901712,0.12395376889769441,0.18729854926446288,0.19028511546179763,0.17956053778438827,0.1801185462356715,0.16557679884606516,0.16187541385025794,0.20574236119350375,-0.31980189354535477,-0.27864313840786387,-0.3614143022824441,-0.3476220966179842,-0.36841004800775884,-0.35836499131360433,-0.3778560380226909,-0.10100953369416579,-0.3340588207696601,0.06516692795208792,0.07533230004122318,0.1598064877926958,0.16714641846008516,0.15134165206489203,0.1637518527854939,0.1952841245518868,0.18435985271642052,0.17392864070001718,-0.3415334729162876,-0.2552420802484012,-0.34001396470667866,-0.37627239635867166,-0.3750045358879241,-0.36452229245133944,-0.3451686162177014,-0.07266371750630661,-0.2944159013762831,0.09939992296958224,0.07595478694658334,0.17405621231384918,0.16579768069834475,0.1607950915029452,0.15054496534399436,0.13820889527216548,0.13802650681071413,0.16985644537819303
T4_min,0.10061139136218587,0.07993323297158755,0.09839768085564442,0.10779402435046088,0.10135758968079141,0.11073266813747176,0.09588629628211497,0.06787425086226795,0.10604424739970203,-0.8456842549000176,-0.7497736594807198,-0.8813100911560843,-0.9019464324383011,-0.8945503329230953,-0.9166136426750824,-0.877649259309415,-0.610070593772797,-0.8938267070060039,-0.6843373614607565,-0.5702045426740316,-0.6731112874984053,-0.6886448782464977,-0.6821269004970759,-0.6981617340283786,-0.6846153308964474,-0.28051616729354945,-0.6636226581734218,0.9156960917614843,0.7784681382690721,0.9643117728168871,0.9701923417352565,0.9683519919061059,1.0,0.9440037154872629,0.6503832476872117,0.9689103877570812,-0.729958748184656,-0.6714922552982804,-0.7530405477508645,-0.7901230489287302,-0.7805525796979366,-0.7888155652716713,-0.7651813695892472,-0.588843178236586,-0.779907162042534,-0.8662980258721581,-0.765094605004539,-0.8945641128552748,-0.9228866713842464,-0.9138466187380984,-0.9382829563519589,-0.8950884117302098,-0.6445020370517112,-0.9113646770985956,-0.8455128878329694,-0.7494358441918775,-0.88133995573594,-0.9020707440833281,-0.8946210773451477,-0.9166025840441208,-0.8777131599516234,-0.6102139314309489,-0.8937990793322914,-0.6851688344131835,-0.5706677592827678,-0.6738753107312184,-0.6894320770229528,-0.6829785645746593,-0.6990384120613216,-0.6854674817131384,-0.2809414465692986,-0.6644654306508241,-0.5853039888129664,-0.4881372306620615,-0.5723102762283944,-0.5880807612342638,-0.586996020018179,-0.5996879084101271,-0.5910074440815123,-0.2757029152804499,-0.5765770794104237,-0.11277814122458961,-0.13197955595949132,-0.24080055859028118,-0.24484886207276435,-0.22479981279646066,-0.23444231068021376,-0.2440231313339266,-0.23659579409649842,-0.24943367962168553,-0.43034181693707146,-0.3132240756489716,-0.4234677976913846,-0.44929456508304944,-0.44222345942042257,-0.4554930717481927,-0.4506518918178367,-0.14341378104270314,-0.4196193599074277,0.09580265430337562,0.11910017368317223,0.18291293673335557,0.18731988574474975,0.1713862778449939,0.1797571477532559,0.16131458257612777,0.157898039399475,0.2008430082256121,-0.31691374793396754,-0.274353851317778,-0.3505403304061356,-0.3434839499354469,-0.35842870786313163,-0.35849927734614345,-0.37018641784966166,-0.09883842293986968,-0.32847535205389294,0.054432861659622876,0.06716664272646149,0.1442139545130596,0.15011172756683996,0.13383180089014596,0.14968008580776343,0.17808891812275243,0.16915198748654894,0.15687531142679537,-0.33638560873479995,-0.24984309575845476,-0.33237439595871876,-0.37371428644090127,-0.36626561893506626,-0.3711560917958658,-0.34403415206275023,-0.071940298563296,-0.2913912704249311,0.08156652074398194,0.07305874958415555,0.1526952538028009,0.1508308381139699,0.13613125622759686,0.13414364808751017,0.11849959048402715,0.12029581255838974,0.14898298171709617
O1_min,0.08647365625905125,0.06705781574504607,0.08604681000778029,0.09150059423729202,0.08860895826464457,0.09202606132189023,0.09117898117527067,0.057780318774461284,0.09186968622066287,-0.793042594559884,-0.7026667331597649,-0.8791263089110922,-0.8942176428102024,-0.8903498042356391,-0.8804980246564565,-0.9191193060206446,-0.6314185742119716,-0.8848320307920363,-0.634833604087162,-0.5258911920066017,-0.6348276294825432,-0.6481775506220687,-0.6422986608025533,-0.6457374036159734,-0.6554459325484115,-0.27912922106140026,-0.6272920362357105,0.8606798932773606,0.7308028873730669,0.9606266212942929,0.954816126675595,0.9640413367425141,0.9440037154872629,1.0,0.6740073535145363,0.957177759843237,-0.6883435463412669,-0.6337801738980642,-0.7464603539547486,-0.7795458008484525,-0.7728302672977725,-0.759892696759416,-0.7902895876633322,-0.6000035634221894,-0.7686239230390332,-0.8155033856126578,-0.72006991281048,-0.8889762554684694,-0.9093436062367578,-0.9073671015903131,-0.8943229797908532,-0.9365839108983225,-0.6624892496515989,-0.8992959132211694,-0.7928258772147436,-0.7023081843689335,-0.8789740304310032,-0.8941767021450744,-0.8902541627924634,-0.8803299366791588,-0.919085256436748,-0.6314619642039766,-0.8846664947614173,-0.6355727125452958,-0.5262914633515138,-0.6354816475672452,-0.6488575755896094,-0.6430400646375404,-0.6464713747094061,-0.6562538207359627,-0.27955364787081693,-0.628045484400139,-0.5403745986535246,-0.4481425066220077,-0.5355123010327097,-0.5490236458066972,-0.5482207744199799,-0.5518711203102432,-0.5603701939840208,-0.27366381516780297,-0.5415254199029317,-0.12584113412771042,-0.1460760233433353,-0.2778277171506033,-0.280335889315495,-0.2588522052252272,-0.2619315835571079,-0.28676115883826336,-0.27902435740830084,-0.28640977913384924,-0.3991503573197919,-0.29079200840668995,-0.4052174350759288,-0.42511276372174817,-0.4201434787459186,-0.4212706336093945,-0.43698476778708534,-0.1486135206616476,-0.40134307036557776,0.07175520655059188,0.10068191788718281,0.1601725125839136,0.16567984159641913,0.14813591463195638,0.15364792704274205,0.14733048480773833,0.14317060506296214,0.17490224798641013,-0.2959594723966981,-0.2572906247106872,-0.3487115808197138,-0.3337776235761197,-0.35184958913990355,-0.3437093806061292,-0.37439186427352505,-0.10314919211590938,-0.3220002363381988,0.10630516271296597,0.1193800967302508,0.21140016255626948,0.21521066858804758,0.19620929280611776,0.20543559777161977,0.22861268276191504,0.2194695540444701,0.2229638989520671,-0.32130217638324304,-0.24017502026557117,-0.3318192350318518,-0.3689842539174541,-0.36452083231583127,-0.35777279463571626,-0.3545442601213583,-0.07414121526003868,-0.2892595154395199,0.07709827262526768,0.06155466730608211,0.2052299150135475,0.2042211712372459,0.17961132383910536,0.17873166242534555,0.19217631101283902,0.1897141512415543,0.19377030876300239
O2_min,0.058550190764257666,0.048358526365003006,0.05741147532978356,0.061379681008009584,0.059288009250794645,0.061537735087219034,0.05799076887249218,0.07757372500631995,0.06933958326520936,-0.5496918737745856,-0.4951855588687628,-0.6052386414964719,-0.6147197685496296,-0.6127561545836812,-0.6098514870317917,-0.6289287213179255,-0.9278554299370829,-0.7086204965031402,-0.4253823417666293,-0.356678804142196,-0.4278338110840828,-0.43436416743159456,-0.43172012376990665,-0.4336741164943469,-0.44093055920346685,-0.7392205568007771,-0.602739695555739,0.591972617415797,0.5138444339638901,0.658629623469735,0.6525514352668405,0.6589888158607791,0.6503832476872117,0.6740073535145363,1.0,0.7631224989284368,-0.4848271330016005,-0.4521279283991872,-0.5205012809150625,-0.5439275733616723,-0.5390122605829153,-0.532630988596126,-0.5444865005624849,-0.8450574612079885,-0.613588562005424,-0.567268528197181,-0.5097786336288985,-0.614607180117005,-0.6276909237510799,-0.6263394106244153,-0.6212721468743837,-0.6380278574890641,-0.9589738889536192,-0.7174208462237999,-0.5495844626770592,-0.49494038690309505,-0.6052169697049812,-0.6147969815803339,-0.6127901991942093,-0.6098132509792773,-0.6291141039966603,-0.9276626201621361,-0.7085049541200067,-0.42591210999001344,-0.35697626801362753,-0.42830347112910677,-0.4348651826312426,-0.43225975075566553,-0.4342054315695431,-0.44153076541474834,-0.7398750489012903,-0.6033017560742916,-0.36364076821362196,-0.3056389454546499,-0.36178529588889974,-0.36980347967710203,-0.3700776910944501,-0.3721737473707893,-0.37880685328216457,-0.6564136851010438,-0.5011117958898124,-0.10349867566159981,-0.12060377524224733,-0.21105290586277745,-0.21508275455857467,-0.19772065638122613,-0.20419333844944226,-0.22026262350971174,-0.22391066221521988,-0.22359382299373398,-0.26127737561310554,-0.19067250013211,-0.2691028910820739,-0.27832793063873623,-0.27664143052531576,-0.27665161174412467,-0.2867680201613418,-0.5961187726198424,-0.46942934763509137,0.0693566769581524,0.09297964265992115,0.13265207987132932,0.137410937424309,0.12282856266405051,0.1305090316347872,0.12034162727833912,0.129355160332024,0.14954183975919783,-0.1852220984586823,-0.16453654900539452,-0.22808043139689738,-0.2096639599843405,-0.2250137936136135,-0.21836500844409254,-0.23810822040027382,-0.5416184138113715,-0.4216665602674596,0.07553523356817698,0.08623202531970349,0.1525937040206412,0.15746463725574605,0.14260006058829236,0.1527873035519747,0.17299983316252762,0.1670823351342465,0.1647320050879231,-0.20742375201692398,-0.1578176051776967,-0.22083884283668187,-0.23967489791609325,-0.23981557894054858,-0.23418891100290828,-0.22698219800257668,-0.5251860053719647,-0.4868484584906612,0.06540758702444126,0.05425915015896542,0.14527229956149518,0.14634344382152487,0.13045273360520293,0.13000081447705147,0.13691509327393966,0.14314083137056052,0.14443347419262814
avg_min,0.0966857079305054,0.08036790914448755,0.0924977408450516,0.09894119418887219,0.09457752025399097,0.09921297536438183,0.09038604951877223,0.07087923862342353,0.10107276008039401,-0.8582876428971067,-0.7937308315259547,-0.889355297403804,-0.9046585560200272,-0.9029516110060163,-0.9018997522659365,-0.8908075150947828,-0.7149979696773318,-0.9240568177304587,-0.685580496546448,-0.6068126683757905,-0.6768119508343603,-0.6895265137420215,-0.6841218824059204,-0.6904663226434895,-0.6878576005208199,-0.39361561421761754,-0.7057140395051451,0.9296314439339858,0.8306179817481238,0.9719938601752524,0.970271191244102,0.9766710195521887,0.9689103877570812,0.957177759843237,0.7631224989284368,1.0,-0.7491670596067135,-0.7107521871138052,-0.7695640641685437,-0.802552314285255,-0.7957714821692501,-0.7904049635713177,-0.7831061629774916,-0.6847051368605982,-0.8125955211462781,-0.8840113475136582,-0.8132846743687479,-0.9078568650697074,-0.929848944092076,-0.9265305700074129,-0.9238067891807649,-0.911724229429593,-0.7529292943171214,-0.9449116568088726,-0.85815692593944,-0.7933652422145427,-0.8894381512440144,-0.9048397774419438,-0.9030684971382231,-0.9019386583841134,-0.8909694368228802,-0.7151261988651846,-0.9240645870957781,-0.6864370393951361,-0.6072836279791713,-0.6776148322610057,-0.6903418116910954,-0.6849988315891643,-0.6913347353375894,-0.6887622341312996,-0.3941342720330354,-0.7065947790681407,-0.5859546736123905,-0.5171279209225109,-0.575380507516251,-0.5884978569211518,-0.588188413634902,-0.5936921123026828,-0.5933452917347829,-0.37333966473515573,-0.6085338276798383,-0.12794771196313975,-0.1439848618207853,-0.24764590142941237,-0.25029727868808543,-0.2344322494829181,-0.23921171617192208,-0.25401361389251803,-0.24779835955959734,-0.2605849071390729,-0.43652503395510667,-0.34932506439883115,-0.4328085014639733,-0.45439722486925416,-0.4491976739620782,-0.4529533137493716,-0.4575602997607268,-0.24634886060922004,-0.47144728030188787,0.10012482466390629,0.12331142594258247,0.17975996795450183,0.18344295733129232,0.1693162815644444,0.17377841085760048,0.1607003632212614,0.15952183825163085,0.19969086083779095,-0.3219422901676877,-0.3053505481127146,-0.35966906090104633,-0.3464212984611459,-0.36449584067964425,-0.35835941439955304,-0.37524566502664725,-0.19486835859084348,-0.3793936554250132,0.06876620218103666,0.0783006964363854,0.1543684210728278,0.16029039262404993,0.14494272397853925,0.15791774152258095,0.18717017416579732,0.17834430486846836,0.16889785969482324,-0.3446533705249277,-0.2832223617459821,-0.3389404024540572,-0.3766781105866474,-0.37012648907946455,-0.3655638285959244,-0.3445475294806835,-0.1669520724830174,-0.35658259079849286,0.09482152632535923,0.0819286222025276,0.16520455263596168,0.16014805721905803,0.15230450546220842,0.1482237243735566,0.13615632652146845,0.13710725178384048,0.16623404305489867
Fp1_max,0.0930870437167719,0.07362570378401559,0.07864543058942856,0.07393770350210699,0.08074169358121035,0.07981701373440174,0.07247208997306838,0.05609044029106168,0.08469102646245157,0.9115824762205723,0.7908535166374822,0.8291066777920587,0.8295681398394519,0.8446101961287056,0.8453276423086111,0.7990033478811771,0.5542203651953206,0.8539723262086591,0.7164713546667303,0.6109708065858864,0.7124039974274936,0.7038523941758831,0.7097984929487738,0.7164869001041716,0.7072439468970222,0.2887621990851083,0.6902888022556546,-0.7810211134125389,-0.68707975381852,-0.7382338434746,-0.7192246200101459,-0.7360248944106635,-0.729958748184656,-0.6883435463412669,-0.4848271330016005,-0.7491670596067135,1.0,0.8724736997315924,0.9169288593453743,0.9331929345731037,0.9410004309350959,0.9419938610836157,0.8969054161990957,0.6715237766116264,0.9500134228924233,0.9499505871431774,0.8250619016288941,0.8842988536998427,0.8776879303366911,0.89200443592407,0.8909732741813832,0.8465355484243497,0.603756566730169,0.8995445180819347,0.911514597424523,0.7904030651073198,0.8295496678421832,0.8300852634965363,0.8449980461464138,0.845721942487598,0.7994403657101907,0.5547287708314684,0.8542827725605056,0.717496869655063,0.6113220438801229,0.7134598482392618,0.7049323450117623,0.7108808690092991,0.7175851639489025,0.7083706893193398,0.2894024246626209,0.6913774274141328,0.6048624807036337,0.5163995647782365,0.5897717781245788,0.5917187631096964,0.5983615688006275,0.6049233072304953,0.596682405717741,0.2802744159108214,0.5892477746094116,0.12038215074119615,0.11478469651175069,0.1471454887332036,0.1487415540784492,0.1502339754688087,0.15083953131770628,0.1531915504307755,0.1470860733627925,0.16859960437200533,0.42761674268422245,0.35013989559115416,0.47239313022970536,0.43183508644570473,0.45278367633316413,0.4540970098668868,0.45900733187713405,0.14031306081560127,0.42941255548330537,-0.11951631256923431,-0.11068452303898746,-0.15102694976110964,-0.150211231320339,-0.1476214642377832,-0.14602504804926653,-0.14323133445357467,-0.13764423035780618,-0.17571585161229675,0.3246422958046969,0.3359563130059793,0.4314965244213738,0.3211757215266478,0.38102470049711734,0.3717184984582585,0.38907880815042956,0.10750689284328144,0.35321607639904484,-0.0352012658961099,-0.028018980694254018,-0.053873331985363634,-0.059856818658032586,-0.05810165114165399,-0.067291716796237,-0.08548296362568662,-0.08308928746889957,-0.07083592960670794,0.40267147507156337,0.3445124262576974,0.4351371377817421,0.39810534680538195,0.42430218085827137,0.4208409690699969,0.38893506426129587,0.08652388211762761,0.34769041095445335,-0.09463341985173526,-0.09591692568309741,-0.06965232036872408,-0.06557932815197963,-0.08236635402502936,-0.07698610294495778,-0.03946839881015792,-0.042130425335889427,-0.09483242228115482
Fp2_max,0.0640193781286919,0.11012283512616462,0.05556458782773971,0.05492003684499391,0.057916515730458404,0.06144206057519969,0.05255305586684791,0.043442600626944286,0.06988234922998844,0.7995390679491385,0.9231845330397237,0.7500476945638842,0.7532459278909932,0.7610250915442954,0.7654442437515179,0.7252458739832279,0.5095737025057061,0.7981021946164111,0.6286513451146605,0.7528334995068297,0.6304852055329232,0.623914387721806,0.627656611690185,0.6334130600795463,0.626641310556681,0.26077898470391536,0.6386662234323968,-0.7011034959474394,-0.792168223870652,-0.6798482044242853,-0.6638398050089266,-0.6741436354706967,-0.6714922552982804,-0.6337801738980642,-0.4521279283991872,-0.7107521871138052,0.8724736997315924,1.0,0.8283882971526477,0.8449183467987652,0.8467321722758548,0.8523176053888984,0.8133165806081342,0.6144111354993879,0.8828116826051728,0.8386531223604257,0.9480866668797694,0.8049737567379956,0.8009585645684179,0.8084060872287464,0.8116044926295573,0.772287345699385,0.5567680997441934,0.8430355568821953,0.7996450008587195,0.9231384058060697,0.7505430751657618,0.7538349335490068,0.7614921059321604,0.7659072693584427,0.7258075005808917,0.5100712784633603,0.7985624545875634,0.6296100508195509,0.7538850958321408,0.6314783159592742,0.6249433967504172,0.6286827191132413,0.6344356543585752,0.627726468397555,0.26135130256435884,0.6398125699879128,0.5307793220007343,0.6286019783574862,0.5222295412862246,0.5245439391126107,0.5291007002574203,0.5348319804350531,0.5286539188302846,0.25247345772504753,0.544375134060555,0.11557719790300343,0.13644630179045372,0.15819318440683902,0.1593993733234432,0.15765417145380828,0.16109621646610106,0.1708183866999218,0.16392852542046865,0.18224583998079613,0.39552347597277243,0.43763589969790245,0.43917255598669397,0.401504354870823,0.42009331674832195,0.42170758273919845,0.42600827331469127,0.13492992058684358,0.4179868601567954,-0.10692550369253787,-0.12393842096626029,-0.14499919516982943,-0.146122941438613,-0.1402900345063263,-0.14149874999482082,-0.13487975138485203,-0.1337525620850381,-0.17021369657516158,0.2996737844292842,0.4265111926126168,0.40115333405616765,0.29837916078832,0.3526462054439769,0.34489597994172994,0.3613585535229766,0.10208414152567673,0.3432840878722006,-0.03436456986711978,-0.04261767495235598,-0.07021644558776097,-0.07479985708752583,-0.07045233040263961,-0.08066192073585003,-0.10836525975436061,-0.10102563759110739,-0.08768930555314629,0.36813145841118416,0.44719978230933877,0.39691393460766894,0.3615144200265807,0.3818001990252004,0.38028353897888906,0.35148904509143425,0.08205854086717647,0.3342061086958448,-0.10103213074767044,-0.11169005819366369,-0.09260521755437114,-0.0861415210047132,-0.09997868060364891,-0.09714881272940991,-0.07095361776101883,-0.07091092683149866,-0.11994796853193682
C3_max,0.07825345208184158,0.07283639262428647,0.09991420812107663,0.08143667321387144,0.08813817664843901,0.08543416739228002,0.07988802984577603,0.06417556484782574,0.09093521921769945,0.8362661121703528,0.7470441833888746,0.9079772130696947,0.8719198263142397,0.8817572439382908,0.8695634238541196,0.8564099204452024,0.5892867031525792,0.8774388152340582,0.6720474557793135,0.5783178573507816,0.7247026485051126,0.6781705084167041,0.6833197450626632,0.6849782312246018,0.6859234181545236,0.2775203399610721,0.6659727186533914,-0.7208641565328887,-0.6512395881629185,-0.7908680447751989,-0.7553572002045517,-0.7687944469175432,-0.7530405477508645,-0.7464603539547486,-0.5205012809150625,-0.7695640641685437,0.9169288593453743,0.8283882971526477,1.0,0.9607115260700433,0.9689560802844471,0.9549276995895574,0.9413810087365309,0.7026921014669151,0.9658546008053056,0.8733999059972395,0.7827872382358703,0.957715460110106,0.9109961290119223,0.923804548705605,0.9096630264517256,0.900135500392365,0.6385088237180354,0.9184060319230123,0.8359216612724419,0.7464786838641304,0.9080824748136326,0.872024009849322,0.8817414204588443,0.869560957893882,0.8564242319535965,0.589524378828856,0.8773740168342523,0.6728977293881995,0.5786119738566076,0.7258001153222507,0.6790726804585171,0.6842338781402221,0.6859038063689924,0.6868696838316259,0.2780746989558664,0.6669217944763318,0.56622016832621,0.49018513261175223,0.6040375126684803,0.5676693849186824,0.5732899316802591,0.5759822424188413,0.575235370686962,0.2675783405287691,0.5671487416867915,0.10704852149597839,0.12038219040556153,0.21971339156224237,0.22050964951847907,0.20735120446542002,0.20831259506889058,0.2196271551874951,0.21200754949722259,0.2261699033234853,0.41575432058278305,0.3390642879495756,0.5159500446401905,0.43421032555242034,0.45736449613975744,0.4534821954222939,0.4717950964350853,0.14138178862467676,0.43402289430060553,-0.08224120413576139,-0.10053412562901258,-0.1643711212209786,-0.16497183144261687,-0.15330092058329353,-0.15463533948438923,-0.140093183412664,-0.1370444014622418,-0.1756751365259988,0.3160553527284952,0.3315557040494004,0.48495278183126456,0.33768562727356966,0.40424702129528745,0.3886573283634767,0.4251187114441645,0.11528332766975109,0.3715494497559995,-0.05558664479834671,-0.06349595799054643,-0.1339250903696204,-0.13905924250104115,-0.12519113680396937,-0.13569315092148113,-0.1624042874962985,-0.1540081819762617,-0.14504802492792,0.4027871975272576,0.3504797263026995,0.4971718641048749,0.43053952301747506,0.461759634168895,0.4529136405845769,0.43286028552013406,0.09257571559052277,0.37378318977566477,-0.08417702982060077,-0.07479999410950264,-0.1404939245185473,-0.13686963208526895,-0.13301174306129837,-0.12528106992107488,-0.11356259683015964,-0.11161575649122514,-0.14269535179723125
C4_max,0.0838401883755703,0.07190779855938184,0.08811501276835094,0.08809921046222335,0.09096810429653661,0.0904143814032286,0.08298832862424642,0.06281178423243265,0.09198515804882099,0.8693834981965588,0.7752670243643076,0.905661191835726,0.9163882379780461,0.9130432899280189,0.9087880312421025,0.8910011910400262,0.6161850123354397,0.9092480510779782,0.7125922796132432,0.6088373617135051,0.7267384576169843,0.7219498220664331,0.7241727351636212,0.7271843154888514,0.7278244074890665,0.29667079608297997,0.7017387688253103,-0.7530667718522257,-0.6766713373506461,-0.8103455020412952,-0.797558207163546,-0.7997287174211413,-0.7901230489287302,-0.7795458008484525,-0.5439275733616723,-0.802552314285255,0.9331929345731037,0.8449183467987652,0.9607115260700433,1.0,0.9839035243851376,0.9802858828662172,0.9613552163115555,0.7227185837083555,0.9808490751728179,0.8986046064855687,0.8048877186439248,0.9438534052429906,0.9538798918288967,0.9473274710405806,0.9422661705752009,0.9275923168572773,0.6610959339390617,0.9429434158785676,0.8690722027855088,0.7746897754923502,0.9056990620124693,0.9165070814325929,0.9130681835377125,0.9088175568168232,0.8910642649264947,0.6164303806741871,0.9091950645461778,0.7134874930013007,0.609118908777802,0.7276176924641905,0.7228740743449266,0.7251134201867594,0.7281374092708733,0.7288044521368287,0.2972363966594224,0.7026828116825669,0.6024898349181513,0.5155061924536795,0.6009862251577006,0.6059163222961669,0.6095655344560483,0.6133930063432761,0.612306305962178,0.28671976027853163,0.5982555105674692,0.10608350666920635,0.12132101868927388,0.22046235097547534,0.22804442094361277,0.20849847670868882,0.21555430336074446,0.22664030683450703,0.21764084327111002,0.23060953144880147,0.4087560918347753,0.33657823519203683,0.4684969077769773,0.4333744867341359,0.44804742241156936,0.44793795194223,0.4630606798499802,0.143859154861817,0.425419665618059,-0.08082960253035583,-0.09935268220533162,-0.16409529621149013,-0.17260601053872207,-0.15362802370838222,-0.15922876581797704,-0.1435038905589158,-0.1400046193773967,-0.17840869202333856,0.3041256818293304,0.31864905683695627,0.4379426653536887,0.3298879755739019,0.3857552886133066,0.37381719309005157,0.4063707931581578,0.11383758241935672,0.355722507530434,-0.05207109461408364,-0.06054681852343596,-0.1331016072529528,-0.1406952371086307,-0.12410717958540038,-0.13786594580160058,-0.16712507903075263,-0.157250482224308,-0.14583721195269345,0.3789829942291194,0.32952057363186116,0.4418965635247103,0.4153915288631468,0.435595721746988,0.4293029246269296,0.4099743677218963,0.09127512660444871,0.35319161574012425,-0.08853790067013845,-0.08290350433254924,-0.14658565593443668,-0.14356566537032714,-0.13894242128179024,-0.1367626015565476,-0.12088392555022004,-0.11884331560929554,-0.15185031013010497
T3_max,0.08115845736322654,0.07152774420753881,0.0872893102587073,0.08220451711297795,0.08974636309100643,0.08652172189551628,0.08074203559640263,0.0623705484390244,0.08963276721704819,0.8691529723685093,0.772074158885074,0.9017436731895321,0.8996477416161145,0.9151463034620868,0.8983167539378,0.8857987963665107,0.6102926420177787,0.9032231522373227,0.7064974644505744,0.6043897100928515,0.7202498893376478,0.7127035276225698,0.7182916412736383,0.7191647435972169,0.7207975256284421,0.29270057947337774,0.6946678847241687,-0.75049972731576,-0.6729317923376101,-0.8046509508673911,-0.7808226970650202,-0.7997429674130242,-0.7805525796979366,-0.7728302672977725,-0.5390122605829153,-0.7957714821692501,0.9410004309350959,0.8467321722758548,0.9689560802844471,0.9839035243851376,1.0,0.9776999881918469,0.9651134878439059,0.7218919017826186,0.9831866166021073,0.9016868581536297,0.8039101021877291,0.9460066739264015,0.9365862258702876,0.9564727569064009,0.9360794223285379,0.926487520849343,0.6581463327125279,0.9409434732369261,0.868819164354308,0.771508556763262,0.9017837682325585,0.8997921817160769,0.9151603594985179,0.8983449953253582,0.8858452232498598,0.6105266087859773,0.9031676405685674,0.7073926733951363,0.6046791377800258,0.7211416094975784,0.7136419851827877,0.71924156633319,0.7201264836631229,0.7217814095930891,0.2932703622337972,0.6956202717314114,0.5959266790730626,0.5114915289595656,0.5938660503442443,0.5970340493211616,0.6032033635500121,0.6053876831771378,0.6051524544841698,0.2826602894329791,0.5911269420382118,0.11795818536104112,0.1316547660680499,0.22612835606463366,0.22876624785813363,0.21744153440485603,0.21671604525316493,0.23055510304038457,0.22136724941685174,0.23741253887576938,0.4181666022259009,0.341848262135562,0.47973342335935887,0.43799138087037254,0.45934365463386895,0.45557759609555826,0.47309364182073216,0.1444075694881062,0.43282990547178174,-0.08898595898264317,-0.10728797790532373,-0.17007608480571126,-0.17253179447746034,-0.16256347209654798,-0.16252333744540828,-0.1488075594233281,-0.14575641994376826,-0.18538222672496846,0.3160792658340086,0.32936901872148705,0.45490595390514826,0.3367827520321961,0.40078463262879266,0.38530642136781024,0.419754898760806,0.11554340019700741,0.3667147633870374,-0.060928441010049135,-0.07015589310816474,-0.13624449697268085,-0.14286818048580377,-0.13091982743531613,-0.14107621763181125,-0.16926873720524518,-0.15793605970624974,-0.1508611711112228,0.3960547499018399,0.34233873906726825,0.4614684660215852,0.4245237686921251,0.4554383365408134,0.4458313662494324,0.4250615633573235,0.09247498735342395,0.3654416179124726,-0.09549862590191406,-0.08451018984736809,-0.1460850325507372,-0.14151874298965986,-0.13602061144123362,-0.12672135237500987,-0.11806647350105143,-0.11849961236999391,-0.15089761787124348
T4_max,0.07171317971283447,0.06493942630470256,0.0762510339201938,0.07349477906826621,0.07755199860439645,0.08508604653908394,0.07166294595299762,0.055883277779961056,0.08055618820805478,0.8722020407417517,0.7770345025121993,0.8886200683656601,0.8934025165528175,0.8976681176794007,0.9134912480526731,0.8715582253301443,0.6047856296708283,0.8984650026304398,0.7030417537483318,0.601937518132437,0.7141306399929408,0.7069634485993784,0.7106820383366014,0.7276351399705421,0.712443217681583,0.29145551468146647,0.6911698630067851,-0.7531331692128698,-0.6752976783585888,-0.7933223256644798,-0.7739288514486504,-0.7850423466533747,-0.7888155652716713,-0.759892696759416,-0.532630988596126,-0.7904049635713177,0.9419938610836157,0.8523176053888984,0.9549276995895574,0.9802858828662172,0.9776999881918469,1.0,0.9511197653546634,0.7162310835847961,0.9787727103471342,0.903559783283804,0.8081328360398491,0.9324614524939902,0.9311406663576981,0.9366666482095125,0.9527134137132257,0.9122146106177764,0.6518846139817036,0.935842767134545,0.8719452533448928,0.7765219912148265,0.8887506425260038,0.8936351015718009,0.8977917488879582,0.9135639298013914,0.871706170825159,0.6050910445479869,0.8984983174667248,0.703973935721339,0.6022681531535758,0.7150596912740884,0.7079473630312961,0.7116789189068446,0.72866128832288,0.713472123855386,0.292041548885496,0.6921664091938938,0.5927465528659683,0.5093477350394252,0.5886884584938505,0.5922189079377225,0.5969631830129931,0.6128762837590653,0.5983249935131995,0.2810168731472332,0.5880549509971988,0.1094810878038125,0.12593489459237614,0.21081133304479852,0.21662575196902312,0.19994927632021117,0.20927475414228017,0.2156915048869944,0.2088502513311819,0.22338525436906134,0.41493539780299704,0.3416909214194904,0.47365468481777695,0.4329310856097631,0.45230775175018384,0.4605729719586024,0.46573359718708685,0.1441447708088075,0.4299160460041976,-0.08547998240071683,-0.10074805000516628,-0.16216223023859697,-0.16719751888661427,-0.15144231006346928,-0.16025784153788863,-0.14175955745418894,-0.13974693982381822,-0.1774632751409505,0.31283962217467637,0.328600982908505,0.4473183464448367,0.33064828301521737,0.3919313483802258,0.38522628705388234,0.411272885819547,0.11474909902783521,0.36226147036158324,-0.05386954624580962,-0.06360422479809655,-0.12443443252095217,-0.13114738299947853,-0.11795118032478562,-0.13195386086780997,-0.15585506724069514,-0.1469131090017304,-0.13847393918676731,0.39167323268595367,0.34154860152815064,0.45320423550193367,0.4160294469070726,0.4440712220445273,0.4450623307522118,0.4163509295878413,0.09282560671794149,0.36126128835606086,-0.08830190069163624,-0.08832055472480659,-0.13257938503757682,-0.13337334064994996,-0.1258695230242298,-0.12367790677920053,-0.11058351859849651,-0.11249230113528288,-0.14339846395727923
O1_max,0.08279734145194659,0.07234060024257756,0.08800749395799044,0.08526169812024673,0.09063444463823865,0.08906327905119332,0.0926264328799785,0.07029037756574255,0.09415999005749429,0.8295452915590399,0.7421801729731439,0.8825532802472275,0.8851257180466532,0.8907950354536538,0.8794604800485658,0.9082473277504491,0.615984634486689,0.8889344580468008,0.6867214966751198,0.589292395258051,0.7030883804399055,0.6967058427141233,0.7008938138472381,0.70174412344842,0.7132483428301802,0.29367419070797346,0.6815295029063645,-0.7158765635762322,-0.6460536721616523,-0.7891666028860895,-0.7685035302590698,-0.7801319100271116,-0.7651813695892472,-0.7902895876633322,-0.5444865005624849,-0.7831061629774916,0.8969054161990957,0.8133165806081342,0.9413810087365309,0.9613552163115555,0.9651134878439059,0.9511197653546634,1.0,0.7208117755902563,0.9637568076824801,0.8597067164766776,0.772016966268843,0.9225706929452954,0.9178966079615517,0.9271340640170432,0.9135225682212628,0.9549009321996169,0.6603704715302958,0.9238438044300235,0.8291971754213637,0.7415983307497378,0.8824972360129575,0.8851753143429026,0.8907378811134229,0.879399561930363,0.9082426311945503,0.6162994227758588,0.8888342575498969,0.6875652713858063,0.5895431032381413,0.7039105402643797,0.6975818770944573,0.7017852167039006,0.7026421445218674,0.7142111558578129,0.2942600087165595,0.6824398353946376,0.5800469963824472,0.49949755782753325,0.5801032242069685,0.5838492340527316,0.5890159697925387,0.5910792589667497,0.5982363021956701,0.28471533059610166,0.5805386736563548,0.1239130621006034,0.14051223067069693,0.24292950675795336,0.24655275388083756,0.2283904250290958,0.23197920910083566,0.2482708335668658,0.24470503748863012,0.2549333904856943,0.4051352010907413,0.33063489443799327,0.4691995067187762,0.4284376468119802,0.44821858037173834,0.44467118743852724,0.46868345332600003,0.14623742735900883,0.42482066048224343,-0.07008096948768952,-0.08866733554587276,-0.14733683363048075,-0.1526055688333015,-0.13595354141754507,-0.1410347364467021,-0.13350882148526033,-0.13046168765671728,-0.1602885045578751,0.3020844218635547,0.31549404071940984,0.4440207853660085,0.32869328269138404,0.3890683530710634,0.3753760021321539,0.4193905786806331,0.11377184737786228,0.35752954681140126,-0.09962618990762709,-0.1114532968590126,-0.1800598590867185,-0.18449634931193234,-0.1691396640312537,-0.17813578863436982,-0.1965048858966562,-0.1903808759613603,-0.19414377379436829,0.3793113726763964,0.3299302186870614,0.44801362915321996,0.41240386457171085,0.4399952159928352,0.43188202203691334,0.46114937608344336,0.09015725342180675,0.3592940412524621,-0.08372595637983782,-0.07528083989605301,-0.17107216277205356,-0.17184324585383265,-0.15489402118837545,-0.15483208614262323,-0.15568581867508915,-0.1603888909618522,-0.17239626721925488
O2_max,0.05416583672237391,0.052386797296471284,0.06385464803291768,0.05971685388089413,0.06378706809453656,0.06391833195468855,0.053315633162913594,0.04037128234704741,0.06285679050512787,0.6264252033595791,0.5667409958254644,0.6664511080960446,0.6695773310253612,0.6736962677873376,0.6691418929155838,0.6776931934839266,0.9364012801319851,0.7653105943990739,0.49872865039685194,0.4281775167533259,0.511216797101117,0.5065661086335754,0.5097023397049534,0.5109014470216546,0.5170254615292099,0.742487584162448,0.6687819874374136,-0.5483540762974337,-0.49931449285473906,-0.6036724316305747,-0.5873106098220885,-0.5987696837275992,-0.588843178236586,-0.6000035634221894,-0.8450574612079885,-0.6847051368605982,0.6715237766116264,0.6144111354993879,0.7026921014669151,0.7227185837083555,0.7218919017826186,0.7162310835847961,0.7208117755902563,1.0,0.8013032094602776,0.6498599751416692,0.589079224362137,0.6955153934862508,0.6948110761531132,0.7008925791479008,0.6941636628251475,0.7030128523049018,0.9619655543860813,0.784533947908545,0.6261692620209878,0.5663105692522713,0.6664277867471787,0.6696871801202339,0.6737176520712912,0.6691449652035373,0.6779072909950162,0.9362462519116179,0.765177716649423,0.49933559095516017,0.42837486250845697,0.5117894404703972,0.5072149728472427,0.5103602063869842,0.5115663920890303,0.5177698559602434,0.7426946015552388,0.669284510886085,0.4209897410020033,0.36648868188787675,0.42169347796346,0.42434232285619594,0.42809975526873895,0.4301891223915204,0.43422744744024605,0.6203928846925844,0.5409528644137412,0.11407903635579017,0.12987794225464544,0.21039397670680343,0.2151836797567196,0.19845229116422528,0.20565069921625873,0.21615176984184012,0.22289882740349584,0.22587839935042028,0.29762841753413105,0.24290256113793585,0.343772583813999,0.3158590756816579,0.3293035601628883,0.32750486927124817,0.3420293671860949,0.5701515605958712,0.5028806709822523,-0.07427688083042756,-0.09163554519850604,-0.13491420078914484,-0.14018469132666977,-0.12491759995250357,-0.13292548650185862,-0.11934795324715286,-0.12977584468684847,-0.15149455200829096,0.2289514180714007,0.23778231505803832,0.33090355612344385,0.24899377245523338,0.2929567840792187,0.2821359103685903,0.30932992205236426,0.46760375901879836,0.4423698682176159,-0.08128952816122098,-0.0908184490453725,-0.14960582583453877,-0.1548252964002897,-0.1411434766611116,-0.15142347006119283,-0.1696181603526443,-0.1665345060895891,-0.16421181568583776,0.292281056254732,0.2540515038030263,0.33872472440774676,0.3167119144413125,0.3365311674472903,0.32905971040133497,0.3155536245328696,0.48961496848177294,0.533633751783535,-0.07786440402207051,-0.07308335505692448,-0.14365427521407528,-0.14541724907821915,-0.13148157665822013,-0.1326395233305245,-0.13174668803264522,-0.13935136249359645,-0.15009951716309097
avg_max,0.08050939383727108,0.07790866253972233,0.08495798755427839,0.07970098492147822,0.08508246710810054,0.08533702739517689,0.07779539533092782,0.060389396895111,0.08823563941258679,0.8762409120927854,0.8065325239570905,0.8947858391670618,0.8929420385549518,0.9006485330271424,0.8966486731269712,0.8804532150800656,0.6916138990151709,0.92007038223539,0.7053604573229845,0.6310642885522905,0.7215773220367578,0.7092629664452171,0.713726936023716,0.7184485163598596,0.7175982804486867,0.38834150845827997,0.7279492753498709,-0.7586267997179472,-0.7018694913977912,-0.7990963599553652,-0.7772126566068976,-0.7900367450671257,-0.779907162042534,-0.7686239230390332,-0.613588562005424,-0.8125955211462781,0.9500134228924233,0.8828116826051728,0.9658546008053056,0.9808490751728179,0.9831866166021073,0.9787727103471342,0.9637568076824801,0.8013032094602776,1.0,0.9107928803001042,0.8383024494574669,0.9415781041155681,0.9330884662740297,0.9422092763520488,0.9363639799080297,0.9236732359575306,0.738353351169644,0.958605438653065,0.875993143400807,0.8060319498862508,0.8949304657936058,0.8931814275090061,0.9007685530299769,0.8967629277248492,0.880648520172368,0.6918833682377222,0.9201102011547498,0.7062848766212426,0.6314610309189697,0.7225313744127342,0.7102372939823586,0.7147116340137603,0.7194451626604581,0.7186383802489978,0.3888984295449547,0.7289299864072599,0.595315287179412,0.5338859643557436,0.5967157038387425,0.5947518580210976,0.600090242483101,0.6053910963650131,0.6031825269027016,0.35807144952487485,0.6150209110721859,0.12260859425725606,0.13712771226252332,0.2204654786092843,0.22428000620360575,0.2110419642591456,0.21541743564159635,0.22646278292152822,0.2213953561692914,0.23561344868141162,0.4217697878403084,0.35954271530336385,0.4857757516773961,0.43978255225376556,0.45982995619305644,0.45942739847856173,0.4736128549198807,0.22905300458678157,0.4724261839211599,-0.09388045610361248,-0.10958814847123198,-0.16519376500333943,-0.16897970855051295,-0.1557613258698405,-0.15982476537956314,-0.14719581527617473,-0.1463415616695672,-0.1832369171394056,0.3187582055711918,0.34699017736426846,0.45588758037974597,0.3363569976277474,0.39822180785393935,0.3859412450251686,0.41753091589291147,0.1836268386721472,0.3998904178233179,-0.06499665543665434,-0.07298387143216384,-0.1339718801331455,-0.14013439954896512,-0.1277340011618088,-0.13937527169647476,-0.16464725005793354,-0.15712062101567806,-0.14943969210890293,0.3996752333129526,0.36266526371327346,0.4614585827452336,0.4221051181841379,0.44928008902403205,0.44317307649246646,0.4257721293907805,0.1677488966750783,0.4143233584060816,-0.09500960846073678,-0.09114921303985907,-0.14128794880135032,-0.13905443092551462,-0.13531453758040551,-0.13172802125535396,-0.11752629979238391,-0.119605066922546,-0.15202640600365488
Fp1_amplitude,-0.0035616111534204874,-0.0023630764080263896,-0.002665530159800714,-0.009259973740901588,-0.003136832610423963,-0.004951096651121604,-0.004647243584916627,-0.0007288192677311898,-0.004216137685060845,0.9662439571999832,0.8356797049675148,0.8746880396747171,0.8833240109004953,0.8959062308664609,0.8981772467447651,0.8482381084573715,0.5884336880883049,0.9055512599444908,0.7694019580015783,0.6472796425144008,0.7494655371053524,0.7527954625342712,0.7543081227837765,0.7621480309823953,0.7499450138545654,0.3061554636845276,0.7335706588670187,-0.9370268304747055,-0.7924594762049477,-0.8645942029497145,-0.8560050226253699,-0.8718206474514625,-0.8662980258721581,-0.8155033856126578,-0.567268528197181,-0.8840113475136582,0.9499505871431774,0.8386531223604257,0.8733999059972395,0.8986046064855687,0.9016868581536297,0.903559783283804,0.8597067164766776,0.6498599751416692,0.9107928803001042,1.0,0.8618679102643929,0.9182018127885142,0.9264878147540219,0.9356943791299682,0.9367509220388047,0.886880727118128,0.6343901258521072,0.9433951589604985,0.966184275938245,0.8352910680465432,0.8751300105207294,0.8838480462743108,0.8963179763174625,0.898551859736933,0.8486870718675867,0.5889223272758085,0.9058685608695791,0.7704220742381497,0.6477112036538023,0.7505004931519513,0.753845469866048,0.7553902499337648,0.7632271601745914,0.7510586623497617,0.3067582519181269,0.7346487576243753,0.6538772846787105,0.5512715201721835,0.6306829562619675,0.6396447103454846,0.644245608541504,0.651097166921322,0.6425300163248636,0.30058063726735984,0.6335567739929319,0.13351626724486804,0.12527934659016648,0.1632203150020507,0.16393959402914413,0.1652771416058629,0.16607368095582398,0.16906668949421744,0.1619097220233008,0.18585267313970882,0.47777015914696086,0.3681445845496688,0.4854735942616712,0.47976075450443195,0.4880153709174483,0.4917006348898211,0.49008050650404017,0.15202518533596945,0.46241904514334753,-0.1272367108633006,-0.11876108638917991,-0.16221160570472246,-0.1611692149853588,-0.15830632291098615,-0.1564119864783228,-0.15271363152492978,-0.14694615843064504,-0.18809058894801897,0.3610109721301075,0.3392457675094849,0.41246360637093604,0.3561472549136222,0.3951517400964181,0.3891823201439572,0.39650565741225546,0.10684428693244298,0.3651863181578001,-0.041385366259031234,-0.033759916426724525,-0.06297837774844868,-0.06876098584208065,-0.06664441421120808,-0.07678217779441897,-0.09658748432181435,-0.09331908913040553,-0.08111933083621176,0.4085889865489206,0.32552933931338507,0.40086504402041806,0.40277376445984847,0.4122585176276467,0.4092131781392341,0.3727285239117358,0.08199684765448649,0.3357095252874151,-0.10916600725162881,-0.10310845475220376,-0.08406662730653362,-0.07786086154298433,-0.09425524101920088,-0.0891787336480452,-0.05079159529358506,-0.052255577547426615,-0.10978728998762037
Fp2_amplitude,-0.007011850074355733,0.00915467309345125,-0.006006892231707765,-0.009773185197453136,-0.005771916574938416,-0.005967910758474577,-0.006103694314604698,-0.004691243871054141,-0.0050100764472227124,0.8221071704794378,0.9710104229197852,0.7683328223151001,0.7771996520914901,0.7829568731441081,0.7879754642614082,0.7462943290465861,0.5261635888085214,0.8240690095630969,0.6478194006834701,0.7961249122874506,0.6379437563289836,0.639945433406235,0.6404030540771862,0.6466369731642531,0.6379579366647111,0.2652655377767032,0.6552620300527462,-0.8005165680808468,-0.9451277826598381,-0.7646966148200443,-0.7571563123699355,-0.7661611471694265,-0.765094605004539,-0.72006991281048,-0.5097786336288985,-0.8132846743687479,0.8250619016288941,0.9480866668797694,0.7827872382358703,0.8048877186439248,0.8039101021877291,0.8081328360398491,0.772016966268843,0.589079224362137,0.8383024494574669,0.8618679102643929,1.0,0.8181464035217925,0.8250983798110155,0.8288239249744349,0.8330171297038161,0.7904818250363161,0.5727909634861055,0.8681302124349378,0.82221530331923,0.9707577087180499,0.7687990969879365,0.7777666663178165,0.7834211593378464,0.7884013109685868,0.746832908393801,0.526608964017195,0.8244815045126137,0.6487899072102249,0.7969486333673678,0.6389109129891268,0.6409494372374664,0.6414240258324091,0.647640280308851,0.6390269639809518,0.26579308937871987,0.6563623529072878,0.551351014625128,0.665622903014511,0.536896197326766,0.5444352450685889,0.5472720705691703,0.5527546614273638,0.5468795954605883,0.25958243640942913,0.564660332994431,0.12022096264348427,0.1425351624651324,0.16920225586881016,0.1700087253332551,0.16727107140142441,0.17101987220709078,0.179607662832727,0.17344214746401573,0.19270765941498175,0.4267884031036664,0.5075510285192322,0.44129796351883216,0.431370526037624,0.43997953003249424,0.44304436924015744,0.44251933897785156,0.14054280385690168,0.44544686432165803,-0.11015652015935475,-0.1287471305404616,-0.15184097621868933,-0.1531499920354859,-0.14621640417633155,-0.14759804595743975,-0.13853622889771702,-0.13849812247717294,-0.17696706741651372,0.3195362001870537,0.46200873876405035,0.3808016275409716,0.31836836519969425,0.3569965821921921,0.3511799391315815,0.3611766165907286,0.09943939427548011,0.3508930065562335,-0.03837096390374064,-0.04761597450125249,-0.07779677828186957,-0.08214068850627412,-0.07721117477056133,-0.08798286640530723,-0.11610009011534336,-0.10864218788647255,-0.09558250884153625,0.3678322558487117,0.4649434677964388,0.3661420469024367,0.36252033686414287,0.3691373499568752,0.3683309408315558,0.33661883381239616,0.0760408306282358,0.3253020917532295,-0.10294383214462474,-0.11337406074582193,-0.10136662193725914,-0.09370554911214565,-0.10683180109841142,-0.10424622078884176,-0.07708965963576572,-0.07731909046424694,-0.12680934877918196
C3_amplitude,0.0006510484286980114,0.007452125993810092,0.01005181365077723,-0.00014092396583628413,0.005479327676562277,0.002335082839507737,0.0032952188777512154,0.007675508753559011,0.005473764098778179,0.8863301470130464,0.7891990498092586,0.964876502155028,0.9424738272777118,0.9484842042706776,0.936378919860128,0.9255582400682767,0.6380540377524919,0.941004167992043,0.7122743227386145,0.6046849089732488,0.7480866187985373,0.7204100880025811,0.7215781291920926,0.7242101401776007,0.7247172214725207,0.2942330790023868,0.7017616245293731,-0.8469052687579307,-0.7431522932078924,-0.9335055612147526,-0.8992916435153323,-0.9136761183500545,-0.8945641128552748,-0.8889762554684694,-0.614607180117005,-0.9078568650697074,0.8842988536998427,0.8049737567379956,0.957715460110106,0.9438534052429906,0.9460066739264015,0.9324614524939902,0.9225706929452954,0.6955153934862508,0.9415781041155681,0.9182018127885142,0.8181464035217925,1.0,0.9732316769208941,0.9812014168826378,0.9669892848670789,0.9584390248659933,0.6827832015737644,0.9723342407419414,0.8860890899551326,0.7887375536913322,0.9649927811265865,0.9426058537192078,0.9485163953232473,0.9363871528086017,0.925604591076114,0.6382655508223143,0.9409715172139421,0.7132144919332235,0.6051076783265014,0.7491708476401093,0.7213489680171383,0.7225531693608744,0.7251885789920435,0.7257097955726455,0.2947680436846448,0.7027543355491106,0.6052485897672351,0.5153563533752205,0.6307377193734657,0.6091491629742517,0.612688032104373,0.6159436692930689,0.6159011214671885,0.2863493985018333,0.6037747318052513,0.118449925522124,0.13367366546407067,0.25091168592929225,0.25110537767485547,0.23545184492247612,0.23696189131416517,0.25107701245323977,0.24273594241546875,0.25689531555121686,0.43576691980490356,0.3398675308223432,0.5054408776379434,0.4571032115317896,0.470001311381105,0.46810937189444635,0.4839959834531757,0.14909034743401134,0.44583081855390266,-0.09237564107625237,-0.11615391649719668,-0.18479663379191325,-0.18544957985797958,-0.17204232038369496,-0.17436864138938984,-0.15824793103769766,-0.15473763616518593,-0.19818992558052628,0.3230669390867831,0.3174082781990746,0.4545134474210656,0.35122648916150173,0.4014172922934191,0.38767664236142385,0.42061500029790233,0.11406504139471382,0.36771685398144305,-0.06061210802809071,-0.06974227456363084,-0.1540103039365874,-0.15972011163655891,-0.142845416529785,-0.15503946119462164,-0.18672135128912465,-0.17731976898488383,-0.16566027480674467,0.3872036709875034,0.3200246692107399,0.45261267983370096,0.4226213258148144,0.44095737742745916,0.4316779963164657,0.41297107377564846,0.08748169026926268,0.35339688929535373,-0.0924554254584716,-0.07783691195790567,-0.1659482668331151,-0.15933486684222356,-0.15432771777839643,-0.14461517886340874,-0.13174379824610735,-0.130259066258321,-0.1629361958386502
C4_amplitude,0.0006203212685066904,0.005387093371074205,0.004768744238549343,1.4048084444787576e-05,0.004607864366918632,0.00048496215137272455,0.00246884268373825,0.004196226931771306,0.003323384187589507,0.8981566367546842,0.7996738693230715,0.9449884942844127,0.9657508099132933,0.9547268549833267,0.9523289833237369,0.9358950455099989,0.646714933195712,0.9500532957730757,0.729309859891893,0.6155480025078637,0.7331086733891554,0.7406057071498467,0.7362883756648512,0.7407220365925445,0.7400474702022253,0.3015955634653975,0.7138663677760907,-0.8708603120866281,-0.7606188552449776,-0.9347914136716402,-0.9418610629147688,-0.9301483810018758,-0.9228866713842464,-0.9093436062367578,-0.6276909237510799,-0.929848944092076,0.8776879303366911,0.8009585645684179,0.9109961290119223,0.9538798918288967,0.9365862258702876,0.9311406663576981,0.9178966079615517,0.6948110761531132,0.9330884662740297,0.9264878147540219,0.8250983798110155,0.9732316769208941,1.0,0.9838602325966506,0.9802485883269559,0.9656355710134717,0.6890943686443686,0.978310448537365,0.8978494047941705,0.79914796669797,0.9449621971286362,0.9658047117655977,0.9547127356016716,0.9522848249909776,0.9359019328217759,0.6468837289261036,0.9499498492567995,0.7301749923151385,0.6159018610990039,0.7339385896823767,0.7414603995707939,0.7371889097022817,0.7416280527453538,0.7409739011167553,0.30210567439995534,0.7147658341100885,0.6177639286914922,0.5220141154038912,0.6118416543397982,0.6240017115355737,0.6235975588867413,0.6282922694767129,0.6273476353424283,0.29287021757206083,0.6117322275871734,0.11281133556892352,0.12953661957393636,0.24403569200832695,0.25137715662501675,0.22903312055490166,0.2367025994328842,0.2502274579933128,0.2405620141015825,0.25307456546969354,0.44326143365187837,0.34393290158032486,0.47210005223824936,0.46872025105967874,0.4714141276946863,0.47289614842748745,0.4839455635073628,0.151107484582561,0.4463984170620894,-0.08984072677404348,-0.1130725326792783,-0.1804282132278583,-0.1888895932484159,-0.16882883406463337,-0.1747462578677929,-0.1581565538553511,-0.1540477299330768,-0.19668953285373655,0.3325150022267174,0.3172568586473194,0.42420146475709586,0.36457559051949356,0.400518987420178,0.391345093602954,0.41819730098802865,0.11349378649451151,0.36728299631364564,-0.054795090051996384,-0.06422663137222731,-0.14831794222363054,-0.15624666836568962,-0.1370869891902326,-0.15210149717125834,-0.18551077358652113,-0.17484940668999172,-0.16103248204963788,0.3825551030885815,0.30989958157848774,0.4149299998640302,0.4280062359589272,0.42970320214322794,0.4241660810165162,0.4040886218232696,0.08659901405379712,0.3447586926621165,-0.08950844932850101,-0.07938037757390562,-0.16317992258554506,-0.15931044363863558,-0.15077372709503153,-0.1489378152379312,-0.13167421900080345,-0.12999946564779735,-0.1623673662995292
T3_amplitude,-0.0010153437212817268,0.0044529087587799245,0.0037285327442707064,-0.002196780149852449,0.0032619700718691637,0.0004203197567991158,0.0012942561997012162,0.004658164849869533,0.002300469125462283,0.9064969434345466,0.8028251519465712,0.9496843610233935,0.9536612383186466,0.9662481212260858,0.9493919555394423,0.9384947225271498,0.6476433316074088,0.9521102245795303,0.7324109572906262,0.6190623345917702,0.7372229415259355,0.7394617898733242,0.7407415335610044,0.7429286921450575,0.7431455258288613,0.30262067962690253,0.7165599050007749,-0.8732591480518235,-0.7601176112260588,-0.9357811037062119,-0.9167616523438611,-0.9401253060845531,-0.9138466187380984,-0.9073671015903131,-0.6263394106244153,-0.9265305700074129,0.89200443592407,0.8084060872287464,0.923804548705605,0.9473274710405806,0.9564727569064009,0.9366666482095125,0.9271340640170432,0.7008925791479008,0.9422092763520488,0.9356943791299682,0.8288239249744349,0.9812014168826378,0.9838602325966506,1.0,0.9788888440514255,0.9699609955329868,0.6916283883520709,0.981811664391075,0.9062190894527911,0.802331381337773,0.9497012567086361,0.9537960848416233,0.966270399438373,0.949395046048386,0.9385361208319868,0.6478381897560858,0.9520515664698226,0.7333190330624241,0.6194389398971645,0.7380952987441771,0.7403724850898394,0.7416894820323363,0.7438806795375694,0.7441136496002263,0.30314967291616374,0.7175025243046662,0.6212958191355084,0.5263983745637404,0.6156202089610073,0.6241959388398078,0.6281580299263837,0.6311043562759155,0.6309970171596053,0.29438838871628054,0.6150091711691379,0.1284472198308973,0.14295447404693312,0.2537252946111911,0.25628977310242007,0.24351639607671302,0.24316802741942145,0.25860969131419986,0.24892333285259635,0.2650860259443801,0.4466478975268366,0.34698521968087026,0.48062023828113204,0.4679321301482537,0.4781186689013577,0.4762936517345832,0.49004633938443093,0.15220435434864882,0.45051766030203094,-0.09801514783573675,-0.12116290145173096,-0.18760061252248486,-0.1904465238485675,-0.17957413590789806,-0.17982259380401458,-0.1649671895264544,-0.16143577051877478,-0.20525566675812779,0.33489894834981937,0.3224369275182353,0.43394167543544765,0.3601759932531122,0.40661626504756554,0.39294608932936365,0.4219777636539652,0.1146966982044223,0.3705761234743851,-0.06626766449490555,-0.07644761726244205,-0.15502993347184885,-0.16235823962692192,-0.14789230184249516,-0.15969082813613927,-0.1910239850268187,-0.17927994990742815,-0.17019283693784312,0.3908665109457262,0.318425087965661,0.427264842098788,0.42391537069416285,0.44085002303512827,0.4303005801549558,0.4091013961427855,0.087821531037178,0.3505832276261172,-0.10253437596277441,-0.08489948469359372,-0.16754331915582418,-0.1609365209769865,-0.1553833805964875,-0.14512146312858218,-0.13421141549593832,-0.13436866143430434,-0.16823406764861198
T4_amplitude,-0.009386908382565428,-0.002975490912501364,-0.0057388887125402336,-0.011935416326915171,-0.0064701667852130095,-0.006865554616667103,-0.007079110044286206,-0.00210971921297443,-0.007096691995068671,0.9089137323386531,0.8079426651151185,0.9357658451251444,0.9486595696024634,0.9474033386235619,0.9672154347740115,0.9243547942215815,0.6419450851304644,0.9474940095219428,0.7339535710981735,0.6206327816487143,0.734643461991025,0.7382900300163809,0.7371601205799482,0.7546276300574402,0.7393814517621079,0.30269568722743195,0.7170316874100606,-0.8765240526577666,-0.7648790740689522,-0.9231749316636331,-0.9151690352503508,-0.9205130337698482,-0.9382829563519589,-0.8943229797908532,-0.6212721468743837,-0.9238067891807649,0.8909732741813832,0.8116044926295573,0.9096630264517256,0.9422661705752009,0.9360794223285379,0.9527134137132257,0.9135225682212628,0.6941636628251475,0.9363639799080297,0.9367509220388047,0.8330171297038161,0.9669892848670789,0.9802485883269559,0.9788888440514255,1.0,0.9558550602343794,0.6854716845811919,0.9771981635248276,0.9086845081451593,0.8074872470354597,0.9358540875805699,0.9488519104828068,0.9475078849067584,0.9672508673833228,0.9244696392642172,0.6421878156804575,0.9474990976630755,0.7348892111287694,0.6210478509450753,0.7355439934512914,0.7392328923166037,0.738142150622247,0.755638496647512,0.7403817440989284,0.3032357203886832,0.7180091333187495,0.6229258799974091,0.5279563433631705,0.6142182502068003,0.6240017842583678,0.6261352226372479,0.6413647592267976,0.6288847794741392,0.29444193645856664,0.6159712467716525,0.11736491959079139,0.13611700652429243,0.23767984501640005,0.24295323592308468,0.22365678075683493,0.23367168220374365,0.24201927270369783,0.23449747565854048,0.24902370054865608,0.4462542245789083,0.347135128345393,0.47589864403287246,0.4657510289703265,0.473158871813682,0.4843703667922744,0.48488093077611205,0.15201721865116877,0.4493830991031209,-0.09546625598903395,-0.11557619162074136,-0.18168432381357794,-0.18669659023369042,-0.1699532119237596,-0.17905246601038896,-0.15952506912611372,-0.15670339225530727,-0.19915917455770987,0.3327238946368135,0.320551809359532,0.42502347540167784,0.35588148863749863,0.39775571842666346,0.39401749152976895,0.4144526738641122,0.11343763707447663,0.3662508859231988,-0.05722518551595148,-0.06899867153168913,-0.1413212880973968,-0.14801467593507264,-0.1325401000725989,-0.14825510074126372,-0.17575014285063373,-0.16629988727654507,-0.15548140907955735,0.3867124610063347,0.3157197709891965,0.41935446531639375,0.4188734790689644,0.43097074341604735,0.4339462943314286,0.4043806614262689,0.0878023943673823,0.3473538540094981,-0.09001594421558207,-0.08582023784836348,-0.15009778530828388,-0.1496228064126259,-0.13813280204384268,-0.135916856753501,-0.12081394540699038,-0.122776112144134,-0.1543506376887865
O1_amplitude,0.005450375995997447,0.008878528923772281,0.008637087276691966,0.004423823066466168,0.008897939483217437,0.0063434413222203485,0.008791818829349072,0.012201719206059659,0.009334203845829673,0.8587460919477916,0.7649837262707376,0.9307785010571483,0.9395628777588808,0.9409310391159001,0.9296743418650073,0.9648540216236826,0.6582820019740976,0.9371930524299924,0.7003937334425473,0.591878263772267,0.709751623027305,0.712570469689239,0.712116862548436,0.7142695645678535,0.7255538808381932,0.3032256320677374,0.6937696849660222,-0.8265113964531252,-0.7236401719194564,-0.9168616878655962,-0.9022280574508379,-0.9133491732079287,-0.8950884117302098,-0.9365839108983225,-0.6380278574890641,-0.911724229429593,0.8465355484243497,0.772287345699385,0.900135500392365,0.9275923168572773,0.926487520849343,0.9122146106177764,0.9549009321996169,0.7030128523049018,0.9236732359575306,0.886880727118128,0.7904818250363161,0.9584390248659933,0.9656355710134717,0.9699609955329868,0.9558550602343794,1.0,0.6987243325603789,0.9641679648082738,0.8584419732824222,0.7644772014942458,0.9306726548048684,0.9395714041640836,0.9408520037009815,0.9295580469447632,0.9648348354259011,0.6584830666084507,0.9370555272130464,0.7012344819190448,0.5922156198569404,0.7105387752618262,0.7134010373163097,0.712985963523557,0.7151388488946399,0.7264960414112996,0.30376635459302254,0.6946554490087266,0.5936090155241055,0.5028452618463971,0.5912849533428839,0.59997488913348,0.6025408594660143,0.6054898470741316,0.6137017734232955,0.29545326896815244,0.5944478995056254,0.1318515129725795,0.15115077580423242,0.2735723071102746,0.27686000232324004,0.25606156074784664,0.259606346148406,0.28095625324765805,0.2751676744455443,0.2845965237915499,0.42513507493844854,0.330016403790464,0.46471570383247035,0.4510436707227321,0.4599490018178498,0.4584663337142721,0.4798146890442998,0.15565485790696856,0.4374564343196711,-0.07485358114728195,-0.09950136151175401,-0.16188501991838733,-0.16756718812693422,-0.1495417071802171,-0.15511888410061472,-0.14775318443499746,-0.14399458719131586,-0.1764304102959373,0.3161915062463373,0.3051223902581291,0.42293295115521745,0.3497363314747482,0.3930244093199612,0.38124861767345714,0.42129049774852284,0.11505511257077916,0.36052157957227005,-0.10849407645160722,-0.12159438953106606,-0.20542485653593529,-0.2098087715050188,-0.19181787607667267,-0.20143404542180868,-0.22317135030900814,-0.2152381486708836,-0.21908360434234694,0.37264108310769406,0.305084886306726,0.41703073302022864,0.41467408111686316,0.428291595613973,0.42038134818819844,0.43555584072723297,0.08749213543582139,0.34566492702655066,-0.0852468161372269,-0.07288448624703178,-0.19729444276737837,-0.19724662451377564,-0.17562709126318057,-0.17516539340879023,-0.18216881571839866,-0.18366552645086803,-0.19249853221446667
O2_amplitude,-0.0011941608571267289,0.0030695782793207383,0.004524798619735561,0.00030347295122821186,0.0035302276340035445,0.0024504198823472557,-0.0013591400486271904,-0.018227579633806952,-0.002098465895579581,0.612984516660778,0.5534910997916274,0.6625863285044385,0.6690879047538676,0.670268609099253,0.6663697765656428,0.6806505669245073,0.9705466540490508,0.7678221456117172,0.4817666302022077,0.4092578803819452,0.48964054519750994,0.49051108873797533,0.490823107150428,0.4924572081978309,0.4994116545425439,0.7713548370266186,0.6625454681807179,-0.5931914552451484,-0.5272733699967664,-0.65657792115938,-0.6447971895667335,-0.6541619121503739,-0.6445020370517112,-0.6624892496515989,-0.9589738889536192,-0.7529292943171214,0.603756566730169,0.5567680997441934,0.6385088237180354,0.6610959339390617,0.6581463327125279,0.6518846139817036,0.6603704715302958,0.9619655543860813,0.738353351169644,0.6343901258521072,0.5727909634861055,0.6827832015737644,0.6890943686443686,0.6916283883520709,0.6854716845811919,0.6987243325603789,1.0,0.7825108894257295,0.6127939346718185,0.5531376193254943,0.6625628907803137,0.6691855975441421,0.6702973411269463,0.6663518703768403,0.6808587989663017,0.9703659470122006,0.7676926597726297,0.48235910440920565,0.4095144936969907,0.4901841245849998,0.49111110140703973,0.4914476202165752,0.49308122771925345,0.5001129966480784,0.7717989875345154,0.6630990770323045,0.4090037287297395,0.3504726202733177,0.4084288838332503,0.41392991430057974,0.4160622687694225,0.4182409830038028,0.42377109108675415,0.6643112521330906,0.5428455477815768,0.113365177455101,0.13048119430633764,0.2193835378555783,0.22398201096007175,0.20624027237818554,0.21336395010751405,0.22714175357499924,0.2325829803979751,0.23400092606639958,0.2912969380740131,0.22620762083722734,0.31976152154468523,0.3096744456176533,0.31594130033478435,0.3149928041034971,0.32786251899604596,0.6068671654038171,0.5064721256628418,-0.0748178996872291,-0.09609096757245272,-0.1393071005254014,-0.1445329532278352,-0.12898779789964296,-0.13715774525700994,-0.12476407378449081,-0.13489822579399938,-0.1567274343908245,0.2160258162047008,0.210139670802671,0.29197937141848845,0.23914020547017134,0.2702925473439261,0.2611582013557283,0.28566394137441553,0.52464975760117,0.44998576659083817,-0.0816928126026114,-0.09221030723278861,-0.15728522468927503,-0.1625412862183604,-0.14769249037020676,-0.15834788359660018,-0.17832180317346727,-0.1736634892680251,-0.17123115193383617,0.26094734472402015,0.21533310969352384,0.29242649662195436,0.2903784339421303,0.30095882800379115,0.29412261129203254,0.2832794679051059,0.5279250165554533,0.5316775396656128,-0.07470244062900364,-0.0664716020071039,-0.1503890324778552,-0.1518710500695626,-0.13636339573569442,-0.13674646966366505,-0.13980564315666125,-0.14701856473328132,-0.15337785002089377
avg_amplitude,-0.0020199782468196302,0.004491390142871577,0.002524433319993951,-0.003575900061309846,0.0015782772657738926,-0.0005433867306693729,-0.0004665353423229825,-0.0007120634083128999,0.00017593081058167923,0.9114230353224869,0.8407347839435676,0.9370161124160941,0.9434569367472434,0.9469511066377334,0.9441908416064896,0.9296761571188719,0.7377301079996913,0.9681695714157711,0.7310786258922976,0.6508710807265596,0.7359024446710329,0.7351981442463857,0.7350647743754574,0.7408160343350326,0.7390640497999301,0.4103977401496409,0.7536010094164971,-0.8802237508674472,-0.799975402353215,-0.9236480507913303,-0.9105162137931784,-0.9208450302515189,-0.9113646770985956,-0.8992959132211694,-0.7174208462237999,-0.9449116568088726,0.8995445180819347,0.8430355568821953,0.9184060319230123,0.9429434158785676,0.9409434732369261,0.935842767134545,0.9238438044300235,0.784533947908545,0.958605438653065,0.9433951589604985,0.8681302124349378,0.9723342407419414,0.978310448537365,0.981811664391075,0.9771981635248276,0.9641679648082738,0.7825108894257295,1.0,0.9112200233538206,0.8402750467384019,0.9371378148509931,0.9436799162068795,0.947075615909859,0.944274016184097,0.929864949611231,0.7379440919172744,0.968195730025484,0.7320162542440015,0.651323982551928,0.7368304993940631,0.7361436518483493,0.7360462255995809,0.7418000254694844,0.7400901406461656,0.41096390359048646,0.7545820732911398,0.6206038019811773,0.5524791453522294,0.616224341431455,0.6215298305284027,0.6243767753321369,0.6300426243185052,0.6286328188977374,0.38349187693685327,0.6427017286954624,0.13136716242447308,0.1473562006807761,0.24480310790303347,0.24824072447463305,0.23305524741841696,0.23784756668897322,0.25128220396818585,0.2453998245708748,0.2596317362878771,0.45013477482009084,0.3725859456452617,0.4842658472101272,0.4689824008096431,0.4777011259881763,0.47930984254965253,0.4895273408717308,0.2489923359150301,0.49564530513875726,-0.10164024812882053,-0.12178963836487672,-0.18059629474320293,-0.18452184717634773,-0.17019667512808961,-0.1746587187789534,-0.16117688372185324,-0.16012135876724504,-0.20046675568639916,0.3363029970937659,0.3440527068499855,0.43174826034991437,0.3581458579784495,0.40172034657228683,0.391825466286539,0.4178164224528761,0.19832973271295487,0.4099357202008598,-0.07009854563429876,-0.07924232339333583,-0.1506566726844091,-0.15701079164134554,-0.14254850248860684,-0.15542530620413073,-0.18390958354344775,-0.1753706738658953,-0.16644192761333798,0.39284266974129145,0.3420454648128164,0.4247501377590927,0.42108517975183934,0.4331463121258628,0.4274874512736763,0.407447393742066,0.1757740626905115,0.4068972536740344,-0.09968349795379076,-0.0912166730701435,-0.16005943250115773,-0.15633472710938376,-0.15040241475297708,-0.14639452449809845,-0.1325231440424053,-0.13415518264234133,-0.16659327287293849
Fp1_rms,-0.009345715511646636,-0.009787437845543576,-0.007527675379575409,-0.018278556270304214,-0.011016302334214086,-0.012980311954451275,-0.012522950766089226,-0.006391476807759977,-0.012145770786294715,0.9999549644462454,0.849513616774323,0.9022510906966191,0.9123562636945429,0.9261432024461684,0.9273936360999742,0.8772460319878298,0.6050299338115548,0.9333167105852485,0.8552806128110035,0.7004090269301968,0.8343254974249121,0.8411457397478329,0.8419442673944015,0.8490410479921996,0.8372379597873212,0.3353902002187317,0.8131953621657908,-0.9123980893427918,-0.7564353447966679,-0.8429957231344314,-0.8315106620055188,-0.8495707309731066,-0.8455128878329694,-0.7928258772147436,-0.5495844626770592,-0.85815692593944,0.911514597424523,0.7996450008587195,0.8359216612724419,0.8690722027855088,0.868819164354308,0.8719452533448928,0.8291971754213637,0.6261692620209878,0.875993143400807,0.966184275938245,0.82221530331923,0.8860890899551326,0.8978494047941705,0.9062190894527911,0.9086845081451593,0.8584419732824222,0.6127939346718185,0.9112200233538206,1.0,0.849118940415481,0.9027135638967331,0.9129399068553068,0.9266086600847886,0.9278072116905771,0.8777504264345312,0.6055415968913371,0.9336777899720903,0.8562739406777073,0.700694959077957,0.8352293372062587,0.8421167105314785,0.8429344995755055,0.850029136214668,0.8382454877645404,0.3359569040216865,0.814181643383588,0.747626752499606,0.6106212469635969,0.7203887944529349,0.7355090256256352,0.7386304909819241,0.7451979009285644,0.7366867901656133,0.3378154453868999,0.7212023249305306,0.1586000263483314,0.14167373195073676,0.1751095090293651,0.174221147075477,0.17812386882476428,0.17760083256498804,0.1782370503034072,0.17128699840660175,0.20155090782624963,0.4349520760664212,0.3291503999109744,0.4389221602474077,0.43940861392937347,0.4440301523930386,0.45177664272470686,0.4452867532591159,0.13906665538636914,0.42063730407196376,-0.14408846665854974,-0.13129699418680707,-0.1699204058738365,-0.168752623682818,-0.16769587899791633,-0.16538118225431783,-0.16024103918819352,-0.1543846260876297,-0.20010164399730115,0.3136305433318959,0.2879066699939184,0.35324018503905447,0.30918550515212134,0.3408844510730844,0.3418106964927148,0.3391137997130499,0.0911589465191002,0.31463701492299195,-0.0537244917230136,-0.04162370136303378,-0.0679241831295495,-0.07241159784411291,-0.07201488461154884,-0.08097314595896761,-0.09962305170520873,-0.09772427568070567,-0.0875657495778816,0.34978587552536206,0.2714575592417136,0.3376428700834384,0.3460561817003031,0.35295705292609053,0.3551477295031882,0.31627379152060314,0.06848043578759587,0.2851246635943236,-0.13323331556149898,-0.11599067429674476,-0.10086413013520477,-0.09154141213144441,-0.10807008807934475,-0.1021013859157618,-0.06082576750093977,-0.060973671293734044,-0.12851103507488687
Fp2_rms,-0.016695908940626666,-0.004099748444832288,-0.013000322346229306,-0.02087561508806608,-0.01572711657511039,-0.0158922718007692,-0.015619852605728164,-0.009651145985171907,-0.015419411327321697,0.8489677454937467,0.9999434868279543,0.789383915813946,0.8005784334476874,0.8069608409006231,0.8116646857477495,0.7696562658515033,0.5389771951314147,0.8483858665494015,0.7206617210034377,0.8557883800391514,0.7090483094819677,0.7149980777395379,0.7143690491373672,0.720348107083146,0.7114174729822563,0.2888326108763723,0.7240195286489394,-0.7861359532333554,-0.9146382701661134,-0.7473916824521838,-0.738808539776885,-0.7495029770287109,-0.7494358441918775,-0.7023081843689335,-0.49494038690309505,-0.7933652422145427,0.7904030651073198,0.9231384058060697,0.7464786838641304,0.7746897754923502,0.771508556763262,0.7765219912148265,0.7415983307497378,0.5663105692522713,0.8060319498862508,0.8352910680465432,0.9707577087180499,0.7887375536913322,0.79914796669797,0.802331381337773,0.8074872470354597,0.7644772014942458,0.5531376193254943,0.8402750467384019,0.849118940415481,1.0,0.7898728422262632,0.8011848400155338,0.8074681796252544,0.8121172481019455,0.7702323804153206,0.5394567914165797,0.8488727236134107,0.721614913766714,0.8568803941670091,0.7099407296395245,0.7159611634450284,0.7153443743700488,0.7213041939549749,0.712424049704272,0.28935355162602316,0.7251214449925983,0.629719938286087,0.7321102373538395,0.6113790851499522,0.625095758915528,0.6261787403439685,0.6317153555798697,0.6254980698954811,0.28948470228540635,0.6397727719469218,0.1378174821966446,0.16415395644153624,0.17983998406433474,0.18047542040296138,0.17852985629999177,0.18212495616253474,0.18940773812450062,0.18385382668898412,0.20790193193270382,0.3969198078682388,0.4697939557714116,0.40696275701045587,0.40375667714858604,0.4091553553176798,0.4156066604933665,0.41075002943705285,0.1297578637733815,0.4137605910984593,-0.122298917836253,-0.14280388191586507,-0.1572325039271794,-0.1591509712202675,-0.152647135760625,-0.15472053153793497,-0.14484591697197105,-0.14551603089683918,-0.18684998963097338,0.28697087609703775,0.4243416947125502,0.33546766511809467,0.28528393486534825,0.31758049806850785,0.31788781477021083,0.31853056411521946,0.08633669817999462,0.31350902956114574,-0.04958785829236531,-0.05983072676819135,-0.0842218722337033,-0.08801751409684139,-0.0840311631650541,-0.09390710710702042,-0.12055718757389225,-0.11402303040850179,-0.10383649216258688,0.3243620059695387,0.4249717317550695,0.3155495416180686,0.3183574344900179,0.32308017159652247,0.32663881082129437,0.2916144724266511,0.06434387318392121,0.2854581846124896,-0.11582656809693125,-0.13123676758696207,-0.11555941694756111,-0.10718053541903509,-0.11849336545015014,-0.11624898123709333,-0.08894550366282,-0.0886383345693304,-0.14407311690432914
C3_rms,-0.005774299839698903,-0.0013522140685885524,0.005067438548801274,-0.008070680256674737,-0.001633949424096467,-0.004535199191389344,-0.0037035852173481604,0.0016348339619370337,-0.002301251918873336,0.90294173147165,0.7903832977513445,0.9999594305392671,0.9787790181923652,0.9834467684057129,0.9687332125339643,0.9618327035312244,0.6601955761956032,0.9700872899741091,0.7773721691461147,0.6404042527063268,0.8143717554320565,0.7910758120802435,0.7904270740901066,0.7924766251142044,0.7943667141082429,0.3176836568103587,0.7636821741599692,-0.8220109730382633,-0.7043668254837703,-0.9208980194919371,-0.8851892456196503,-0.9005227498102447,-0.88133995573594,-0.8789740304310032,-0.6052169697049812,-0.8894381512440144,0.8295496678421832,0.7505430751657618,0.9080824748136326,0.9056990620124693,0.9017837682325585,0.8887506425260038,0.8824972360129575,0.6664277867471787,0.8949304657936058,0.8751300105207294,0.7687990969879365,0.9649927811265865,0.9449621971286362,0.9497012567086361,0.9358540875805699,0.9306726548048684,0.6625628907803137,0.9371378148509931,0.9027135638967331,0.7898728422262632,1.0,0.9788649340960692,0.9834446619530408,0.9686802838230484,0.9618455457621695,0.6603676930685558,0.9700039308878469,0.7782385159560272,0.6406613097770328,0.8152929789041032,0.7919015954946228,0.7912846133967075,0.7933303125189427,0.7952312100025501,0.3181701170851001,0.7645510799925203,0.6798909533524006,0.5583795091316804,0.7043744389961708,0.6888196098365674,0.6901317977620233,0.693012684887589,0.6940123093208239,0.31742675941961584,0.6750597710264771,0.13244584198858922,0.14311986290163523,0.27825065744865324,0.2765071600834544,0.2611693279792211,0.2618588129401778,0.2724419976881326,0.2629600785888936,0.2819634593988779,0.38325245659235274,0.29315658952487866,0.44677573867065623,0.4094339257338222,0.4156243741737187,0.4183500124001979,0.43028146961896113,0.13498721353498772,0.3955291599843515,-0.11262719701794598,-0.13570332435133467,-0.20937865011825726,-0.20994376707960882,-0.19760647680700513,-0.19977079055199065,-0.18087814989648968,-0.17663913568456277,-0.22743185962546683,0.26960110052547154,0.2572147756855576,0.3873084287049183,0.30472409559368546,0.3431657713814217,0.33661739240657806,0.36136025289714024,0.09868746422627546,0.3134897073215473,-0.06241331283135689,-0.06827820711164144,-0.1650118537657392,-0.16950502682483531,-0.15228824449405481,-0.16397827088071756,-0.1944863391441901,-0.18556085400053615,-0.17397828621482964,0.31769425495585407,0.2545486219846541,0.3775685951975753,0.3608766664385085,0.373325157513298,0.36902621210693703,0.3511374005439046,0.07324636431648981,0.2958866502163305,-0.09772376813120101,-0.07645393016442947,-0.18617834809046555,-0.17490162657465694,-0.16885188314980096,-0.15886102300168584,-0.14122916888313305,-0.13816008201749183,-0.17534544169879934
C4_rms,-0.0068872858812546,-0.0024634731242661485,-0.0020194173736194127,-0.00861575110952989,-0.0043863863295055565,-0.007516072131913556,-0.006003620076099712,-0.0013122382531436918,-0.005283437660739349,0.9132057702375483,0.8017311157299135,0.9789488143681082,0.9999611786823679,0.9875483207306242,0.9832926933943861,0.970749818384007,0.6670494848517107,0.9776533007507656,0.7946153903219387,0.65401939688283,0.8015692081345679,0.812806196049377,0.8058842536300551,0.8096033791139458,0.8106711855787108,0.32488735757785075,0.7768474128987712,-0.8388400048123275,-0.7181948530065261,-0.9182173525735471,-0.9149757195245024,-0.9112727769004321,-0.9020707440833281,-0.8941767021450744,-0.6147969815803339,-0.9048397774419438,0.8300852634965363,0.7538349335490068,0.872024009849322,0.9165070814325929,0.8997921817160769,0.8936351015718009,0.8851753143429026,0.6696871801202339,0.8931814275090061,0.8838480462743108,0.7777666663178165,0.9426058537192078,0.9658047117655977,0.9537960848416233,0.9488519104828068,0.9395714041640836,0.6691855975441421,0.9436799162068795,0.9129399068553068,0.8011848400155338,0.9788649340960692,1.0,0.9875238180030186,0.9832034533114753,0.9707475495539197,0.6671880777420354,0.977523089229651,0.7954591266295563,0.6542567440932744,0.8022948989586584,0.8136065333063747,0.8067229748027065,0.8104362099460068,0.8115241268888341,0.32537050759024244,0.7776772459942187,0.6930366155827885,0.5684450561989323,0.6872733234776617,0.7057780352964776,0.7021046175314128,0.7064092467574885,0.7066988164327709,0.32400649447455154,0.684451882687746,0.12387724664053923,0.1368811418353637,0.26682504816546965,0.2761560303795985,0.2507048311873518,0.25981561273052634,0.2670803980203166,0.25774882605740085,0.27462231953297667,0.4010488897114947,0.30455508557403704,0.42882438705762416,0.4292959563742541,0.42972545187365235,0.434523478979492,0.4435669778413107,0.14001208684151745,0.4068512250565464,-0.10741088818453427,-0.1306207362681301,-0.20116312195212324,-0.2115380622163391,-0.19043148668505072,-0.1980167826342616,-0.17752032217188932,-0.1734045704635213,-0.22239515225395098,0.28703422681483165,0.26641510714034916,0.37461658217394367,0.32455595532675763,0.35439225068130925,0.351518085538512,0.3726090926162123,0.10141428557287673,0.3237586399894784,-0.05688905567947068,-0.06314748193334724,-0.15835289301535288,-0.16681826052011559,-0.1459894135073616,-0.16117355155120744,-0.19077438351386589,-0.18182768610932387,-0.16870887525412873,0.3262448535601474,0.25680335450971953,0.3582528042701004,0.3745344133227749,0.37687873286605506,0.37606983654144494,0.3573224756535552,0.07559909253846997,0.2994316111144873,-0.09056045949222534,-0.07495779156118554,-0.1771588081073765,-0.175496114636261,-0.16076428702612636,-0.16126245481960863,-0.13768065035698546,-0.13492289206631383,-0.17055830449274842
T3_rms,-0.006583138509703252,-0.002667990798142416,-0.00037660240461429234,-0.009262176533159628,-0.0027738237862887944,-0.005727438234971235,-0.0045606031568291875,-9.38480078940861e-05,-0.004245567677961544,0.9268537999382851,0.8079872568292126,0.9834491363511397,0.9873855019093727,0.9999616947064974,0.9803159819572431,0.9727823810089875,0.6681232713621671,0.9807123002761913,0.8021577200058345,0.6598094921244873,0.8090868415659141,0.8140009023073655,0.814061610694784,0.8153379880422166,0.816918972502805,0.3272178065155046,0.7827511248166423,-0.8470958562391114,-0.7211801103894064,-0.9186791598767562,-0.896535084134791,-0.9189861910951987,-0.8946210773451477,-0.8902541627924634,-0.6127901991942093,-0.9030684971382231,0.8449980461464138,0.7614921059321604,0.8817414204588443,0.9130681835377125,0.9151603594985179,0.8977917488879582,0.8907378811134229,0.6737176520712912,0.9007685530299769,0.8963179763174625,0.7834211593378464,0.9485163953232473,0.9547127356016716,0.966270399438373,0.9475078849067584,0.9408520037009815,0.6702973411269463,0.947075615909859,0.9266086600847886,0.8074681796252544,0.9834446619530408,0.9875238180030186,1.0,0.9803021305399724,0.9728354173645313,0.6683158199281317,0.9806482032264158,0.8030202971737038,0.660049868252612,0.8098426786948785,0.8148368522385455,0.8149292219171365,0.816200377235529,0.817794031231814,0.32771159769270886,0.7836055413726121,0.7006522093803912,0.5745924063749887,0.6947819863112833,0.7081319068717831,0.7103421865236605,0.7126023662601247,0.7136169603559096,0.32693064954545525,0.6908582643778115,0.14659333515568856,0.1567746856726737,0.27797889562137085,0.2787826826762057,0.27041604141343184,0.26690929403657704,0.27974564550130504,0.2685921233862135,0.29037478662651073,0.4013623077964802,0.3053872695410537,0.43160791305453616,0.42623304278354524,0.43134825108986086,0.4336642838069103,0.4438485849464314,0.13951649740297584,0.4068942634855867,-0.11888901402953135,-0.1403594242972932,-0.21008373644488126,-0.21227338285617,-0.20383644471249193,-0.20258098651261713,-0.1864458972465827,-0.1820649424538132,-0.23269690645472824,0.28637469212984895,0.26757893612984285,0.3729604603082181,0.31550665174605225,0.35197670848764084,0.34536319805707455,0.36557314546296493,0.0993631383852966,0.3197415683213873,-0.07130317587710581,-0.07752605454329826,-0.16394912199014647,-0.1703006198073622,-0.157580946511622,-0.1678157325542869,-0.1982700811000579,-0.18710509790071714,-0.1784608003218594,0.32846123042910064,0.2593045488219476,0.3590421939836998,0.3648842676255365,0.3766556679758006,0.37102084578224737,0.34958221562277714,0.0740135410101837,0.2967413720743359,-0.11316727460006805,-0.09147656366223304,-0.18572277611006205,-0.17611157896277693,-0.17686784735317368,-0.16291734149460355,-0.14684930178090466,-0.14430451934188038,-0.185556284270326
T4_rms,-0.013109317361338045,-0.007837432337149652,-0.008690598950600101,-0.017546169251349605,-0.01154892633697604,-0.01141725945211356,-0.012083487558551608,-0.006024371580954232,-0.012126516406771162,0.928000531759102,0.8126016225970173,0.9686243972868191,0.983020161817203,0.9802015150053998,0.9999612932930256,0.9585138611920704,0.663388941016753,0.9761351362971574,0.8009437398361777,0.659119445938247,0.8037603584804095,0.8103759093565654,0.8078175597504642,0.8262930307150452,0.8106719646262531,0.3267344482212935,0.7810735556174373,-0.8507522063324185,-0.7262018148373289,-0.9080594444820127,-0.8964138402465335,-0.9039090741954817,-0.9166025840441208,-0.8803299366791588,-0.6098132509792773,-0.9019386583841134,0.845721942487598,0.7659072693584427,0.869560957893882,0.9088175568168232,0.8983449953253582,0.9135639298013914,0.879399561930363,0.6691449652035373,0.8967629277248492,0.898551859736933,0.7884013109685868,0.9363871528086017,0.9522848249909776,0.949395046048386,0.9672508673833228,0.9295580469447632,0.6663518703768403,0.944274016184097,0.9278072116905771,0.8121172481019455,0.9686802838230484,0.9832034533114753,0.9803021305399724,1.0,0.9586263000954571,0.6636230541685693,0.9761284139406899,0.801817725324481,0.6593837035876137,0.8045290000865917,0.8112241365266566,0.8086968964557301,0.8272195918898453,0.8115572583089301,0.32723778461033665,0.7819492220699494,0.699765780294373,0.5742740023361812,0.6908134345037514,0.7056592876644472,0.7057105520086194,0.7216151588803456,0.7089645430200747,0.32640095040678485,0.6897143646846053,0.13258552916043767,0.14899162586555675,0.26055623478457,0.26695825863247574,0.24705141652861326,0.2611914013037234,0.2615229873814075,0.25448675679398686,0.27361544296770435,0.4017535069936629,0.3058781356528203,0.42799520615186554,0.4250747559504969,0.42775505077784814,0.4416369870551466,0.4400469915886244,0.14024244089351143,0.4068391976637228,-0.1135571360774613,-0.1338647558742133,-0.20066217976628714,-0.20743707903126452,-0.19015143254083947,-0.2021609693264037,-0.17825317063439186,-0.1758616031316382,-0.22402734219014545,0.28678138814505827,0.26804939416118817,0.3677203161905054,0.3146082859306257,0.34698536531286567,0.3494756002447203,0.3626197921591455,0.09985033914000033,0.31899737167830056,-0.062412858354221966,-0.07117273361343181,-0.15182919592536215,-0.15876264223524275,-0.14272803735404807,-0.15939547522868186,-0.1836140111090276,-0.17590547637413237,-0.16543911599837952,0.32830368193570236,0.2598954922842033,0.3555095653768111,0.3647432346780635,0.3717199796307851,0.37782335394674615,0.35049657989175753,0.07623492461596929,0.298077238263477,-0.0967815299624495,-0.08975811452850928,-0.16820487173432316,-0.16746088631973458,-0.1550324413590444,-0.16048484307842484,-0.13216122145756337,-0.13243646954555302,-0.1707246134468526
O1_rms,-0.0022172282644235494,0.0007429531405004224,0.0028320758456884536,-0.004776457292494964,0.00040240928373365647,-0.001948535561393963,0.0004658016124932628,0.0071061545315710024,0.0008534222580170039,0.8780088970873641,0.7707640650037471,0.9619676087485596,0.9707253955849746,0.9728976359061803,0.9587528547088516,0.9999572225647378,0.683655995825602,0.9657004000285329,0.7659443930978844,0.630929298771503,0.7767125951855953,0.7823672684674134,0.7807569254459122,0.7819253548447207,0.7957728837602766,0.33256679178500986,0.7580391897866573,-0.8028117488651079,-0.6876225170628665,-0.9014959068618977,-0.8833630526580644,-0.8961687626965862,-0.8777131599516234,-0.919085256436748,-0.6291141039966603,-0.8909694368228802,0.7994403657101907,0.7258075005808917,0.8564242319535965,0.8910642649264947,0.8858452232498598,0.871706170825159,0.9082426311945503,0.6779072909950162,0.880648520172368,0.8486870718675867,0.746832908393801,0.925604591076114,0.9359019328217759,0.9385361208319868,0.9244696392642172,0.9648348354259011,0.6808587989663017,0.929864949611231,0.8777504264345312,0.7702323804153206,0.9618455457621695,0.9707475495539197,0.9728354173645313,0.9586263000954571,1.0,0.6838114304708671,0.9655598700485952,0.7667568598231193,0.6311377779339953,0.7773970702086169,0.7831376991569785,0.7815586163004029,0.782717323442922,0.7966558324002941,0.3330883193435587,0.7588546131864876,0.6681407075643705,0.5486246201862457,0.665099167724436,0.6787390886510559,0.6796013558591546,0.6818108739591824,0.6927975016311452,0.33319877806734244,0.6678794567367511,0.15042200985496898,0.17121901093274364,0.2976562014065061,0.30072534328795975,0.28223946218207147,0.2844415176117403,0.3111489729674973,0.30063606933104875,0.3134209253670202,0.3802022741893002,0.2892148248744132,0.41592263000438007,0.4102269287163212,0.41399833116140994,0.4164102434511287,0.4341505287471081,0.1481684401975993,0.3965002276602075,-0.09543911775628423,-0.12078987077743743,-0.18437479769158674,-0.19064875384673743,-0.1734737339443235,-0.17895136756174965,-0.1757501963663567,-0.1698404495598208,-0.20638938330888795,0.26847245325448926,0.2512789279177192,0.3616407789722895,0.3051971973462727,0.33880017585694605,0.33373168992279173,0.36328790075831513,0.10343555953187214,0.31147439251229353,-0.1123210108505012,-0.12444667629431583,-0.21324645460697528,-0.21731667239310026,-0.20087199997998134,-0.2096256554785545,-0.23524828107186824,-0.22618269043283643,-0.22849574077632115,0.31218050720502905,0.24690778871652616,0.3485237758588038,0.35561055460605817,0.3648177868957325,0.3612218453603011,0.3607088605911386,0.07713656749844576,0.29264166404549524,-0.09905623068349757,-0.08980501815699915,-0.21751591444986776,-0.2158341165043289,-0.19660938388527152,-0.19436613360328683,-0.20235316931694955,-0.19626185396970067,-0.2151647048011657
O2_rms,-0.0060822124228299265,-0.0032098171312381516,-0.00148164697043244,-0.005815605633088275,-0.002911419719554609,-0.0036691487156976315,-0.006438447019274681,-0.009655441798379374,-0.005865851933220508,0.6056785092432638,0.5398006858017746,0.6603569183224932,0.6670662131165584,0.6682541355932325,0.6636309399906163,0.6835632518362764,0.999953662894288,0.7702615133290491,0.5071582364006036,0.41949099455338673,0.5156267614421776,0.5185400287663317,0.5179220573957091,0.5191553099895443,0.5282826555573896,0.8381043848238021,0.7054442606615059,-0.557111032311102,-0.48661733351665165,-0.6229330422309144,-0.6099674498374899,-0.6196924438481892,-0.6102139314309489,-0.6314619642039766,-0.9276626201621361,-0.7151261988651846,0.5547287708314684,0.5100712784633603,0.589524378828856,0.6164303806741871,0.6105266087859773,0.6050910445479869,0.6162994227758588,0.9362462519116179,0.6918833682377222,0.5889223272758085,0.526608964017195,0.6382655508223143,0.6468837289261036,0.6478381897560858,0.6421878156804575,0.6584830666084507,0.9703659470122006,0.7379440919172744,0.6055415968913371,0.5394567914165797,0.6603676930685558,0.6671880777420354,0.6683158199281317,0.6636230541685693,0.6838114304708671,1.0,0.7701984343665738,0.50770264497877,0.41964082552803156,0.5160969460500129,0.5190680848966363,0.5184708992569342,0.519697390647034,0.5289059573603578,0.8386748909922273,0.7059627579596606,0.4433386406044657,0.3665967438630369,0.44249629717517164,0.4509228908365962,0.4518083665081061,0.4536384444383427,0.4611295989500791,0.7439222975609998,0.5941592198798971,0.12555371032410212,0.14228662238237894,0.2306399362286527,0.23556334494597117,0.2194950332730953,0.2264620221215202,0.24063763460380014,0.2504171647104181,0.2495926693304587,0.25114182864621376,0.19091966287864248,0.27637055272213557,0.2713061186068602,0.27428751426808207,0.27576550107047776,0.28627211101483113,0.6036147700889787,0.47091953163880296,-0.08961645239246664,-0.1102036502112887,-0.15131613270425656,-0.15736247162585343,-0.1424820730495965,-0.15108250535454834,-0.140413668965904,-0.15487704320413612,-0.17511595976020347,0.1763222164610209,0.16557162061400846,0.24057102339336084,0.20089891934372878,0.22419829663598798,0.22005870217397197,0.23771409697426085,0.4954605345402944,0.39985773267282787,-0.0847971201091414,-0.09439138925386485,-0.16008136967473313,-0.1653975232905635,-0.15172876412098593,-0.16208993110918649,-0.1823980116601711,-0.17983463705579927,-0.17558404130577113,0.20900908413825928,0.1656022632031647,0.23499963770976895,0.2389620896838856,0.24585463089080165,0.24221753385598332,0.23219352416338684,0.5149985085878992,0.4850228194187546,-0.08113942863286878,-0.0735160782605335,-0.1578006196316214,-0.15821137891504955,-0.1449446636066492,-0.14495756042920505,-0.14461876520033862,-0.15561156304512339,-0.16256343171094875
avg_rms,-0.008885325552877146,-0.0040564661929490325,-0.003233346589521544,-0.0121938920552175,-0.006446248688260497,-0.008298032857856812,-0.008073551904910572,-0.0037060414949867775,-0.007528666501200305,0.9338337946595404,0.8493147758616058,0.9698992130107511,0.9772919456314328,0.9805096279111142,0.9760547143725974,0.9653488855790271,0.7699520737349724,0.9999623056967807,0.8023482101364106,0.6940376944577801,0.8084158406929549,0.8111830004100516,0.8095691991533294,0.8148389018943659,0.8145183593196756,0.45290459273670247,0.8269527999843415,-0.855807838415325,-0.7618965764917042,-0.9080736837341145,-0.8912990575706901,-0.9037415913309977,-0.8937990793322914,-0.8846664947614173,-0.7085049541200067,-0.9240645870957781,0.8542827725605056,0.7985624545875634,0.8773740168342523,0.9091950645461778,0.9031676405685674,0.8984983174667248,0.8888342575498969,0.765177716649423,0.9201102011547498,0.9058685608695791,0.8244815045126137,0.9409715172139421,0.9499498492567995,0.9520515664698226,0.9474990976630755,0.9370555272130464,0.7676926597726297,0.968195730025484,0.9336777899720903,0.8488727236134107,0.9700039308878469,0.977523089229651,0.9806482032264158,0.9761284139406899,0.9655598700485952,0.7701984343665738,1.0,0.8032451066114631,0.6943966355689998,0.8092278038690502,0.8120522014536994,0.8104675359447859,0.8157360001308516,0.8154526621843602,0.4534725285030314,0.8278608661604252,0.7008792260098144,0.6029281853439259,0.6952904786049757,0.7062419556132441,0.7070250390839725,0.7124107652991972,0.7122187422347951,0.4344771777483971,0.7246107074432172,0.14981863911831853,0.16366777528603021,0.26767153871810184,0.2709176179095224,0.25664571297142674,0.26133621618108327,0.27265027425780947,0.26692308681267835,0.2849592063917761,0.4058483852668687,0.3301533834135338,0.43632872340011847,0.4283639509849125,0.43254181655276874,0.4379345019150946,0.4447623554741369,0.24335957521574159,0.4556782584671115,-0.12111174994039071,-0.14092183574846975,-0.19988363888614077,-0.20456336262180605,-0.19080128066353563,-0.19584770598632503,-0.1812565057534356,-0.18079078842341595,-0.22579976142666983,0.2891382216872103,0.2902207763905146,0.37292233878952863,0.31473150658410315,0.3492608973482545,0.3461821432744047,0.36350200231035434,0.1848639782149911,0.36136674399479884,-0.0767585667702101,-0.08359781231613785,-0.16061154127055854,-0.16658068992334812,-0.15257502350822558,-0.16500452769537208,-0.19274891831952204,-0.1852790336536428,-0.17660809814074707,0.3323809758250533,0.2841048755089653,0.3589968743680716,0.36390958074194835,0.3722131473731971,0.3711375156527726,0.3490449701380904,0.16690725304599963,0.35766010046663327,-0.11081869998262235,-0.09959559507701467,-0.17866527819724862,-0.17335233885209836,-0.16743056938064135,-0.16383759853939278,-0.14544778322747193,-0.14575943059231192,-0.18427780595372645
Fp1_energy,-0.0060871891184695265,-0.0005648273962147848,-0.006109902326930503,-0.019279845033515687,-0.009572148587119956,-0.010342983407155082,-0.014948246051273142,-0.0043184303565396796,-0.009778070964610768,0.8574193927004662,0.7229445681336032,0.7788045924086537,0.795909563579978,0.8035735999292875,0.8024495019306747,0.7672649621707867,0.5079489885406762,0.8039582240250642,0.9999668333594628,0.8079468630778246,0.9768484579226756,0.9920364439539431,0.9942084104738971,0.9898095419267658,0.9889340926334069,0.3687424757631261,0.9450297879771117,-0.7379670936587741,-0.5982921792446823,-0.6784499642592831,-0.6687083737045844,-0.6824123578297577,-0.6851688344131835,-0.6355727125452958,-0.42591210999001344,-0.6864370393951361,0.717496869655063,0.6296100508195509,0.6728977293881995,0.7134874930013007,0.7073926733951363,0.703973935721339,0.6875652713858063,0.49933559095516017,0.7062848766212426,0.7704220742381497,0.6487899072102249,0.7132144919332235,0.7301749923151385,0.7333190330624241,0.7348892111287694,0.7012344819190448,0.48235910440920565,0.7320162542440015,0.8562739406777073,0.721614913766714,0.7782385159560272,0.7954591266295563,0.8030202971737038,0.801817725324481,0.7667568598231193,0.50770264497877,0.8032451066114631,1.0,0.8071735434111836,0.9767304638451484,0.9920822416372598,0.9942673942430665,0.9897833252900912,0.988984571506873,0.368933348123258,0.9450636447297187,0.9096953753649427,0.7344842885227691,0.8763547747747708,0.9021503086639341,0.9064770575199679,0.903462789292035,0.903582105942007,0.38895547314600676,0.8724229478242432,0.05736441476227912,0.05915231196677252,0.06575658696104078,0.06552017162865595,0.06654911959381238,0.06606758125917933,0.06671721007993132,0.06592655519777375,0.0763245842028446,0.4180892560786566,0.2980490591936033,0.41968761531944265,0.4240344224363501,0.42845560819873807,0.43214167198502396,0.43096452561359927,0.11691788321123946,0.3947876719203802,-0.046424838842584054,-0.04698938438373086,-0.0547176461348593,-0.05481045176137816,-0.05425269675745048,-0.05421097033383482,-0.05252517238533862,-0.0521345851359508,-0.06590944803831038,0.2804173261633361,0.24132224875737115,0.30399728103924734,0.27468446149282005,0.29749517906720746,0.303278985229605,0.29554525534431947,0.06753902378849515,0.26946208297245594,-0.030285480944785528,-0.030692929086173694,-0.034981031738515946,-0.03567968537896049,-0.03590220670268594,-0.03752372179110682,-0.04075453707200143,-0.040785711630744154,-0.042208257211948985,0.30008123961225835,0.2198238945283534,0.2806341215357748,0.2940368101822669,0.29679413089272,0.3037049802873453,0.2660546150201192,0.046693716848997764,0.23293690197822028,-0.04111727059258375,-0.0408104533492423,-0.039431989698057446,-0.03814238820700336,-0.040246204962781244,-0.03935199534109501,-0.031983472119624747,-0.03219922910137529,-0.049284380824316645
Fp2_energy,-0.010160766807198199,0.008821887794748356,-0.01145131643851061,-0.02230627812083488,-0.014907344562366682,-0.013156986486555925,-0.017399545747105945,-0.00574994209163064,-0.011774937124987422,0.7013953844894351,0.8578799281620996,0.6409377514610011,0.6544243229140222,0.6602984234377437,0.659719141696055,0.6313358102731084,0.41977075523678303,0.6947613715202293,0.8067936304442294,0.99993312421431,0.7926684891758689,0.8034630515990686,0.8054146660109262,0.8008728240946462,0.8015375473589741,0.29973151949390314,0.8089237392142408,-0.6113629382673395,-0.7549557813311623,-0.5660042158767521,-0.5558918072670045,-0.5680983007299155,-0.5706677592827678,-0.5262914633515138,-0.35697626801362753,-0.6072836279791713,0.6113220438801229,0.7538850958321408,0.5786119738566076,0.609118908777802,0.6046791377800258,0.6022681531535758,0.5895431032381413,0.42837486250845697,0.6314610309189697,0.6477112036538023,0.7969486333673678,0.6051076783265014,0.6159018610990039,0.6194389398971645,0.6210478509450753,0.5922156198569404,0.4095144936969907,0.651323982551928,0.700694959077957,0.8568803941670091,0.6406613097770328,0.6542567440932744,0.660049868252612,0.6593837035876137,0.6311377779339953,0.41964082552803156,0.6943966355689998,0.8071735434111836,1.0,0.7929151654279477,0.8038663137993003,0.8058271243104819,0.8011829412169204,0.8019548872693272,0.3000101843270232,0.809405726838052,0.7362803192897164,0.8805340406071887,0.7123081122473558,0.7332393926027121,0.7361166742164948,0.732938220638874,0.7342279665313445,0.31672724496153676,0.7450705241973464,0.05906493830993476,0.06297215037995847,0.06910330690940229,0.06922949596730608,0.06931100167721284,0.06944715799043519,0.07022762025100025,0.07019805569886728,0.08028121975716483,0.37679967222860844,0.5154322657084117,0.38676026601214414,0.38349225950533655,0.3906955150092052,0.3924970191358869,0.39349255174292264,0.1065888721053231,0.3972261928050885,-0.04690140111609633,-0.048830776668698776,-0.05587395358084261,-0.056482955964363854,-0.054528581631627035,-0.05540978840347781,-0.05256916489442549,-0.05361797137132252,-0.0671889573607034,0.2515342136462824,0.46661643460305835,0.2911482881334608,0.24609257907346732,0.2747805731032806,0.2771337332742267,0.27507675959695854,0.06275246866716509,0.2791047901929771,-0.032032961926096906,-0.033475097145665995,-0.03810776614216358,-0.038875883688446584,-0.038826371671672674,-0.04065568147696731,-0.044533876070161356,-0.04432604532633078,-0.04579843892322563,0.2789086296632337,0.47784220432240687,0.2663383352895809,0.2680764683256153,0.2730230435367148,0.27903331602553305,0.24423569969424827,0.04240340812828282,0.24879332748511893,-0.04241921763320775,-0.043992434963495045,-0.04261003953803673,-0.04145953450925015,-0.04340511295610432,-0.04245773695514614,-0.036105292812692986,-0.03633669671652714,-0.05327040653062544
C3_energy,0.007146253707332208,0.014156173905150232,0.015737451082830263,-0.0035978916084344085,0.006250225760601253,0.004434295784071278,-0.00022616823465035436,0.00784515868494322,0.007448988570317841,0.8363500644490504,0.71122532286362,0.8158429266343693,0.8027894017980567,0.8104395264604235,0.8051927914073933,0.7779582209884189,0.516352080046245,0.8099592312042291,0.976668985060333,0.7936275496666924,0.9999611092792938,0.9792834437309105,0.9828402570374272,0.9757532328976395,0.9805208494750798,0.36630107345103247,0.9368488777789125,-0.7026561035346115,-0.5774139097326192,-0.6890019210368304,-0.6604554805995144,-0.6761803278129708,-0.6738753107312184,-0.6354816475672452,-0.42830347112910677,-0.6776148322610057,0.7134598482392618,0.6314783159592742,0.7258001153222507,0.7276176924641905,0.7211416094975784,0.7150596912740884,0.7039105402643797,0.5117894404703972,0.7225313744127342,0.7505004931519513,0.6389109129891268,0.7491708476401093,0.7339385896823767,0.7380952987441771,0.7355439934512914,0.7105387752618262,0.4901841245849998,0.7368304993940631,0.8352293372062587,0.7099407296395245,0.8152929789041032,0.8022948989586584,0.8098426786948785,0.8045290000865917,0.7773970702086169,0.5160969460500129,0.8092278038690502,0.9767304638451484,0.7929151654279477,1.0,0.9793484009664829,0.9829120490579301,0.9757463138883747,0.9805718355490055,0.36649604980791284,0.9369190242172324,0.8867238702393136,0.7190723688984362,0.8983539735336251,0.8870647728569783,0.8916324694022604,0.8869822611562906,0.8904167501199469,0.38397028009108314,0.8617015173940896,0.054801253744136864,0.05766164247487186,0.0788843645682647,0.07868421497598403,0.0776539344288946,0.07729773133337033,0.0784793213850976,0.07736798867728878,0.08652864145338225,0.3830130939943453,0.2767464194985829,0.4407439995563738,0.3938512482382347,0.4050816396958353,0.40679018028043173,0.4122823166827001,0.11336565551823508,0.3768103427398898,-0.04759112732417879,-0.05126884079960472,-0.06498306428796573,-0.06521557290132358,-0.06376527454255257,-0.06391932753164452,-0.06058829468430145,-0.06022751740168249,-0.07589054857121526,0.24167611953771867,0.2211492624142459,0.32463084071047665,0.24420531430276413,0.27885788646602133,0.28103727684287433,0.28393135368119854,0.06755734266312956,0.25392604799628077,-0.027430961415046865,-0.0283073346787837,-0.04308265470205207,-0.04402283652963431,-0.04233711618274994,-0.044471920277485325,-0.049407478205113306,-0.04886984031696838,-0.048618292580220566,0.28028777715760045,0.21476929743750373,0.31248684490104683,0.2855676175491869,0.29740912115766155,0.3010157150434511,0.27140250053111364,0.04820042956196859,0.23434003356399688,-0.0368185814766218,-0.034426293695363,-0.04631971836118214,-0.04463104628074074,-0.0448826257041212,-0.04371083653592943,-0.036836694521606254,-0.03715837625934467,-0.05152304773687671
C4_energy,0.005356292961486167,0.01070598695487286,0.005875849052341398,-0.004001178349757864,0.003951526828487567,0.0017187870317399289,-0.001586680542867647,0.004672541121223582,0.003881572564767682,0.8432932464169642,0.7173028464188214,0.7925606147691437,0.8141607272099004,0.8154758647638007,0.811939151752252,0.7837397906471673,0.5193814800899068,0.8128476253658095,0.992047645480585,0.80461567855709,0.9794802489750806,0.9999641248724456,0.9969770167088434,0.9898415379468258,0.995029596665614,0.3711554250566856,0.9468687161838953,-0.7188764733777364,-0.5880395476201575,-0.6880569125520303,-0.6808804443224757,-0.6896240946474137,-0.6894320770229528,-0.6488575755896094,-0.4348651826312426,-0.6903418116910954,0.7049323450117623,0.6249433967504172,0.6790726804585171,0.7228740743449266,0.7136419851827877,0.7079473630312961,0.6975818770944573,0.5072149728472427,0.7102372939823586,0.753845469866048,0.6409494372374664,0.7213489680171383,0.7414603995707939,0.7403724850898394,0.7392328923166037,0.7134010373163097,0.49111110140703973,0.7361436518483493,0.8421167105314785,0.7159611634450284,0.7919015954946228,0.8136065333063747,0.8148368522385455,0.8112241365266566,0.7831376991569785,0.5190680848966363,0.8120522014536994,0.9920822416372598,0.8038663137993003,0.9793484009664829,1.0,0.9970263888204924,0.9898068504988132,0.9950610407315997,0.37133971964009377,0.9468949341741714,0.8967140156495422,0.7253266991778327,0.8712429631560034,0.9019517681561053,0.9010063249643069,0.8965061275572224,0.9001780805990196,0.3877408845519518,0.8667373508076041,0.052755379501591516,0.05587750528362309,0.0761676697528956,0.07662169328801767,0.07504882774491405,0.07536578534693343,0.07609921302550161,0.07493182182755129,0.08385444442907398,0.40810513879839194,0.2913392199521692,0.41788693873183025,0.41876797894029344,0.42452932073258937,0.42768714352120835,0.4298049555058178,0.11764170660154817,0.39089067764339847,-0.04589764979977479,-0.04952472023308577,-0.06274625798291639,-0.0635730606897902,-0.0615486485911793,-0.06218690432935153,-0.058751395379611146,-0.05826716982883706,-0.07350756227253051,0.26850905702573635,0.23290479280152385,0.3079693909372052,0.2716161148093322,0.29610858969850284,0.3015181597185005,0.29834878615125,0.06933956899710644,0.2676051677673785,-0.026492483334513914,-0.027386377955644033,-0.04164876468780083,-0.04270328062782982,-0.04100395042373475,-0.043275213452862,-0.047937968579691285,-0.047478472646426684,-0.04714104015202562,0.29169725042101446,0.2148776603144812,0.2835051526228611,0.29603266919815313,0.2991748263267426,0.30510750795178826,0.2721034647991834,0.04813759512751688,0.23396142030478495,-0.03520868686415304,-0.03364313943360979,-0.0445946058436348,-0.04367969962813461,-0.043366362562384034,-0.04310745617002035,-0.035646244171279345,-0.03570540307672563,-0.04995430760930579
T3_energy,0.009053000098283364,0.014520062120737597,0.009435543418621203,-0.0019047030286915064,0.007572570702527041,0.0057078842892449595,0.0015282853416193258,0.0074905340638024304,0.007631945522091718,0.8441020494346299,0.7166720374693578,0.791921088935859,0.8072408358793401,0.8155468791970563,0.8093863969410092,0.7821415074182712,0.5187673426785443,0.8112402446408647,0.9942518348528623,0.806593419650283,0.9830648711810936,0.9970033512520827,0.9999650061931052,0.9919542731364032,0.9973188062072093,0.3722820681835417,0.9487199284530387,-0.7153142366061839,-0.5851088498000356,-0.6841862385574056,-0.6697901868854695,-0.6857934995494089,-0.6829785645746593,-0.6430400646375404,-0.43225975075566553,-0.6849988315891643,0.7108808690092991,0.6286827191132413,0.6842338781402221,0.7251134201867594,0.71924156633319,0.7116789189068446,0.7017852167039006,0.5103602063869842,0.7147116340137603,0.7553902499337648,0.6414240258324091,0.7225531693608744,0.7371889097022817,0.7416894820323363,0.738142150622247,0.712985963523557,0.4914476202165752,0.7360462255995809,0.8429344995755055,0.7153443743700488,0.7912846133967075,0.8067229748027065,0.8149292219171365,0.8086968964557301,0.7815586163004029,0.5184708992569342,0.8104675359447859,0.9942673942430665,0.8058271243104819,0.9829120490579301,0.9970263888204924,1.0,0.9919077670209475,0.9973340146544354,0.37246146139038,0.9487310257369164,0.9005751769717841,0.729039040599031,0.8756444883777731,0.9006511972705029,0.9053754994197498,0.8999216057993895,0.9040642413606872,0.3896237729443243,0.8700431374312162,0.055427176755884065,0.05863158171367377,0.07618089586038596,0.07618622015320839,0.0758394146890276,0.07525468996717304,0.0766421237422375,0.0753316981404568,0.08481902930597272,0.40022768191327096,0.28711588909315217,0.41579007443108684,0.4116613094212453,0.4189766582153172,0.42025067856396714,0.42459626267333,0.11612241314917052,0.3854471291140041,-0.04678357528682758,-0.049884535255645554,-0.06240218258569084,-0.06269972819037123,-0.061519535549109064,-0.06148397965424715,-0.05859369294897512,-0.058083932782151015,-0.07329812147396103,0.25961778346290093,0.22956980364408985,0.30488706900237156,0.2609042393778063,0.28920534743273085,0.29179649950594894,0.29125992923728145,0.06802721295305639,0.26095315752814174,-0.02860382410360784,-0.029882807670909724,-0.041797803183565074,-0.04280260697843096,-0.04172520760291768,-0.04365141094433091,-0.048341272026783975,-0.04774437690025773,-0.04804006592393764,0.28671448723875154,0.21481884693225325,0.2847426851508819,0.2896774865096148,0.2969537670835778,0.30024548666582324,0.26854411278536167,0.047817981764076055,0.2316969767738907,-0.03794143211515752,-0.03660117426319541,-0.045243155918122745,-0.044040744182271684,-0.04478488827402575,-0.043532649261053935,-0.037126899057425874,-0.03709710561401355,-0.052015134788245834
T4_energy,-0.001796085993936961,0.004842627517857622,-0.002233716956274701,-0.01433299053697128,-0.004754232833878608,-0.002669388663925785,-0.009457172973277082,-0.0009089637167685486,-0.004214645719828801,0.8511830219606917,0.7226235542988129,0.7939408993577365,0.8109263443647984,0.8167920165548542,0.8278832095788767,0.7832752395480201,0.5199770041877851,0.8164852686655045,0.9897673100193906,0.8019404418467575,0.9758885518170226,0.9897751914575347,0.9918678438228493,0.999966819925977,0.9880983865545478,0.3692707712591638,0.9437103400699773,-0.7234853661307267,-0.5911284592272387,-0.687710747260339,-0.675326072264337,-0.6892677576915399,-0.6990384120613216,-0.6464713747094061,-0.4342054315695431,-0.6913347353375894,0.7175851639489025,0.6344356543585752,0.6859038063689924,0.7281374092708733,0.7201264836631229,0.72866128832288,0.7026421445218674,0.5115663920890303,0.7194451626604581,0.7632271601745914,0.647640280308851,0.7251885789920435,0.7416280527453538,0.7438806795375694,0.755638496647512,0.7151388488946399,0.49308122771925345,0.7418000254694844,0.850029136214668,0.7213041939549749,0.7933303125189427,0.8104362099460068,0.816200377235529,0.8272195918898453,0.782717323442922,0.519697390647034,0.8157360001308516,0.9897833252900912,0.8011829412169204,0.9757463138883747,0.9898068504988132,0.9919077670209475,1.0,0.9881172665570613,0.369451206981739,0.9437360309426478,0.89841823176619,0.7266988591798671,0.8717511807759282,0.8969827779972472,0.9007089469876952,0.9079541553863859,0.8986125066851532,0.38755400621543634,0.8676815221248667,0.05549140386670853,0.05960419238149469,0.0759631638373584,0.0764854845440745,0.07530545004990517,0.0762889417073407,0.07632869995734348,0.07550643654169133,0.08503275823285468,0.40207902550820623,0.2880659091208701,0.4146382363825794,0.41186743103995577,0.41820851855778723,0.4276436760478783,0.42327759886399646,0.11615172284025915,0.38634832680619813,-0.0472225942075904,-0.050432147525018296,-0.06252294265709099,-0.06310228476411472,-0.06136600661144155,-0.06238453946963287,-0.05893219020481134,-0.058626900155418514,-0.0737855318563091,0.264131071360506,0.23259498201446926,0.3065590521569252,0.2641584586623259,0.29140144104810933,0.29931625227917835,0.2933178091678062,0.06851819927472305,0.2641355524993761,-0.028697921173198204,-0.03046268798222195,-0.041618512253288796,-0.04286369156127858,-0.04145999728570698,-0.04411513049852252,-0.047935310116418925,-0.04769052145797246,-0.04805966901525837,0.2920397664009339,0.21820025545099225,0.2871129536164749,0.2933848474448948,0.2995089330063037,0.30927507593163733,0.2716677201323394,0.048434722871583784,0.23512133218881456,-0.037361382363765565,-0.037480507721829356,-0.044422198413337076,-0.044034347735111334,-0.04374291764999084,-0.04428776352930935,-0.036110732096731754,-0.03665445061512549,-0.051717641599237585
O1_energy,0.01779868681751366,0.022172052029202024,0.018014377603613078,0.0071047641625710456,0.016331591345081133,0.014056362949853789,0.010633528233714239,0.01494312010454725,0.017146721166393555,0.839406037649437,0.7137544756804817,0.7959010595133628,0.8120740741132602,0.8184401620630627,0.8122776569353432,0.7972360721892674,0.5292066452653966,0.8162437240170961,0.9889573723055676,0.8027126686786964,0.9807291207641268,0.9950374323544833,0.9973008326946714,0.9881663364520504,0.999960907693257,0.3785694430800313,0.9486858217722716,-0.7094614941918784,-0.5814909821267089,-0.6876156881180489,-0.6732649018296648,-0.6878141816861634,-0.6854674817131384,-0.6562538207359627,-0.44153076541474834,-0.6887622341312996,0.7083706893193398,0.627726468397555,0.6868696838316259,0.7288044521368287,0.7217814095930891,0.713472123855386,0.7142111558578129,0.5177698559602434,0.7186383802489978,0.7510586623497617,0.6390269639809518,0.7257097955726455,0.7409739011167553,0.7441136496002263,0.7403817440989284,0.7264960414112996,0.5001129966480784,0.7400901406461656,0.8382454877645404,0.712424049704272,0.7952312100025501,0.8115241268888341,0.817794031231814,0.8115572583089301,0.7966558324002941,0.5289059573603578,0.8154526621843602,0.988984571506873,0.8019548872693272,0.9805718355490055,0.9950610407315997,0.9973340146544354,0.9881172665570613,1.0,0.37877148498426016,0.948706864685273,0.8917989530168459,0.7219341051596225,0.8688337401517995,0.8940229265979344,0.8981840715946205,0.8921126344281988,0.9012219618874779,0.394756594621473,0.8656736071616781,0.05501537281804326,0.059199565261884635,0.0816102058377748,0.08194206610835263,0.08053430874944278,0.08037884862385196,0.08434833166968558,0.08246833164595033,0.09026028586721535,0.3929605694367769,0.282239605260746,0.41272845183625484,0.40669907496472907,0.41413339021476964,0.41505773594021084,0.42250070140060997,0.12047004389894865,0.38324455659289347,-0.04593022002411054,-0.05026775484262573,-0.06503785592480874,-0.06572328330973087,-0.06367759312027485,-0.0639482063411804,-0.0632826898755245,-0.06199933485978503,-0.0763500818210546,0.25209979212366107,0.22438720564226894,0.3033878065704877,0.25597281623111917,0.28508342030118644,0.28729532003663183,0.29000199012662864,0.07056453533413284,0.2585092705226316,-0.029365503777403438,-0.03139107377344295,-0.046537943760094916,-0.04764070842975047,-0.04595313880479314,-0.04809907326085157,-0.05411641562800484,-0.053273541019857595,-0.05285368414397039,0.2822074270715438,0.21206466068218735,0.2844071312886455,0.28794704612514344,0.29539887119147457,0.29864007348066646,0.2737000536815351,0.05024166099430158,0.2324885917723741,-0.03701772331198526,-0.03540078207371425,-0.04910028209693152,-0.048272312631857744,-0.0478049599490963,-0.047380829804154756,-0.04146234008400666,-0.041567062925157085,-0.05494777608627977
O2_energy,0.0014671294093036014,0.004724842391856739,0.004366273429368472,0.001303938003061041,0.0037805544645161996,0.0038012303891339087,-0.00746681206816173,-0.012221106783318583,-0.0008867064965937469,0.3363732542732223,0.28990144014224917,0.3183721147297437,0.3255097783787729,0.32788974356150913,0.32746875560879785,0.33304020230061354,0.839537304456805,0.4539083942743215,0.3689275378589574,0.30029921157563444,0.36655316305865465,0.3713262587842155,0.3724443808639592,0.36946781433185805,0.37867402998160143,0.9999721325562179,0.636554457634168,-0.28967975224282344,-0.24159637757342997,-0.28043820088787846,-0.27439634196151336,-0.2811258562452514,-0.2809414465692986,-0.27955364787081693,-0.7398750489012903,-0.3941342720330354,0.2894024246626209,0.26135130256435884,0.2780746989558664,0.2972363966594224,0.2932703622337972,0.292041548885496,0.2942600087165595,0.7426946015552388,0.3888984295449547,0.3067582519181269,0.26579308937871987,0.2947680436846448,0.30210567439995534,0.30314967291616374,0.3032357203886832,0.30376635459302254,0.7717989875345154,0.41096390359048646,0.3359569040216865,0.28935355162602316,0.3181701170851001,0.32537050759024244,0.32771159769270886,0.32723778461033665,0.3330883193435587,0.8386748909922273,0.4534725285030314,0.368933348123258,0.3000101843270232,0.36649604980791284,0.37133971964009377,0.37246146139038,0.369451206981739,0.37877148498426016,1.0,0.6364027876058587,0.33408630789968913,0.27135307674240516,0.32613936153985634,0.335182066032928,0.3369330503298091,0.3349424977617949,0.342983032460648,0.8898624553198936,0.5382344904657708,0.041407678153249756,0.043449945877182865,0.05728898993646559,0.058871679735411686,0.05746090596848382,0.05834958778228449,0.06185204025738475,0.06073769984222143,0.06551359466074609,0.14580535856892682,0.10454514988040596,0.15438691431852744,0.15088750119890118,0.15416403763813977,0.15449776071976148,0.15676436972836139,0.7181959060217884,0.420331582877067,-0.03679438018158228,-0.04023408425547283,-0.048333677196109835,-0.04918182640587352,-0.047853934752660705,-0.047796604393236325,-0.04999899416698808,-0.04478521583415916,-0.057984463778492056,0.09267495567782641,0.08297074700534479,0.11395336687879704,0.0941166621590707,0.1058435003727088,0.10622454532808583,0.10671089872596237,0.5678079665914725,0.34225342366051836,-0.022738256189453816,-0.024134795816086463,-0.03316915776107256,-0.035146460041229455,-0.03336654267140963,-0.03617612942543744,-0.040174813504870656,-0.04121600730217439,-0.039494698472960776,0.1076501367915869,0.08165272124141623,0.10962279755700653,0.11010866124687482,0.11342359606582833,0.11386698883169369,0.10206319881768423,0.6280601357937838,0.46933665799741087,-0.02386055950983838,-0.019817112876938506,-0.025640798947479147,-0.026844352552360125,-0.02707937028590982,-0.02859158964652056,-0.02059324968753115,-0.026861846701598784,-0.03161608946513744
avg_energy,0.003099122636547138,0.010732422360959346,0.005026258779573146,-0.006676074617449482,0.0018480742339316793,0.0012338619518525136,-0.00626869246478185,-0.001055915645153835,0.0010004237649778142,0.815248487604891,0.7263916108647066,0.7651013945093231,0.7781162034557884,0.7841388367834577,0.7825641869041411,0.7592767171834861,0.7064676966129313,0.8286036624699362,0.9449910809913795,0.810041307645155,0.9369872528023766,0.9468124948184335,0.9486385585198722,0.9437183249082225,0.9485974426591172,0.6362209149007412,0.9999662253541224,-0.6956553607852726,-0.6023433229996642,-0.6636481709882771,-0.6498367302781718,-0.6636236629834938,-0.6644654306508241,-0.628045484400139,-0.6033017560742916,-0.7065947790681407,0.6913774274141328,0.6398125699879128,0.6669217944763318,0.7026828116825669,0.6956202717314114,0.6921664091938938,0.6824398353946376,0.669284510886085,0.7289299864072599,0.7346487576243753,0.6563623529072878,0.7027543355491106,0.7147658341100885,0.7175025243046662,0.7180091333187495,0.6946554490087266,0.6630990770323045,0.7545820732911398,0.814181643383588,0.7251214449925983,0.7645510799925203,0.7776772459942187,0.7836055413726121,0.7819492220699494,0.7588546131864876,0.7059627579596606,0.8278608661604252,0.9450636447297187,0.809405726838052,0.9369190242172324,0.9468949341741714,0.9487310257369164,0.9437360309426478,0.948706864685273,0.6364027876058587,1.0,0.8568491374339842,0.7294664534848921,0.836517799070079,0.8567398491445735,0.8601649078133733,0.8571090187355649,0.8612795897538916,0.6151828637509684,0.9030512628115159,0.06122352033640506,0.06473565406614146,0.08281300305241039,0.08345665268793655,0.0824443314488206,0.08272199621469985,0.08494171960646056,0.0837088504776847,0.09325795488379986,0.3875226839946343,0.308627196976998,0.40593983300986647,0.3976456534324175,0.4048104257025206,0.40759811221690934,0.4101748512261754,0.3340058067120239,0.4695383368402792,-0.05199417090014504,-0.05563173886079345,-0.06820619296889535,-0.06889352096717698,-0.0671120568577873,-0.06745040585933676,-0.06593087998166644,-0.06394693288497443,-0.08085897169624463,0.2524173636007424,0.2538632552881895,0.299185971142411,0.25286582827612425,0.2806083564350014,0.2841951500726695,0.28269110845502265,0.24404597876453615,0.33874176990530375,-0.03225104515635577,-0.03377538169124086,-0.0460692947212591,-0.04755093126651131,-0.04606046561908336,-0.04876570692172348,-0.05389993066449036,-0.05388995030330585,-0.05363374645886735,0.2810760179481558,0.24425349112061295,0.280249034402832,0.28222752488813885,0.2886485593591539,0.2935251437444669,0.2616580176170087,0.24639462112934457,0.35545423234714474,-0.04055353391238084,-0.03855548115407397,-0.04652563065390487,-0.04600892140204613,-0.046565691277397146,-0.04652443235264217,-0.037972356031672046,-0.04020377135857374,-0.05470914300830378
Fp1_delta_power,-0.11046810895975226,-0.09050504700322233,-0.112635552329507,-0.12460622940058819,-0.1178850264791839,-0.11721472186906326,-0.11660194401455948,-0.07634375590683304,-0.12050128961318117,0.7491852287941658,0.6314234983669004,0.6808735547033636,0.6938876765662875,0.7016272680025697,0.7008224058078253,0.6690260133427772,0.443894487809133,0.7020124133746911,0.9105207413804258,0.737877913489435,0.8875852069105558,0.8973180258375515,0.9012723279419664,0.8992388414444227,0.8924177715304757,0.33421700556233436,0.8575721475018049,-0.6309109267920536,-0.5128264212343809,-0.5817470388841648,-0.5670536744334435,-0.5821406289005786,-0.5853039888129664,-0.5403745986535246,-0.36364076821362196,-0.5859546736123905,0.6048624807036337,0.5307793220007343,0.56622016832621,0.6024898349181513,0.5959266790730626,0.5927465528659683,0.5800469963824472,0.4209897410020033,0.595315287179412,0.6538772846787105,0.551351014625128,0.6052485897672351,0.6177639286914922,0.6212958191355084,0.6229258799974091,0.5936090155241055,0.4090037287297395,0.6206038019811773,0.747626752499606,0.629719938286087,0.6798909533524006,0.6930366155827885,0.7006522093803912,0.699765780294373,0.6681407075643705,0.4433386406044657,0.7008792260098144,0.9096953753649427,0.7362803192897164,0.8867238702393136,0.8967140156495422,0.9005751769717841,0.89841823176619,0.8917989530168459,0.33408630789968913,0.8568491374339842,1.0,0.8154290147456266,0.9629126527018973,0.9905035432190189,0.9949000155885448,0.9923096371759448,0.988889711381496,0.42649092955495443,0.9587058502687943,0.0483343641866699,0.049395317260221526,0.054603471833589,0.05454863008893561,0.055494528789843386,0.05495409140129281,0.055350724449863824,0.05480526104598584,0.06358891129167794,0.47965184251278475,0.34630421574831005,0.48398412819460235,0.487690066235902,0.49165164079153406,0.4964140931408535,0.4916005109977653,0.13301744910029484,0.4533361896783326,-0.03834815291753946,-0.03851388345537583,-0.04482175388183192,-0.04501570391272261,-0.04455453667978367,-0.04455231950620015,-0.04323464364298933,-0.04305515229795703,-0.05418839336514271,0.30809138909767864,0.2711445953201589,0.35232930439407456,0.3018332433150015,0.333992584972947,0.3405366971516356,0.33340716036150686,0.0768446630186362,0.30262592646619046,-0.02637928915412863,-0.026451588372135904,-0.02960852629014621,-0.030298596825935588,-0.03057528668429892,-0.031732257489718786,-0.03402913618144502,-0.03410110614754559,-0.035765556702092256,0.3584174278059923,0.2609179974829548,0.3410565211733455,0.35068797708935867,0.3562104108026031,0.3646463062718241,0.3180557266450758,0.05726041637941785,0.27992170173621855,-0.034528236512124395,-0.03394490494729813,-0.03305351302028406,-0.03204072310653835,-0.03376857914478684,-0.032887462579757575,-0.026810534208532973,-0.026893355144181116,-0.04125265978485351
Fp2_delta_power,-0.09524099178489438,-0.1117593475848831,-0.09716191238662232,-0.10808308737482976,-0.1022523970521965,-0.09904538703166756,-0.09874780488079898,-0.06326439947955098,-0.10778578614532762,0.6117578951033658,0.7338097121524774,0.5590840997218631,0.5690277602258716,0.5752846642314995,0.5750514489766695,0.5492322718316437,0.36701618674594255,0.6037731223449565,0.7349146021559876,0.8820730012278635,0.7195303655419866,0.725553188900966,0.7293524060937787,0.7271484285727777,0.7221671237187068,0.2713676238103446,0.7298180244059759,-0.5246963754485778,-0.6316323003751456,-0.4852998150134849,-0.4720014707643035,-0.485530153281994,-0.4881372306620615,-0.4481425066220077,-0.3056389454546499,-0.5171279209225109,0.5163995647782365,0.6286019783574862,0.49018513261175223,0.5155061924536795,0.5114915289595656,0.5093477350394252,0.49949755782753325,0.36648868188787675,0.5338859643557436,0.5512715201721835,0.665622903014511,0.5153563533752205,0.5220141154038912,0.5263983745637404,0.5279563433631705,0.5028452618463971,0.3504726202733177,0.5524791453522294,0.6106212469635969,0.7321102373538395,0.5583795091316804,0.5684450561989323,0.5745924063749887,0.5742740023361812,0.5486246201862457,0.3665967438630369,0.6029281853439259,0.7344842885227691,0.8805340406071887,0.7190723688984362,0.7253266991778327,0.729039040599031,0.7266988591798671,0.7219341051596225,0.27135307674240516,0.7294664534848921,0.8154290147456266,1.0,0.7874448020089958,0.8098365729713971,0.8129942887693006,0.8104848507488752,0.8082168789726561,0.3493179642097011,0.8264326771089855,0.04839779019867655,0.05199835590710544,0.05619685916492118,0.05647650960206463,0.056561604531204124,0.056696290467064404,0.057358479283199974,0.05714198004301976,0.0655872719603453,0.44258895596367037,0.6076277725821568,0.45366652483357967,0.4508298557091218,0.45766803226428365,0.4601430231848617,0.4579813975969947,0.12274928095248606,0.46515048827932276,-0.037492121377351334,-0.0396315699228093,-0.04472906112427104,-0.04544598851344279,-0.043673855759595745,-0.04461080748305466,-0.042533922036161055,-0.04310405204737421,-0.05404306906312848,0.2884615095166302,0.5511658778353109,0.3451512744003777,0.28209772976637476,0.3191769322262449,0.3219040379560369,0.3202918747057624,0.07245669126366838,0.3250120721956162,-0.027150876177746672,-0.028413199788615107,-0.03166112381897682,-0.03231738647499354,-0.03242907017148916,-0.03378590756179916,-0.0366542860680051,-0.036489349877010115,-0.03810729200478655,0.3489419512238858,0.5835910263670667,0.3360822825018395,0.3361051378705372,0.3432049044270602,0.35047659946419274,0.3057913486258397,0.0534498828492533,0.31045821458682116,-0.0348222879336519,-0.03621262897274673,-0.03494728711119488,-0.03412832282160593,-0.03571659668651592,-0.03485979721322533,-0.029751370046334564,-0.029711511128355572,-0.04377463607557117
C3_delta_power,-0.11358915446342151,-0.09233681843783395,-0.12406042039251328,-0.12479655638019556,-0.11834504251524797,-0.11772755712307052,-0.11608307779164921,-0.07288267348605271,-0.12207435876857377,0.7218536841591838,0.6129801494718089,0.7054990647953987,0.688108518683099,0.6957455489898318,0.6918377850756833,0.6659857777613212,0.4429955545005607,0.696403135663621,0.8770920659009164,0.7137859176529966,0.8993718152943485,0.8717891755517473,0.8762930972783624,0.8725021131813537,0.8694302639542844,0.32624875228561584,0.8372057075022665,-0.601415343143928,-0.49386929673139335,-0.5888342487163111,-0.5568356017638868,-0.5728713065537869,-0.5723102762283944,-0.5355123010327097,-0.36178529588889974,-0.575380507516251,0.5897717781245788,0.5222295412862246,0.6040375126684803,0.6009862251577006,0.5938660503442443,0.5886884584938505,0.5801032242069685,0.42169347796346,0.5967157038387425,0.6306829562619675,0.536896197326766,0.6307377193734657,0.6118416543397982,0.6156202089610073,0.6142182502068003,0.5912849533428839,0.4084288838332503,0.616224341431455,0.7203887944529349,0.6113790851499522,0.7043744389961708,0.6872733234776617,0.6947819863112833,0.6908134345037514,0.665099167724436,0.44249629717517164,0.6952904786049757,0.8763547747747708,0.7123081122473558,0.8983539735336251,0.8712429631560034,0.8756444883777731,0.8717511807759282,0.8688337401517995,0.32613936153985634,0.836517799070079,0.9629126527018973,0.7874448020089958,1.0,0.9632598717369772,0.9675191952388731,0.9621824216201692,0.9642686553477257,0.416095891030828,0.9388924542587792,0.04664086149526052,0.04862218267946918,0.06482236319443274,0.06485263930540486,0.06450398927702611,0.06389058192465422,0.06469353604787122,0.06378525369426519,0.07176198676063163,0.45032752487492794,0.3277259395562619,0.5374188026227946,0.46261227710412395,0.4743476992873479,0.47670291961936445,0.47933764225831355,0.13107436803609943,0.44364623069260034,-0.03955024520648311,-0.041962402146097484,-0.05315247272629123,-0.05346536466065104,-0.052516089264898085,-0.05235242538137551,-0.0498799398733015,-0.049708609972335616,-0.062377678536245415,0.27545603917283046,0.25165435617969784,0.38574619439756713,0.2754448479264646,0.31669043298546246,0.3202736686059812,0.3213650019317889,0.07626155244843992,0.28992417748574606,-0.024027857911446147,-0.02446364501720973,-0.035411405495019775,-0.036284374146023486,-0.035280760410540825,-0.03681462707199769,-0.04038411114719086,-0.04003088326284814,-0.0403620938062959,0.3396051870662399,0.2529946317394635,0.3872534991645032,0.34055375171195207,0.35420738198459023,0.3591973127140408,0.31986367340811567,0.05833808592905237,0.2812605111185666,-0.031728475597755004,-0.029968391470564695,-0.038736352965061574,-0.03759758064439697,-0.03810004351169066,-0.03711861021005889,-0.031377384755466954,-0.03127731113790866,-0.04386823821282808
C4_delta_power,-0.12429307153061343,-0.10232796327314031,-0.12356796238887024,-0.134625985348894,-0.12837209184840015,-0.12879456638845713,-0.12522235681478747,-0.082683125520876,-0.13204702982555844,0.7370195498795069,0.6267376680493624,0.6898206965535283,0.706651241084702,0.7091196889639828,0.7067273570151023,0.6796534725867361,0.4514924499546919,0.7073796745390032,0.902832753207807,0.734675935584319,0.8878260331957566,0.9024399823926537,0.9012491827004869,0.8976877891779907,0.8945767622206475,0.3352736313323527,0.8573531760023961,-0.6171536744055305,-0.5059599892033525,-0.5882376645832169,-0.5757534874879324,-0.5868134877703336,-0.5880807612342638,-0.5490236458066972,-0.36980347967710203,-0.5884978569211518,0.5917187631096964,0.5245439391126107,0.5676693849186824,0.6059163222961669,0.5970340493211616,0.5922189079377225,0.5838492340527316,0.42434232285619594,0.5947518580210976,0.6396447103454846,0.5444352450685889,0.6091491629742517,0.6240017115355737,0.6241959388398078,0.6240017842583678,0.59997488913348,0.41392991430057974,0.6215298305284027,0.7355090256256352,0.625095758915528,0.6888196098365674,0.7057780352964776,0.7081319068717831,0.7056592876644472,0.6787390886510559,0.4509228908365962,0.7062419556132441,0.9021503086639341,0.7332393926027121,0.8870647728569783,0.9019517681561053,0.9006511972705029,0.8969827779972472,0.8940229265979344,0.335182066032928,0.8567398491445735,0.9905035432190189,0.8098365729713971,0.9632598717369772,1.0,0.9957077618887936,0.990273143621174,0.9935751392652029,0.42779489182584984,0.9589012272986284,0.044862066622598375,0.04718336622128211,0.06292832706015235,0.06370181438290208,0.062386690989853194,0.0627533229895149,0.0629267610955104,0.06217902844900194,0.06984607172684691,0.4869933218243416,0.3516918026650562,0.5001381063718301,0.4987520747396881,0.5058982292562133,0.5103194382619638,0.5090758478708194,0.1385752030419638,0.4658641078442032,-0.03799047934288012,-0.04053954396337847,-0.05155092332943634,-0.052591181473004435,-0.050643670600953844,-0.051367479307719024,-0.04848367342354487,-0.048336684217855176,-0.06063803105008133,0.30254804617618636,0.26737436001127385,0.3629144685863627,0.303516766577574,0.33846013530855973,0.3453504441627044,0.34155548456396156,0.0796012294916063,0.30600220568826525,-0.02332068713793664,-0.023826344824249657,-0.03449041052658443,-0.035572620067879764,-0.03432554864832235,-0.03614737855495458,-0.03940073172363113,-0.039188270707308404,-0.03941547480060873,0.3565845700324691,0.2604839342187908,0.34770043156848995,0.3561899000921954,0.3628011928952535,0.3707308499733423,0.32722687645640974,0.0589736577347191,0.2842777571888071,-0.03030036508675776,-0.029212992687811756,-0.037452282163700765,-0.03688623773356557,-0.03674976486540395,-0.036605223224336014,-0.030305029258532904,-0.030293778248360444,-0.04255555510069629
T3_delta_power,-0.11741844603064638,-0.09567731674045324,-0.11683181056628156,-0.127995428445082,-0.12155413104627126,-0.12170427932468027,-0.11924757468903778,-0.077852615099082,-0.12484911385664417,0.7401873297789443,0.6278661013408059,0.6911631993752141,0.7030006138923723,0.7113599395350576,0.7068006906690874,0.6805428039673481,0.45239579061839374,0.7081943958373068,0.9072808231800963,0.7376728168643515,0.892513607071791,0.9016211678788058,0.9060827937604798,0.9015205873750747,0.8988399181757111,0.3370666434265621,0.8608902393754169,-0.6189245868296569,-0.5067229307107906,-0.5887604739172372,-0.5708567426811992,-0.587759033427088,-0.586996020018179,-0.5482207744199799,-0.3700776910944501,-0.588188413634902,0.5983615688006275,0.5291007002574203,0.5732899316802591,0.6095655344560483,0.6032033635500121,0.5969631830129931,0.5890159697925387,0.42809975526873895,0.600090242483101,0.644245608541504,0.5472720705691703,0.612688032104373,0.6235975588867413,0.6281580299263837,0.6261352226372479,0.6025408594660143,0.4160622687694225,0.6243767753321369,0.7386304909819241,0.6261787403439685,0.6901317977620233,0.7021046175314128,0.7103421865236605,0.7057105520086194,0.6796013558591546,0.4518083665081061,0.7070250390839725,0.9064770575199679,0.7361166742164948,0.8916324694022604,0.9010063249643069,0.9053754994197498,0.9007089469876952,0.8981840715946205,0.3369330503298091,0.8601649078133733,0.9949000155885448,0.8129942887693006,0.9675191952388731,0.9957077618887936,1.0,0.9933233254667532,0.9970741327011813,0.42971640313965415,0.961713789584541,0.04747464362731207,0.04965273222508494,0.06328018029008084,0.06320437399579731,0.06360714229837242,0.06267388071869516,0.06373676767571165,0.06269113851447315,0.07092839708341829,0.476957351035319,0.34557999352507135,0.49545868480034777,0.4907725149633743,0.49796891719107195,0.49959093468307114,0.501352745205243,0.1362839863892531,0.4581894074806307,-0.03900654625010851,-0.04098408245726373,-0.0515317376109907,-0.051693306398811936,-0.05110528966081958,-0.05070068222628772,-0.048674056964980485,-0.04835682780575126,-0.06068416461228787,0.2945543625125785,0.2632986483566895,0.3563111363623149,0.2941828190825389,0.33060431304258775,0.33395231033062484,0.3331422692816129,0.07783315955215946,0.29851604335580995,-0.025267277705723144,-0.02595209933624215,-0.03478564687026295,-0.035601366981047454,-0.03517495698121846,-0.036459683348751964,-0.039901019028890594,-0.03950867015868004,-0.0402914260101777,0.35072979761754225,0.25807322445966907,0.34766817143441353,0.3503350627796591,0.3593822957187248,0.36372525679578077,0.322437758677421,0.05873614739699975,0.28113436309400247,-0.03292611621485589,-0.0318522244000461,-0.03826858674598566,-0.03722462252872401,-0.03832680675851217,-0.037197131029176406,-0.0317487363742519,-0.03149784347951306,-0.04455963880474843
T4_delta_power,-0.12042884941184705,-0.09819839791558592,-0.12176465471189933,-0.1332597692843471,-0.12674023803798384,-0.12440791703825178,-0.12356828382858073,-0.08174810713932716,-0.12934946340967685,0.7467279226158146,0.6333762043727186,0.6940040143659535,0.7072666650056785,0.713581868089098,0.7227118619204967,0.6827125736400326,0.45420136143462475,0.7135488798692642,0.9042471404605354,0.7344658660426873,0.8878214521932225,0.8970782425235376,0.9005931557469972,0.9087338197037396,0.8927268339837018,0.3350639430154004,0.8578007591474885,-0.6252853204955191,-0.5113567993670858,-0.59233010538183,-0.5760068595200065,-0.5912691421227586,-0.5996879084101271,-0.5518711203102432,-0.3721737473707893,-0.5936921123026828,0.6049233072304953,0.5348319804350531,0.5759822424188413,0.6133930063432761,0.6053876831771378,0.6128762837590653,0.5910792589667497,0.4301891223915204,0.6053910963650131,0.651097166921322,0.5527546614273638,0.6159436692930689,0.6282922694767129,0.6311043562759155,0.6413647592267976,0.6054898470741316,0.4182409830038028,0.6300426243185052,0.7451979009285644,0.6317153555798697,0.693012684887589,0.7064092467574885,0.7126023662601247,0.7216151588803456,0.6818108739591824,0.4536384444383427,0.7124107652991972,0.903462789292035,0.732938220638874,0.8869822611562906,0.8965061275572224,0.8999216057993895,0.9079541553863859,0.8921126344281988,0.3349424977617949,0.8571090187355649,0.9923096371759448,0.8104848507488752,0.9621824216201692,0.990273143621174,0.9933233254667532,1.0,0.9889278042125245,0.42681295130270014,0.9578881735761183,0.04750296764303333,0.050647337025809536,0.0631134220147362,0.06386359784536463,0.06302773290050585,0.06402670583256893,0.06363464748583628,0.06310648446488253,0.07131209335882148,0.47509860573074847,0.34373447504882626,0.48989430369879033,0.48660014154978576,0.4927458420608418,0.5038722596614178,0.495111770211282,0.13513714305082808,0.4552355169016777,-0.0393431523930736,-0.041663416359142426,-0.05153151732482139,-0.05229817554067853,-0.050714848091700536,-0.05180826610416862,-0.048872509653772926,-0.04885340978063908,-0.06115417854204032,0.30013728423907143,0.2674011492893914,0.35965944332860306,0.29802942240285807,0.33403391861642256,0.34311286274803704,0.33615474983288984,0.07861091420245454,0.3028049968820872,-0.025331534285859762,-0.02652614754438448,-0.03473316444120324,-0.035944649953440724,-0.03497199901585018,-0.03715355901483645,-0.03978457827908122,-0.03971788943820161,-0.04049987243002995,0.35879606383859414,0.2635679358996186,0.3522683415186841,0.355730186205919,0.3641978388646182,0.37502309082285834,0.32725828968060666,0.05937548280304943,0.2861389235041303,-0.03243827192958749,-0.03261185000137192,-0.03768567019823535,-0.03749557912396273,-0.03753789858751138,-0.038164393805361845,-0.031167631474225542,-0.031422696402808786,-0.044511717379701436
O1_delta_power,-0.12048306760024478,-0.09840473466638187,-0.11921932245185343,-0.13084729366269487,-0.12458032173349273,-0.12461398148890604,-0.12174862461182684,-0.07874067702729798,-0.1276188401763729,0.7382309735624719,0.627179003574821,0.6950651680808779,0.7076179512753247,0.7146539163467842,0.7100719043491107,0.6937560631973976,0.4617299343421882,0.7134027292757597,0.9043508765663071,0.7357494038638599,0.8912907838292738,0.9007886141053932,0.9047644854418917,0.8994063577701756,0.9018743008601896,0.34309818175100953,0.8619870064059015,-0.6173722982734577,-0.5064287133441545,-0.5931703817867789,-0.575324926194217,-0.591323053491076,-0.5910074440815123,-0.5603701939840208,-0.37880685328216457,-0.5933452917347829,0.596682405717741,0.5286539188302846,0.575235370686962,0.612306305962178,0.6051524544841698,0.5983249935131995,0.5982363021956701,0.43422744744024605,0.6031825269027016,0.6425300163248636,0.5468795954605883,0.6159011214671885,0.6273476353424283,0.6309970171596053,0.6288847794741392,0.6137017734232955,0.42377109108675415,0.6286328188977374,0.7366867901656133,0.6254980698954811,0.6940123093208239,0.7066988164327709,0.7136169603559096,0.7089645430200747,0.6927975016311452,0.4611295989500791,0.7122187422347951,0.903582105942007,0.7342279665313445,0.8904167501199469,0.9001780805990196,0.9040642413606872,0.8986125066851532,0.9012219618874779,0.342983032460648,0.8612795897538916,0.988889711381496,0.8082168789726561,0.9642686553477257,0.9935751392652029,0.9970741327011813,0.9889278042125245,1.0,0.4357254333692771,0.9608961865886257,0.047796228281917326,0.050853639423041844,0.0680202360792004,0.0682949978952221,0.06785069930907216,0.06740684432553821,0.07141882246053269,0.06945177466578496,0.07618045396220884,0.4768451628777147,0.34608082313185057,0.4996376878968405,0.4931366481670168,0.5005016496716505,0.5017521736941215,0.5067009030317494,0.14249791874398024,0.4627536114179655,-0.03901254909023565,-0.04197894895650287,-0.05441853680727972,-0.054971215277836376,-0.05360343523598011,-0.05359832977197109,-0.05400567163561989,-0.052794663226332465,-0.06433877900278362,0.28897107056531746,0.25947769231925766,0.35529996708479555,0.29050716571372415,0.3275822118361059,0.33056592125011497,0.3320840313826003,0.08021368107912509,0.29692498616741564,-0.025812545690993716,-0.027067153938282858,-0.038287453866983644,-0.03928101509811046,-0.03835702636885037,-0.03998219353600717,-0.045079642313682826,-0.044222928311340635,-0.044165614772590435,0.34731255042388615,0.2558483834372991,0.3472829759135004,0.34857385387885853,0.3579086505327051,0.3621746824356648,0.3246585053978721,0.0609178594340717,0.28162652346871314,-0.03299239746912178,-0.031940151299959536,-0.04160215923776958,-0.04073214615004977,-0.041183136779514275,-0.04054368890885056,-0.035936279951736885,-0.03547907682387239,-0.047629581812641784
O2_delta_power,-0.051893310361211184,-0.04204508046491564,-0.050302199129816455,-0.054892258602180624,-0.05294214557430648,-0.05292189954764621,-0.0465335551195005,0.03548824804731592,-0.039775355132294014,0.33850160874768576,0.2902762237493218,0.31787052842388147,0.3243812993586551,0.3273469484544235,0.32687360082547284,0.33346967213503187,0.7448458269910083,0.4351454681484498,0.38930135039534364,0.3173970047329934,0.38434924289854827,0.38800184477498073,0.38992319814762677,0.3879021240735153,0.394983171016751,0.8898251376531162,0.6155899447279936,-0.28753530886438794,-0.23879780680418247,-0.2756122994693276,-0.2676086132995411,-0.2754938157985796,-0.2757029152804499,-0.27366381516780297,-0.6564136851010438,-0.37333966473515573,0.2802744159108214,0.25247345772504753,0.2675783405287691,0.28671976027853163,0.2826602894329791,0.2810168731472332,0.28471533059610166,0.6203928846925844,0.35807144952487485,0.30058063726735984,0.25958243640942913,0.2863493985018333,0.29287021757206083,0.29438838871628054,0.29444193645856664,0.29545326896815244,0.6643112521330906,0.38349187693685327,0.3378154453868999,0.28948470228540635,0.31742675941961584,0.32400649447455154,0.32693064954545525,0.32640095040678485,0.33319877806734244,0.7439222975609998,0.4344771777483971,0.38895547314600676,0.31672724496153676,0.38397028009108314,0.3877408845519518,0.3896237729443243,0.38755400621543634,0.394756594621473,0.8898624553198936,0.6151828637509684,0.42649092955495443,0.3493179642097011,0.416095891030828,0.42779489182584984,0.42971640313965415,0.42681295130270014,0.4357254333692771,1.0,0.6480082470430839,0.03904858990370614,0.039227318517067435,0.05187460721931442,0.05353742452239844,0.05244347074318255,0.053153947632453125,0.05682252250479497,0.057041535637577925,0.06011893063339705,0.2025347015298623,0.1460698337753007,0.2138523751557806,0.2093185455826312,0.21321177497578994,0.21366491946926836,0.2149577126780002,0.6826598212558164,0.4533956662084056,-0.0344032103834801,-0.035311741024883644,-0.043686723329354485,-0.04481970774611254,-0.04357757227297619,-0.04364296421920546,-0.04604471303224281,-0.04303128239814388,-0.053153589698547166,0.12436441964419336,0.11142729253994758,0.15516539162427587,0.12515294028532584,0.1419907427771078,0.14262634257643667,0.1429383019083343,0.5973015637587011,0.3843911840117147,-0.021302099195600922,-0.021513854797404967,-0.029654128940384133,-0.03150139697016632,-0.030064693976385046,-0.032458538092436276,-0.03640519059464855,-0.03753332670945537,-0.0356887861029556,0.15442641632958948,0.11331752531904658,0.15509373497079695,0.15530410900060498,0.15975540036895983,0.16037446531124222,0.1424238262507312,0.6279664164660442,0.5006433365857827,-0.02310974527229984,-0.019681446219101513,-0.024406780872054067,-0.025281043886262955,-0.025812036523031937,-0.026848168083004026,-0.019901236673171434,-0.026321602242706642,-0.030423460276507927
avg_delta_power,-0.11436936342061317,-0.09771360526805523,-0.11558874368935336,-0.12543454178951624,-0.1193576929108838,-0.1185701101010411,-0.11521005493094195,-0.055977384893738595,-0.11863650049674626,0.722675775847039,0.6414488006086632,0.6760412151658273,0.6852799048732519,0.6918021706234632,0.690744869145761,0.6687125170730442,0.5948944427422491,0.7257593251921095,0.8731447274160539,0.7465847616824178,0.8625153324011663,0.8672648455589145,0.870665322016355,0.868413918904551,0.8662238298477292,0.5383120779709906,0.9037248002284858,-0.6077460836537985,-0.5244012974516101,-0.5774548579932413,-0.5596722073188959,-0.5748133692518318,-0.5765770794104237,-0.5415254199029317,-0.5011117958898124,-0.6085338276798383,0.5892477746094116,0.544375134060555,0.5671487416867915,0.5982555105674692,0.5911269420382118,0.5880549509971988,0.5805386736563548,0.5409528644137412,0.6150209110721859,0.6335567739929319,0.564660332994431,0.6037747318052513,0.6117322275871734,0.6150091711691379,0.6159712467716525,0.5944478995056254,0.5428455477815768,0.6427017286954624,0.7212023249305306,0.6397727719469218,0.6750597710264771,0.684451882687746,0.6908582643778115,0.6897143646846053,0.6678794567367511,0.5941592198798971,0.7246107074432172,0.8724229478242432,0.7450705241973464,0.8617015173940896,0.8667373508076041,0.8700431374312162,0.8676815221248667,0.8656736071616781,0.5382344904657708,0.9030512628115159,0.9587058502687943,0.8264326771089855,0.9388924542587792,0.9589012272986284,0.961713789584541,0.9578881735761183,0.9608961865886257,0.6480082470430839,1.0,0.05228495641649832,0.054500387201100564,0.06864745864050793,0.06937237641284393,0.06886311950974844,0.06894272105524668,0.07083079607184908,0.07015512594671983,0.07799103624806931,0.46608844370740854,0.37429940107046106,0.4908694151070154,0.4782069009616941,0.48560719536637414,0.489198350090084,0.4886479577518895,0.31241907954776865,0.5278560718222878,-0.04347453124109087,-0.04555123423393692,-0.05620626074860824,-0.056999724186713,-0.05555907564891576,-0.055853036919927754,-0.05488516179441619,-0.053840856506397874,-0.06707564754819381,0.29102513586124856,0.29775600650103146,0.3570598058758025,0.2896967442415479,0.3262085192899011,0.33073531143676105,0.32866537192953316,0.23861477364953168,0.373749088390809,-0.02811497938670993,-0.028851826290641768,-0.038188444446376694,-0.03950343493215712,-0.038567932554025075,-0.040617042623296906,-0.04462870287739702,-0.04470580674842841,-0.04483720115703389,0.3496371427792613,0.2989965950448439,0.3498544328935084,0.3471228177501276,0.3558341675755624,0.3619695138662744,0.3195176340519193,0.23068800647822935,0.39263873768186697,-0.03514062442624251,-0.033666577026090015,-0.0395076453734196,-0.03905886462513932,-0.039862511194823716,-0.03966265837703196,-0.03267399768504878,-0.03445080039854801,-0.046989800366925
Fp1_delta_relative_power,-0.0003077364730132629,-0.0011473604872999697,-0.0024109267794045347,-0.002490650611409486,-0.002873766326949993,-0.0024260846475029616,-0.003049375449729366,0.0014618052459946954,-0.001687113450917184,0.15760811841402222,0.1370589501325662,0.13154153283905765,0.12293187505687277,0.14567162962056096,0.13169595606183598,0.1495710768786739,0.12469694471585352,0.14885451565112334,0.0570701939500788,0.05878858319160764,0.054513528169487055,0.05246399552298674,0.055138534754589526,0.05519381135545068,0.05472221395867573,0.0412044252235216,0.06090645242191928,-0.1323212073305312,-0.1119832238370168,-0.11854059628532444,-0.10795949740007184,-0.1264771262823246,-0.11277814122458961,-0.12584113412771042,-0.10349867566159981,-0.12794771196313975,0.12038215074119615,0.11557719790300343,0.10704852149597839,0.10608350666920635,0.11795818536104112,0.1094810878038125,0.1239130621006034,0.11407903635579017,0.12260859425725606,0.13351626724486804,0.12022096264348427,0.118449925522124,0.11281133556892352,0.1284472198308973,0.11736491959079139,0.1318515129725795,0.113365177455101,0.13136716242447308,0.1586000263483314,0.1378174821966446,0.13244584198858922,0.12387724664053923,0.14659333515568856,0.13258552916043767,0.15042200985496898,0.12555371032410212,0.14981863911831853,0.05736441476227912,0.05906493830993476,0.054801253744136864,0.052755379501591516,0.055427176755884065,0.05549140386670853,0.05501537281804326,0.041407678153249756,0.06122352033640506,0.0483343641866699,0.04839779019867655,0.04664086149526052,0.044862066622598375,0.04747464362731207,0.04750296764303333,0.047796228281917326,0.03904858990370614,0.05228495641649832,1.0,0.6498458461661968,0.548059244953807,0.5305712052120585,0.60325313833472,0.5559105698729127,0.4369872123316292,0.48643780097536915,0.7103440759673219,0.012439914625758214,0.017470635485237362,0.008576955800333769,0.006866301569048527,0.00897378828946921,0.008612123395521648,0.0031057626170910768,0.013194469235867189,0.013888850570526452,-0.6722496476031625,-0.35144079355439556,-0.2750467986167167,-0.289805050623227,-0.30269314265054104,-0.29586287433921177,-0.270861521215538,-0.27896416337436974,-0.42160896099724277,-0.013168503350113879,-0.005714855452944369,-0.026755371173924604,-0.022783965294583902,-0.02800800414527854,-0.023331657121816972,-0.027715877359971323,-0.002051163733624982,-0.018267251469853533,-0.7199372518136552,-0.5437264879236126,-0.4718970952810315,-0.44427388359642317,-0.5147990797986859,-0.47989306346104804,-0.32778750017240016,-0.38612182391725025,-0.5549866128827713,-0.008508137793386076,0.0025984759268861987,-0.02880124173503448,-0.03209011869796777,-0.03497003586209857,-0.03345650075374649,-0.03837636262973254,0.001958043441734321,-0.016501647386967657,-0.6426838039967294,-0.39038205597711445,-0.38076097305807655,-0.36276890274477863,-0.39122943953201045,-0.357216819819393,-0.2332199272608205,-0.24657441735715702,-0.5026645620521171
Fp2_delta_relative_power,-0.0018427087537706106,-0.0019389661110516762,-0.0016469070410163142,-0.000985620088437123,-0.00313121383479056,-0.002121660875969168,-0.0026851000110674757,-0.001532567303221165,-0.0022255162309102587,0.14084707488652923,0.16324550278036595,0.14219100776847843,0.13590136497379077,0.15584510434282656,0.14808304497179775,0.1703092692776375,0.14140752081807037,0.16268125144910245,0.058873303886835086,0.06264322473124316,0.057363002469804567,0.05557774490080327,0.058336880560397465,0.059299351413725984,0.058885054365307214,0.043242437727588894,0.06440543612414809,-0.12211301006890202,-0.1333675185731767,-0.13430527710059986,-0.12451426126267273,-0.14032507181815643,-0.13197955595949132,-0.1460760233433353,-0.12060377524224733,-0.1439848618207853,0.11478469651175069,0.13644630179045372,0.12038219040556153,0.12132101868927388,0.1316547660680499,0.12593489459237614,0.14051223067069693,0.12987794225464544,0.13712771226252332,0.12527934659016648,0.1425351624651324,0.13367366546407067,0.12953661957393636,0.14295447404693312,0.13611700652429243,0.15115077580423242,0.13048119430633764,0.1473562006807761,0.14167373195073676,0.16415395644153624,0.14311986290163523,0.1368811418353637,0.1567746856726737,0.14899162586555675,0.17121901093274364,0.14228662238237894,0.16366777528603021,0.05915231196677252,0.06297215037995847,0.05766164247487186,0.05587750528362309,0.05863158171367377,0.05960419238149469,0.059199565261884635,0.043449945877182865,0.06473565406614146,0.049395317260221526,0.05199835590710544,0.04862218267946918,0.04718336622128211,0.04965273222508494,0.050647337025809536,0.050853639423041844,0.039227318517067435,0.054500387201100564,0.6498458461661968,1.0,0.5608143975357591,0.5781953058583558,0.5845635856218041,0.6079323342873268,0.49290254937624367,0.5409089425420056,0.7419763387406307,0.016160272073083598,0.016777709297524375,0.01572016121642866,0.013340263667593952,0.01620871141840979,0.01591298833955383,0.010842697837243018,0.014675857924057255,0.019039444195835725,-0.33432662725687107,-0.6481452655217247,-0.23643613638435027,-0.2797873167607089,-0.23836651168772735,-0.29394871720703136,-0.2320047789533756,-0.25987071036913123,-0.38868735311893277,-0.009066490315134935,-0.005376700916249358,-0.02555201364946957,-0.02103620092043169,-0.025393198277166126,-0.020078401567346655,-0.025753456489515963,-0.0026512697540491603,-0.016695180669148272,-0.5893098700766358,-0.7204199792673968,-0.5231769493317577,-0.5124405551886974,-0.5457860052406948,-0.5436162162469884,-0.41416449201232663,-0.44357436769184233,-0.6163464919335968,-0.0003724302906081391,0.0026297128041947856,-0.02584327272513205,-0.03113421300809565,-0.02983113249412693,-0.031132114665396757,-0.03765567576581631,0.0025509863696371437,-0.01410768680848593,-0.39296451528003695,-0.6131126504268434,-0.41414660604150755,-0.42779368425583164,-0.4048048850181415,-0.41952571935847344,-0.32839449483746447,-0.3576396667057126,-0.5533181739278927
C3_delta_relative_power,-0.0021846597525732453,1.224689308537242e-05,-0.002745915291902745,-0.0021535520340850134,-0.0038372718416853735,-0.0029805658673481635,-0.0005649748334108753,0.0005405798751730281,-0.0017870725423888623,0.17449113322058354,0.1793017791125448,0.27763541724934987,0.26619255805560793,0.2773562909614586,0.2599842948238148,0.29704359914883155,0.22996298367032653,0.2670247722353643,0.06546310346490578,0.06881566921388567,0.07860682187258566,0.07590348249545215,0.07590293102301149,0.07567737468261469,0.08132029769993925,0.05707813777718018,0.08250129072565203,-0.16178028538484068,-0.16220376953700383,-0.2598856897137401,-0.2436357515893127,-0.2578663841879471,-0.24080055859028118,-0.2778277171506033,-0.21105290586277745,-0.24764590142941237,0.1471454887332036,0.15819318440683902,0.21971339156224237,0.22046235097547534,0.22612835606463366,0.21081133304479852,0.24292950675795336,0.21039397670680343,0.2204654786092843,0.1632203150020507,0.16920225586881016,0.25091168592929225,0.24403569200832695,0.2537252946111911,0.23767984501640005,0.2735723071102746,0.2193835378555783,0.24480310790303347,0.1751095090293651,0.17983998406433474,0.27825065744865324,0.26682504816546965,0.27797889562137085,0.26055623478457,0.2976562014065061,0.2306399362286527,0.26767153871810184,0.06575658696104078,0.06910330690940229,0.0788843645682647,0.0761676697528956,0.07618089586038596,0.0759631638373584,0.0816102058377748,0.05728898993646559,0.08281300305241039,0.054603471833589,0.05619685916492118,0.06482236319443274,0.06292832706015235,0.06328018029008084,0.0631134220147362,0.0680202360792004,0.05187460721931442,0.06864745864050793,0.548059244953807,0.5608143975357591,1.0,0.8297068191662949,0.8923286600564448,0.7712920637662456,0.7184731246773998,0.7019470162889706,0.8952092456508481,0.020698787047606047,0.024855781531734938,0.02787126689950029,0.02710761872454735,0.026996134840873848,0.02736452121081121,0.029195341952094857,0.026238175520031607,0.033389406501122855,-0.3041938208145672,-0.3074877536293549,-0.6845161375271399,-0.5478224459569279,-0.5702857933142562,-0.474206655387367,-0.4555373779086874,-0.4369410355817218,-0.6062473293719388,-0.0017927505847324901,0.006021676857212485,0.01480319815816637,0.012285189534454911,0.011844482251549295,0.01202029573148459,0.02159012488758242,0.01590279347099727,0.016130168451302933,-0.5043087932139242,-0.5067753927532926,-0.7072234982721884,-0.6121351987526725,-0.6668099579530826,-0.6124917667739596,-0.5239495911029222,-0.5116586306808183,-0.6749414436554106,0.011438611156605227,0.017835948530693896,0.017788683738619034,0.019301317831313072,0.019237126348334372,0.017127984860859185,0.01911742592224269,0.015833404698727457,0.022703430550861034,-0.29011525306911284,-0.2788839083832857,-0.5705173980801864,-0.5025882141428072,-0.4991220708831865,-0.4602955074907226,-0.3962837310893701,-0.40644200946483044,-0.5259605512673812
C4_delta_relative_power,-0.0018835789779666349,-0.00013287655531503078,-0.003068264347517284,-0.0029253867891199325,-0.004397020522202712,-0.0035438223889901043,-0.001486916945619411,-0.0007870621960212566,-0.002456253518742932,0.17361824290125769,0.1799231646367794,0.27594286693241143,0.2755012230566304,0.2781799524413309,0.26638215293574696,0.30010421899277595,0.23487895266423126,0.2702749507771684,0.06522587221458707,0.06893748277367064,0.07841912905892853,0.07635333121855947,0.07590740994614655,0.07619796071136835,0.08164980020961161,0.05865570882294249,0.08314329561408564,-0.16143379228364682,-0.16251233505484938,-0.2593053564243934,-0.24990209589835402,-0.26006120274372113,-0.24484886207276435,-0.280335889315495,-0.21508275455857467,-0.25029727868808543,0.1487415540784492,0.1593993733234432,0.22050964951847907,0.22804442094361277,0.22876624785813363,0.21662575196902312,0.24655275388083756,0.2151836797567196,0.22428000620360575,0.16393959402914413,0.1700087253332551,0.25110537767485547,0.25137715662501675,0.25628977310242007,0.24295323592308468,0.27686000232324004,0.22398201096007175,0.24824072447463305,0.174221147075477,0.18047542040296138,0.2765071600834544,0.2761560303795985,0.2787826826762057,0.26695825863247574,0.30072534328795975,0.23556334494597117,0.2709176179095224,0.06552017162865595,0.06922949596730608,0.07868421497598403,0.07662169328801767,0.07618622015320839,0.0764854845440745,0.08194206610835263,0.058871679735411686,0.08345665268793655,0.05454863008893561,0.05647650960206463,0.06485263930540486,0.06370181438290208,0.06320437399579731,0.06386359784536463,0.0682949978952221,0.05353742452239844,0.06937237641284393,0.5305712052120585,0.5781953058583558,0.8297068191662949,1.0,0.764065096447071,0.9127327473617382,0.6960380053437407,0.7502532407720444,0.901545746555655,0.020764431042560812,0.024888019675542807,0.030307757433534144,0.026425639675466794,0.028771556121554895,0.027419824848393823,0.031179990867942355,0.02800636081996324,0.03477733531655057,-0.2790645595851056,-0.318667191541894,-0.5113415867932508,-0.7009851697330058,-0.43817867820159373,-0.6046416635909699,-0.4201732073679917,-0.4727471118528397,-0.6007579733322573,-0.0014421087671457437,0.006251554761870143,0.017585443927261957,0.011436141592057409,0.014001247391216064,0.011685972909553859,0.02336961279591744,0.018032049960127198,0.017764952965686528,-0.49512369978762416,-0.5186192824429714,-0.6350365882303163,-0.7065121715270684,-0.608982016030809,-0.6940312389258062,-0.5216021810808963,-0.5431876441384579,-0.6864301622412059,0.012582887929033828,0.018259933074952682,0.019880153326150386,0.01820158091999681,0.021369041457683084,0.017219673752613712,0.020865886548056628,0.018641301460628153,0.02515509449225781,-0.29290256242371526,-0.29060172749882235,-0.510377480895601,-0.5672895315245916,-0.4615280300549631,-0.50887145713881,-0.3996255024863654,-0.4310964145450771,-0.5355473926609331
T3_delta_relative_power,-0.002435569245735384,-0.001499256651115081,-0.0022387338513349658,-0.001620353208512397,-0.0031784480950793055,-0.0025127444872565206,-0.0012173219136927295,0.00023084610421995482,-0.0018997134774312683,0.1774364546773404,0.17795276092236956,0.26051701881800643,0.2500109380310348,0.2697156876952988,0.24641025311145023,0.2815564204944678,0.2187741256479335,0.25593355400063444,0.06624552294902157,0.06901590336819254,0.07737620121409808,0.07477167818283649,0.07554975210517216,0.07500895144623233,0.08023475181779254,0.05724439339705106,0.08212309244748449,-0.16243912271917402,-0.15905133794200613,-0.24240811755246022,-0.22687865406537228,-0.24701004226388854,-0.22479981279646066,-0.2588522052252272,-0.19772065638122613,-0.2344322494829181,0.1502339754688087,0.15765417145380828,0.20735120446542002,0.20849847670868882,0.21744153440485603,0.19994927632021117,0.2283904250290958,0.19845229116422528,0.2110419642591456,0.1652771416058629,0.16727107140142441,0.23545184492247612,0.22903312055490166,0.24351639607671302,0.22365678075683493,0.25606156074784664,0.20624027237818554,0.23305524741841696,0.17812386882476428,0.17852985629999177,0.2611693279792211,0.2507048311873518,0.27041604141343184,0.24705141652861326,0.28223946218207147,0.2194950332730953,0.25664571297142674,0.06654911959381238,0.06931100167721284,0.0776539344288946,0.07504882774491405,0.0758394146890276,0.07530545004990517,0.08053430874944278,0.05746090596848382,0.0824443314488206,0.055494528789843386,0.056561604531204124,0.06450398927702611,0.062386690989853194,0.06360714229837242,0.06302773290050585,0.06785069930907216,0.05244347074318255,0.06886311950974844,0.60325313833472,0.5845635856218041,0.8923286600564448,0.764065096447071,1.0,0.7549394715758652,0.7233601454194618,0.6957143722794076,0.8940243506456833,0.020538246775165806,0.024799858215314705,0.02721091936670042,0.02566095010705127,0.024898077519775574,0.025825247729280652,0.02600249978573799,0.02567377233500972,0.0320860068697814,-0.3419734573451399,-0.3289791644268608,-0.5830365263923436,-0.4942236608128071,-0.6641217293263612,-0.4620910071646128,-0.48277239674089145,-0.44198292448893267,-0.6066905802937801,-0.003078514101666806,0.0050747957516654105,0.008137830093427077,0.006490066428586551,0.004471552332617114,0.006224395637552879,0.011529304993930848,0.012778772270787171,0.01030165824055801,-0.5330884613243372,-0.5154518720627068,-0.6581619494599751,-0.574392076030665,-0.7161666978469449,-0.6003560109085494,-0.5165996516523393,-0.5104323107507442,-0.6713504449413665,0.0097380429021651,0.016622880620901767,0.010150661365231229,0.010063130692187642,0.008152543823795166,0.006367982934245342,0.007093685469705903,0.013565475919179724,0.015763619220105097,-0.3398334457256556,-0.29668690923898977,-0.5185820764304858,-0.4655754853382027,-0.5693249304771666,-0.45351140037064286,-0.36840219801990853,-0.37050086853086034,-0.5288020781663809
T4_delta_relative_power,-0.002115493373055234,0.00036595803007456496,-0.003200476268012,-0.002679857209085302,-0.004428683451458245,-0.002947202629226232,-0.001062898554579132,2.4193930917634246e-05,-0.0021041918604591337,0.17693754037354495,0.18155070050154556,0.26123153839159924,0.25912713430949885,0.2662531849468576,0.26051480377906466,0.28379109456666174,0.22573570819127067,0.260636151658993,0.06576819402328456,0.06915457341749684,0.07702215245860174,0.07509237760721779,0.07496929706753218,0.07598895753853713,0.0800847710898175,0.05812703068700887,0.08240119696294813,-0.16335444756606066,-0.16270964077496075,-0.2444219340067801,-0.2343931843545139,-0.24714069473877626,-0.23444231068021376,-0.2619315835571079,-0.20419333844944226,-0.23921171617192208,0.15083953131770628,0.16109621646610106,0.20831259506889058,0.21555430336074446,0.21671604525316493,0.20927475414228017,0.23197920910083566,0.20565069921625873,0.21541743564159635,0.16607368095582398,0.17101987220709078,0.23696189131416517,0.2367025994328842,0.24316802741942145,0.23367168220374365,0.259606346148406,0.21336395010751405,0.23784756668897322,0.17760083256498804,0.18212495616253474,0.2618588129401778,0.25981561273052634,0.26690929403657704,0.2611914013037234,0.2844415176117403,0.2264620221215202,0.26133621618108327,0.06606758125917933,0.06944715799043519,0.07729773133337033,0.07536578534693343,0.07525468996717304,0.0762889417073407,0.08037884862385196,0.05834958778228449,0.08272199621469985,0.05495409140129281,0.056696290467064404,0.06389058192465422,0.0627533229895149,0.06267388071869516,0.06402670583256893,0.06740684432553821,0.053153947632453125,0.06894272105524668,0.5559105698729127,0.6079323342873268,0.7712920637662456,0.9127327473617382,0.7549394715758652,1.0,0.6662906314079103,0.7396617974238155,0.8930228774746615,0.02070918795638727,0.02483053729045357,0.028971786464080905,0.02570644239679219,0.02738512927474306,0.025889430355060042,0.028743746504830348,0.026788493301822026,0.033395169343403,-0.30721825862641744,-0.35566087232403243,-0.46128302293053075,-0.6249083321849134,-0.43078975440374273,-0.6876825121523419,-0.4135309333505598,-0.47301976840674786,-0.5993299768624656,-0.0017914267432142625,0.005864226350172431,0.010560976729556604,0.0069506915832005965,0.007935046653829714,0.0059123084141941605,0.015022812587751207,0.01446962897664038,0.012407479442635759,-0.501000683176644,-0.5193431160430504,-0.6002399097072267,-0.6558718123181424,-0.5965707908312423,-0.7255658737641655,-0.49481555120437226,-0.5368466037596384,-0.6721677586913613,0.011423643349501685,0.017629009884591554,0.00978794914806581,0.009623960051702884,0.008835161192222935,0.0033035306182874996,0.008881083556820157,0.016196929803845628,0.017576768045781826,-0.3107460997008896,-0.31296763404311906,-0.4888998781055986,-0.5329050797497226,-0.47257611653050174,-0.5722070316323493,-0.3666667752203642,-0.40360826707511793,-0.5392252499719055
O1_delta_relative_power,-0.0017302132284475577,-0.0006823413155275884,-0.00228323642462192,-0.0018857187319548927,-0.0033780024471086433,-0.00267822795154427,-0.0020324386940019042,-0.00037131821870648157,-0.0020207058054887996,0.17770769206581663,0.18889245895174833,0.2718615580775066,0.26643859512193413,0.2791374203844146,0.2609585052124626,0.31036278331720946,0.239905329745574,0.27198884688279035,0.06642528193025041,0.06993830193565534,0.07820663828715,0.07582653728358116,0.07635983189480683,0.07603920791248514,0.08402305096570349,0.061630424616189096,0.08462129882160446,-0.16670811885236395,-0.16920282507823414,-0.26034481710851903,-0.24916335805905318,-0.2627445262679641,-0.2440231313339266,-0.28676115883826336,-0.22026262350971174,-0.25401361389251803,0.1531915504307755,0.1708183866999218,0.2196271551874951,0.22664030683450703,0.23055510304038457,0.2156915048869944,0.2482708335668658,0.21615176984184012,0.22646278292152822,0.16906668949421744,0.179607662832727,0.25107701245323977,0.2502274579933128,0.25860969131419986,0.24201927270369783,0.28095625324765805,0.22714175357499924,0.25128220396818585,0.1782370503034072,0.18940773812450062,0.2724419976881326,0.2670803980203166,0.27974564550130504,0.2615229873814075,0.3111489729674973,0.24063763460380014,0.27265027425780947,0.06671721007993132,0.07022762025100025,0.0784793213850976,0.07609921302550161,0.0766421237422375,0.07632869995734348,0.08434833166968558,0.06185204025738475,0.08494171960646056,0.055350724449863824,0.057358479283199974,0.06469353604787122,0.0629267610955104,0.06373676767571165,0.06363464748583628,0.07141882246053269,0.05682252250479497,0.07083079607184908,0.4369872123316292,0.49290254937624367,0.7184731246773998,0.6960380053437407,0.7233601454194618,0.6662906314079103,1.0,0.8160367326639355,0.8307489252959447,0.02286334820943226,0.026771507854131637,0.03295355125978514,0.03097873664871394,0.030890456881055878,0.03053738686036239,0.029648188995481984,0.03101110993055168,0.037850520214625503,-0.24811682317967373,-0.28826049061283066,-0.4442073103625865,-0.43873283473643476,-0.439561328893869,-0.3998142465327512,-0.6126463840454144,-0.5052623880515693,-0.541557798084428,0.006193734918526799,0.013899374106275062,0.017129518147221336,0.013160537621151651,0.014594146451506237,0.0139807910784179,0.007686356756754622,0.016711696878184606,0.017908956927683593,-0.35926060804023663,-0.39882852543481023,-0.529936072660624,-0.5143079134147126,-0.5343062692025896,-0.5199878508324594,-0.7535577284524858,-0.5884283950128532,-0.6237641566990558,0.015074687793480358,0.019445984320752795,0.014425369422026615,0.013802223939036228,0.014536058085942756,0.01122000292137097,0.008642805394219888,0.017988283357141952,0.021500191925791848,-0.28291626921278223,-0.2848165569127555,-0.48871152789201605,-0.47879890969908057,-0.4724244675493774,-0.4393879251189926,-0.5423195560500352,-0.49846978225571015,-0.5402532655514735
O2_delta_relative_power,-0.0013390983020822708,0.0003715745009805953,-0.0034555427953494276,-0.0028868434319757547,-0.003937222449554961,-0.003134965159616503,-0.0014808267547656898,-3.028978182737663e-05,-0.0020994676299883643,0.17069958111579256,0.1832809813004343,0.2623633559657573,0.2570968579655178,0.2679865639319569,0.25390377711765794,0.2999483051087706,0.24946447377219136,0.26621175111117007,0.06563880442481516,0.06991208572711978,0.0770846451376193,0.0746657785575198,0.07505653682997906,0.07522158940868738,0.08216464147479562,0.06046389696580926,0.08337558760603687,-0.15922676537780736,-0.16444857949960992,-0.2520988130328513,-0.23981337170088882,-0.25354833981853137,-0.23659579409649842,-0.27902435740830084,-0.22391066221521988,-0.24779835955959734,0.1470860733627925,0.16392852542046865,0.21200754949722259,0.21764084327111002,0.22136724941685174,0.2088502513311819,0.24470503748863012,0.22289882740349584,0.2213953561692914,0.1619097220233008,0.17344214746401573,0.24273594241546875,0.2405620141015825,0.24892333285259635,0.23449747565854048,0.2751676744455443,0.2325829803979751,0.2453998245708748,0.17128699840660175,0.18385382668898412,0.2629600785888936,0.25774882605740085,0.2685921233862135,0.25448675679398686,0.30063606933104875,0.2504171647104181,0.26692308681267835,0.06592655519777375,0.07019805569886728,0.07736798867728878,0.07493182182755129,0.0753316981404568,0.07550643654169133,0.08246833164595033,0.06073769984222143,0.0837088504776847,0.05480526104598584,0.05714198004301976,0.06378525369426519,0.06217902844900194,0.06269113851447315,0.06310648446488253,0.06945177466578496,0.057041535637577925,0.07015512594671983,0.48643780097536915,0.5409089425420056,0.7019470162889706,0.7502532407720444,0.6957143722794076,0.7396617974238155,0.8160367326639355,1.0,0.8571221013510175,0.023430448099964533,0.026800698743083804,0.03398669571781652,0.03122513717551554,0.032171064067043856,0.031104811096027793,0.03336832259149223,0.02394604493384857,0.03580293761768685,-0.24042803535076795,-0.28228442541525284,-0.37047301438085783,-0.4368306037976936,-0.35032023886745806,-0.4140696632063391,-0.4425568182383548,-0.5859472859805998,-0.49900641818788255,0.002478987572749585,0.009498735249981747,0.014547088909146383,0.010484370902335297,0.011775909788252418,0.010842900062246915,0.011056369157012217,0.010331516137640197,0.0130136482344019,-0.4596074482996773,-0.4880370886827042,-0.5848090960811922,-0.6012821116318194,-0.5838527767655781,-0.6188057919952074,-0.6670192311384942,-0.7787891164870054,-0.7086946351558843,0.014621212277237325,0.01853812472493115,0.013158030694644966,0.011460891256109293,0.01304046206720915,0.008726352772605082,0.015016627850109952,0.012589747517376241,0.017916580226613077,-0.2823017149921022,-0.2898965714696975,-0.48614834505760046,-0.5027276528551068,-0.47022027650220144,-0.46947037347821674,-0.45032666323628884,-0.5206883924394796,-0.5371178585692128
avg_delta_relative_power,-0.002056124411011696,-0.0006751218711625638,-0.00313748402552947,-0.002627189922168823,-0.004339294419809671,-0.0033275502165435664,-0.002012780148669153,-7.536597852134687e-05,-0.0024214279118488194,0.20073678813622622,0.2071622272716331,0.28115415780226855,0.2737505004370081,0.28953916083109166,0.2728148825994843,0.3125594221518857,0.24866605742966702,0.2840666386325566,0.07597635159889528,0.07993245354086069,0.08619612981905249,0.08352585456456864,0.0844814724179962,0.08468423188326157,0.08990150690689008,0.06524958166652696,0.09287620856158921,-0.18303828729672583,-0.18260359152681802,-0.26456680307497155,-0.250441971634394,-0.2680587531039539,-0.24943367962168553,-0.28640977913384924,-0.22359382299373398,-0.2605849071390729,0.16859960437200533,0.18224583998079613,0.2261699033234853,0.23060953144880147,0.23741253887576938,0.22338525436906134,0.2549333904856943,0.22587839935042028,0.23561344868141162,0.18585267313970882,0.19270765941498175,0.25689531555121686,0.25307456546969354,0.2650860259443801,0.24902370054865608,0.2845965237915499,0.23400092606639958,0.2596317362878771,0.20155090782624963,0.20790193193270382,0.2819634593988779,0.27462231953297667,0.29037478662651073,0.27361544296770435,0.3134209253670202,0.2495926693304587,0.2849592063917761,0.0763245842028446,0.08028121975716483,0.08652864145338225,0.08385444442907398,0.08481902930597272,0.08503275823285468,0.09026028586721535,0.06551359466074609,0.09325795488379986,0.06358891129167794,0.0655872719603453,0.07176198676063163,0.06984607172684691,0.07092839708341829,0.07131209335882148,0.07618045396220884,0.06011893063339705,0.07799103624806931,0.7103440759673219,0.7419763387406307,0.8952092456508481,0.901545746555655,0.8940243506456833,0.8930228774746615,0.8307489252959447,0.8571221013510175,1.0,0.023529762981071848,0.027927749362993116,0.030808440525863318,0.028084497036558694,0.029401214596963574,0.02885311364753201,0.02881842045892979,0.02830714116111504,0.03593182728465426,-0.4020144545534904,-0.42585634380707016,-0.5301713087404466,-0.5671599731481427,-0.5101946637127028,-0.539770627168014,-0.498116214268826,-0.5168321279264466,-0.6340606416397095,-0.0030145439339684943,0.005494328120620506,0.004973560671099357,0.002881523989826017,0.002099767600928104,0.002934879067527492,0.005769081757486088,0.012558754082794556,0.008153799973254884,-0.6151644833376727,-0.6235396962246917,-0.699898254301547,-0.6871129106185908,-0.7079286330260472,-0.712520705542309,-0.6319887382191982,-0.6428595865711884,-0.7748308022511164,0.010032500264732168,0.017048226285046802,0.004952171917190928,0.003288670518622703,0.0034963335526137494,0.00033160968861620704,0.0010240193901627447,0.014887275440367893,0.013726936829878304,-0.418511963739714,-0.40774610071079576,-0.5739856091195663,-0.5716169281734519,-0.5563168613197705,-0.5473023405181301,-0.46160447291139284,-0.48378726410553596,-0.6336929672766103
Fp1_theta_power,-0.1046348320030976,-0.0699817876442144,-0.10546603896140208,-0.10737122372470453,-0.10765124387847155,-0.10762238305227864,-0.09651027682572466,-0.061739806774039126,-0.10531207455457828,0.43610294166990593,0.39816036736082994,0.3839608047387975,0.4017473071940166,0.4021405861787458,0.4025852760769536,0.3809256683197088,0.2516010737089234,0.40671546907380646,0.4184821382681913,0.37762799912652106,0.3832217166594398,0.40831096412680074,0.40047746660327616,0.40239487161990906,0.3931689342045663,0.1458377557634224,0.3877930125689129,-0.4770207265287784,-0.4127273696432478,-0.40876786996365777,-0.4332304349164765,-0.4304630722716038,-0.43034181693707146,-0.3991503573197919,-0.26127737561310554,-0.43652503395510667,0.42761674268422245,0.39552347597277243,0.41575432058278305,0.4087560918347753,0.4181666022259009,0.41493539780299704,0.4051352010907413,0.29762841753413105,0.4217697878403084,0.47777015914696086,0.4267884031036664,0.43576691980490356,0.44326143365187837,0.4466478975268366,0.4462542245789083,0.42513507493844854,0.2912969380740131,0.45013477482009084,0.4349520760664212,0.3969198078682388,0.38325245659235274,0.4010488897114947,0.4013623077964802,0.4017535069936629,0.3802022741893002,0.25114182864621376,0.4058483852668687,0.4180892560786566,0.37679967222860844,0.3830130939943453,0.40810513879839194,0.40022768191327096,0.40207902550820623,0.3929605694367769,0.14580535856892682,0.3875226839946343,0.47965184251278475,0.44258895596367037,0.45032752487492794,0.4869933218243416,0.476957351035319,0.47509860573074847,0.4768451628777147,0.2025347015298623,0.46608844370740854,0.012439914625758214,0.016160272073083598,0.020698787047606047,0.020764431042560812,0.020538246775165806,0.02070918795638727,0.02286334820943226,0.023430448099964533,0.023529762981071848,1.0,0.7084671021587814,0.9193188554566407,0.9901004146029062,0.9869928328326099,0.984192378712506,0.9740907662398589,0.24507272524557086,0.8998044800535254,-0.000264060841626178,-0.003957145118587058,-0.013004756896940549,-0.013818800345773541,-0.011455654609547736,-0.01179175129595438,-0.012163463702253163,-0.0120823282010242,-0.012829151692736818,0.9024264122838312,0.7229298896566324,0.8272501347883742,0.8881977850086212,0.8990911370946714,0.8992032747442007,0.882590307575693,0.18534499101835747,0.8068584432466949,-0.008741251945444907,-0.010703849910553103,-0.014527459627122654,-0.014171850401065068,-0.014476497571592901,-0.015253972285060714,-0.019113928149034076,-0.01986563563165388,-0.017468582206078154,0.8383381343259093,0.5767168606498613,0.6960403207649688,0.7929199590493984,0.7606672311731018,0.7682460970650941,0.6743766440813875,0.11984606109873101,0.6049301799221413,-0.019646769619097754,-0.0202734488068475,-0.015374940194238537,-0.015100374324082249,-0.017389715857652716,-0.017020055079870058,-0.012123567326173122,-0.011464627977569837,-0.021272236491718836
Fp2_theta_power,-0.0847429982100575,-0.07417381808245857,-0.08212258290812957,-0.08357747924176248,-0.08350032415954631,-0.0834426233409582,-0.07365924064370093,-0.0470292300869646,-0.08466839831568566,0.3300133218378199,0.4713991717307573,0.2937190927855892,0.3051026545620606,0.30599536241008485,0.3065313154207599,0.28978027009951324,0.19129820944844425,0.3308897048727225,0.2983034654412908,0.5169945284255453,0.2768916278297573,0.291464560371291,0.28727750011240905,0.28827821842554086,0.2823719530565486,0.10456508868255933,0.30888115888463097,-0.34449098459251987,-0.5244573755386399,-0.30035944886477156,-0.31441445141216984,-0.31456952763053186,-0.3132240756489716,-0.29079200840668995,-0.19067250013211,-0.34932506439883115,0.35013989559115416,0.43763589969790245,0.3390642879495756,0.33657823519203683,0.341848262135562,0.3416909214194904,0.33063489443799327,0.24290256113793585,0.35954271530336385,0.3681445845496688,0.5075510285192322,0.3398675308223432,0.34393290158032486,0.34698521968087026,0.347135128345393,0.330016403790464,0.22620762083722734,0.3725859456452617,0.3291503999109744,0.4697939557714116,0.29315658952487866,0.30455508557403704,0.3053872695410537,0.3058781356528203,0.2892148248744132,0.19091966287864248,0.3301533834135338,0.2980490591936033,0.5154322657084117,0.2767464194985829,0.2913392199521692,0.28711588909315217,0.2880659091208701,0.282239605260746,0.10454514988040596,0.308627196976998,0.34630421574831005,0.6076277725821568,0.3277259395562619,0.3516918026650562,0.34557999352507135,0.34373447504882626,0.34608082313185057,0.1460698337753007,0.37429940107046106,0.017470635485237362,0.016777709297524375,0.024855781531734938,0.024888019675542807,0.024799858215314705,0.02483053729045357,0.026771507854131637,0.026800698743083804,0.027927749362993116,0.7084671021587814,1.0,0.6654425269798063,0.7043677661870822,0.7053182392777407,0.7034025871564742,0.6978471983948019,0.17562590734631375,0.7199076181275443,-0.005935764116083006,-0.002735614833555885,-0.016296127567802805,-0.01676991931146155,-0.014884232944725271,-0.014948785175969362,-0.014898839573352285,-0.01452546367008308,-0.016389461704219933,0.6179285012971053,0.9048217379725757,0.5920283629050885,0.6087424372755694,0.6263438451570283,0.6239086322296402,0.618991584996641,0.1306316248300347,0.6130018903352294,-0.011566679113360068,-0.012367283138676131,-0.016708636992998818,-0.01674015356087315,-0.01683817147573418,-0.0178058652796255,-0.021250824347847558,-0.02154449480641899,-0.020057954617824388,0.5835557642197352,0.8113310678772275,0.497429668428176,0.552156787458066,0.5347681561857461,0.5395763430531366,0.47605688078360753,0.08385815630262887,0.4750950627115084,-0.02077401434071075,-0.021212983852421378,-0.01841789565336348,-0.018119191117233417,-0.019935634498293622,-0.01955120718669312,-0.015435062186873872,-0.014887927010783774,-0.024267901212346413
C3_theta_power,-0.1301309962474174,-0.08651508927368758,-0.1368465802864674,-0.1320641377032853,-0.13078642889955547,-0.13053883739501587,-0.11795826935231252,-0.07214212883093829,-0.12941560439526514,0.4399699633276668,0.4081288490905379,0.44768211828935467,0.4295058908050395,0.43239935747243313,0.4288218958745178,0.41667615254672047,0.2768182308447213,0.4372058919091372,0.4198652704646617,0.3874449789241627,0.4410892256678934,0.41790779598367456,0.4159144313504037,0.41481093997089036,0.4128432960447072,0.15438289916427142,0.4061043689378557,-0.4423611646159174,-0.3957312591483316,-0.43210004559966964,-0.4243146932110508,-0.4284456860935872,-0.4234677976913846,-0.4052174350759288,-0.2691028910820739,-0.4328085014639733,0.47239313022970536,0.43917255598669397,0.5159500446401905,0.4684969077769773,0.47973342335935887,0.47365468481777695,0.4691995067187762,0.343772583813999,0.4857757516773961,0.4854735942616712,0.44129796351883216,0.5054408776379434,0.47210005223824936,0.48062023828113204,0.47589864403287246,0.46471570383247035,0.31976152154468523,0.4842658472101272,0.4389221602474077,0.40696275701045587,0.44677573867065623,0.42882438705762416,0.43160791305453616,0.42799520615186554,0.41592263000438007,0.27637055272213557,0.43632872340011847,0.41968761531944265,0.38676026601214414,0.4407439995563738,0.41788693873183025,0.41579007443108684,0.4146382363825794,0.41272845183625484,0.15438691431852744,0.40593983300986647,0.48398412819460235,0.45366652483357967,0.5374188026227946,0.5001381063718301,0.49545868480034777,0.48989430369879033,0.4996376878968405,0.2138523751557806,0.4908694151070154,0.008576955800333769,0.01572016121642866,0.02787126689950029,0.030307757433534144,0.02721091936670042,0.028971786464080905,0.03295355125978514,0.03398669571781652,0.030808440525863318,0.9193188554566407,0.6654425269798063,1.0,0.9216981034029854,0.9534895360103053,0.9420473334788837,0.9581032069475842,0.24336183259818656,0.873309844863085,0.005192913714074217,-0.003608090054615393,-0.009448543375046584,-0.013623137138039343,-0.008437938844648213,-0.011407109898216933,-0.01090125706073668,-0.011355479036513275,-0.010535601935147392,0.7971111790213911,0.6773131170148362,0.8967526563698099,0.7921625258422579,0.8532772672831777,0.8413584496146573,0.8574597965569928,0.18693560454375827,0.7677997007334625,-0.00806926226358595,-0.011917053992533667,-0.02613278435345845,-0.026447851617741682,-0.024515925173946088,-0.02594834712927834,-0.03234118222379559,-0.032860329816446786,-0.02834761530322134,0.799822092086279,0.5759798795371869,0.7967141309964791,0.7697317474502313,0.7755644009849997,0.7748759106073044,0.7006946044235309,0.1273316948932908,0.6194468478966808,-0.01824925610056508,-0.017965329575241676,-0.02673970115664446,-0.026402863286304267,-0.02712845531413023,-0.02590317047212581,-0.021418456842330777,-0.01994306975007873,-0.028867604690388512
C4_theta_power,-0.09961562283793343,-0.06673196085626527,-0.09919946076358226,-0.09972665001037362,-0.10109766871618747,-0.10232298112677198,-0.0907737607161219,-0.05723412444510257,-0.09912411994191651,0.4406124160156788,0.40503773666361886,0.41027471146643685,0.4301373181147756,0.42713834412010193,0.4260304648942918,0.4110830070225421,0.2718615575750914,0.42935081947193443,0.424490563813758,0.3843625145721716,0.39417116545711656,0.4191031489473173,0.41201960258878095,0.4122782259156607,0.40702827717946927,0.15095756189626064,0.39801017977491715,-0.4762840053551546,-0.4153767151989775,-0.4311505820406245,-0.4568355467673122,-0.4510954401295251,-0.44929456508304944,-0.42511276372174817,-0.27832793063873623,-0.45439722486925416,0.43183508644570473,0.401504354870823,0.43421032555242034,0.4333744867341359,0.43799138087037254,0.4329310856097631,0.4284376468119802,0.3158590756816579,0.43978255225376556,0.47976075450443195,0.431370526037624,0.4571032115317896,0.46872025105967874,0.4679321301482537,0.4657510289703265,0.4510436707227321,0.3096744456176533,0.4689824008096431,0.43940861392937347,0.40375667714858604,0.4094339257338222,0.4292959563742541,0.42623304278354524,0.4250747559504969,0.4102269287163212,0.2713061186068602,0.4283639509849125,0.4240344224363501,0.38349225950533655,0.3938512482382347,0.41876797894029344,0.4116613094212453,0.41186743103995577,0.40669907496472907,0.15088750119890118,0.3976456534324175,0.487690066235902,0.4508298557091218,0.46261227710412395,0.4987520747396881,0.4907725149633743,0.48660014154978576,0.4931366481670168,0.2093185455826312,0.4782069009616941,0.006866301569048527,0.013340263667593952,0.02710761872454735,0.026425639675466794,0.02566095010705127,0.02570644239679219,0.03097873664871394,0.03122513717551554,0.028084497036558694,0.9901004146029062,0.7043677661870822,0.9216981034029854,1.0,0.9887995601141406,0.9861458489189354,0.9798561024492546,0.24825033463185156,0.9018493497648349,0.006177471972944542,-0.0011231141135555167,-0.010487214126838349,-0.009657237609847708,-0.008655131530947754,-0.007631560426633628,-0.010204240026460788,-0.008858863096541924,-0.008471582105978913,0.886363742528403,0.7120317025783346,0.8235578336491483,0.8841975838437254,0.894534122590869,0.8918921306096943,0.8807557388564689,0.18621417604198065,0.8012400267056228,-0.00689424465874344,-0.010834227031937997,-0.02447382327511917,-0.024801696826311396,-0.02266905451119399,-0.024651484444352938,-0.030540693737414828,-0.0313280150531443,-0.02657416208303785,0.8293242998450038,0.5721725898936134,0.7003960274751887,0.8004750161404702,0.7668434316418501,0.770156961408479,0.6810753875168232,0.12132636468554152,0.6071610207870264,-0.016839509480634816,-0.01693852706432658,-0.024744100766726028,-0.02502721001149696,-0.024932253035566673,-0.02531868116261066,-0.019897607750828813,-0.018849052826744185,-0.027097036783241837
T3_theta_power,-0.11798743072020403,-0.07804473239342533,-0.11572236932473516,-0.11900666626394966,-0.11852161427271694,-0.11960696091150498,-0.10643156733832776,-0.06733851043710685,-0.11653158863285817,0.445186816864547,0.4104124436493267,0.416429596139506,0.43049328563500644,0.4322072512663058,0.4286595846341412,0.4148116245884841,0.27481645278236894,0.43348237280889257,0.42878912612511416,0.39149898597126265,0.4053110654554879,0.4247117743661252,0.4192224093245665,0.4185069299461944,0.41435801688460866,0.15419912243258402,0.40506984651670047,-0.4693653033613908,-0.41280155729469964,-0.4297298767958458,-0.4458255148952438,-0.4471133442425015,-0.44222345942042257,-0.4201434787459186,-0.27664143052531576,-0.4491976739620782,0.45278367633316413,0.42009331674832195,0.45736449613975744,0.44804742241156936,0.45934365463386895,0.45230775175018384,0.44821858037173834,0.3293035601628883,0.45982995619305644,0.4880153709174483,0.43997953003249424,0.470001311381105,0.4714141276946863,0.4781186689013577,0.473158871813682,0.4599490018178498,0.31594130033478435,0.4777011259881763,0.4440301523930386,0.4091553553176798,0.4156243741737187,0.42972545187365235,0.43134825108986086,0.42775505077784814,0.41399833116140994,0.27428751426808207,0.43254181655276874,0.42845560819873807,0.3906955150092052,0.4050816396958353,0.42452932073258937,0.4189766582153172,0.41820851855778723,0.41413339021476964,0.15416403763813977,0.4048104257025206,0.49165164079153406,0.45766803226428365,0.4743476992873479,0.5058982292562133,0.49796891719107195,0.4927458420608418,0.5005016496716505,0.21321177497578994,0.48560719536637414,0.00897378828946921,0.01620871141840979,0.026996134840873848,0.028771556121554895,0.024898077519775574,0.02738512927474306,0.030890456881055878,0.032171064067043856,0.029401214596963574,0.9869928328326099,0.7053182392777407,0.9534895360103053,0.9887995601141406,1.0,0.9907849488001798,0.9957717711586394,0.2512651662749988,0.9089356669201338,0.005845324623006585,-0.002355884676734601,-0.010255805087299133,-0.01342118461951701,-0.006187524129669264,-0.01036202934163476,-0.009432683302781016,-0.01030894484915526,-0.009431365713439619,0.880122030926066,0.7191752219822617,0.8635778818154761,0.8742860304722202,0.9054359394785922,0.8985583498171382,0.8975028754000612,0.19120914397105646,0.8104553373319775,-0.00881308618050422,-0.012803306849438702,-0.024398463381675565,-0.024530847991497087,-0.02336030226514576,-0.024561453777605585,-0.030715981954246064,-0.031194780351870226,-0.02711792933156413,0.8368905027851223,0.5857407142141751,0.7376980616769954,0.801942074031288,0.7850313648765248,0.7862345420958342,0.7018395461615997,0.12589534472370276,0.6222793331848947,-0.01915768694992064,-0.019703528365691787,-0.025109143726289366,-0.02510028275579764,-0.026389726567737568,-0.025382164511608622,-0.020963824193775675,-0.019710234274194178,-0.028765025334119395
T4_theta_power,-0.12397139679236736,-0.0856949529923551,-0.12336458163994167,-0.12700098486545128,-0.12644983472952312,-0.12442354051879516,-0.11348424636635537,-0.07385766606066417,-0.12439067063205264,0.4529080996084617,0.41683215770777243,0.41911725800202404,0.43525843878525355,0.4344825616698822,0.4425602373513398,0.41718300149910187,0.276270786643533,0.4388454609813288,0.43241720555044677,0.3932261531511986,0.40695069523120425,0.42779533438912976,0.420427377394171,0.4279160039363882,0.4152081698979304,0.15450701810923959,0.407794340651296,-0.4752640609912845,-0.4170249753358638,-0.43054389551260563,-0.44892623165997814,-0.44775739003620274,-0.4554930717481927,-0.4212706336093945,-0.27665161174412467,-0.4529533137493716,0.4540970098668868,0.42170758273919845,0.4534821954222939,0.44793795194223,0.45557759609555826,0.4605729719586024,0.44467118743852724,0.32750486927124817,0.45942739847856173,0.4917006348898211,0.44304436924015744,0.46810937189444635,0.47289614842748745,0.4762936517345832,0.4843703667922744,0.4584663337142721,0.3149928041034971,0.47930984254965253,0.45177664272470686,0.4156066604933665,0.4183500124001979,0.434523478979492,0.4336642838069103,0.4416369870551466,0.4164102434511287,0.27576550107047776,0.4379345019150946,0.43214167198502396,0.3924970191358869,0.40679018028043173,0.42768714352120835,0.42025067856396714,0.4276436760478783,0.41505773594021084,0.15449776071976148,0.40759811221690934,0.4964140931408535,0.4601430231848617,0.47670291961936445,0.5103194382619638,0.49959093468307114,0.5038722596614178,0.5017521736941215,0.21366491946926836,0.489198350090084,0.008612123395521648,0.01591298833955383,0.02736452121081121,0.027419824848393823,0.025825247729280652,0.025889430355060042,0.03053738686036239,0.031104811096027793,0.02885311364753201,0.984192378712506,0.7034025871564742,0.9420473334788837,0.9861458489189354,0.9907849488001798,1.0,0.9851401864753055,0.2502462862033839,0.9050141290229508,0.004606621677924846,-0.0011179368935829593,-0.012918898778018498,-0.01213654934288154,-0.010125262154540522,-0.007857716966386067,-0.011652108006352696,-0.010470575312741403,-0.010288386466315476,0.8780297891768333,0.7153558407346031,0.8531430899698106,0.8705997355938044,0.898083831258268,0.9006436011177931,0.8883503058556741,0.18944665545696557,0.8056971821115204,-0.007756827471643274,-0.012929753272082777,-0.02292376057412515,-0.02390233359868105,-0.021796429415032292,-0.024395776311969042,-0.028819279279904686,-0.029851985706305005,-0.025900296436344547,0.8408952107942337,0.5873673339116876,0.7334744517500851,0.8036681308183063,0.7841246277648244,0.7945520843842827,0.6999575657746512,0.12516973368928092,0.6226505855173216,-0.01795139168076618,-0.02050505911100241,-0.02292993538109737,-0.024484585662582232,-0.024005457000130046,-0.026004808057200766,-0.01900119954661758,-0.018723601650176752,-0.02761736892797018
O1_theta_power,-0.12184768009071995,-0.08083274591890029,-0.1192963449595048,-0.12317429271525362,-0.12270098156761866,-0.12305811794168428,-0.11017148478968238,-0.07016020360764463,-0.12052190839048843,0.44645453150878894,0.41201551652791224,0.4311494543350265,0.4443886513099339,0.4447584306083787,0.44100059809315545,0.4350393399072057,0.2868457714203337,0.4457546833577917,0.4312762459859166,0.3942799167927919,0.41252874581742477,0.4299892920692594,0.42484705033526304,0.42356931120442537,0.4227474486985122,0.15680686664301446,0.4104370305463614,-0.46653569213706336,-0.41159918409502894,-0.4415132425347877,-0.45420356667504136,-0.4555921319813595,-0.4506518918178367,-0.43698476778708534,-0.2867680201613418,-0.4575602997607268,0.45900733187713405,0.42600827331469127,0.4717950964350853,0.4630606798499802,0.47309364182073216,0.46573359718708685,0.46868345332600003,0.3420293671860949,0.4736128549198807,0.49008050650404017,0.44251933897785156,0.4839959834531757,0.4839455635073628,0.49004633938443093,0.48488093077611205,0.4798146890442998,0.32786251899604596,0.4895273408717308,0.4452867532591159,0.41075002943705285,0.43028146961896113,0.4435669778413107,0.4438485849464314,0.4400469915886244,0.4341505287471081,0.28627211101483113,0.4447623554741369,0.43096452561359927,0.39349255174292264,0.4122823166827001,0.4298049555058178,0.42459626267333,0.42327759886399646,0.42250070140060997,0.15676436972836139,0.4101748512261754,0.4916005109977653,0.4579813975969947,0.47933764225831355,0.5090758478708194,0.501352745205243,0.495111770211282,0.5067009030317494,0.2149577126780002,0.4886479577518895,0.0031057626170910768,0.010842697837243018,0.029195341952094857,0.031179990867942355,0.02600249978573799,0.028743746504830348,0.029648188995481984,0.03336832259149223,0.02881842045892979,0.9740907662398589,0.6978471983948019,0.9581032069475842,0.9798561024492546,0.9957717711586394,0.9851401864753055,1.0,0.2520252155371395,0.9053433060696094,0.012801539002615471,0.0035365998599978738,-0.005580330570657086,-0.008884841737473457,-0.0013229053806929167,-0.005556193748627332,0.003817914896815354,-0.00014221773491228834,-0.0007037614544429132,0.8649404993941999,0.7095051421673192,0.8651257270432459,0.8629594828758027,0.8981998744248393,0.8901563731512073,0.8954464737731254,0.19065465944820362,0.8036024797289814,-0.0072664309296071395,-0.01239241436680425,-0.03103812638933512,-0.03133394409179933,-0.02860819793337849,-0.029974160647682754,-0.038892432123857346,-0.03927373105447052,-0.033069014967765833,0.8229057547368293,0.578225146983841,0.7382768995388622,0.792778674230293,0.7796498565645276,0.7802440964741388,0.7047264408553263,0.12506166452633133,0.6178455718337381,-0.01589489838003462,-0.014968555920319072,-0.03087322459727255,-0.0315457836590417,-0.03036022971936923,-0.03013174657480511,-0.027506107837341608,-0.026101300384907232,-0.031855207457990344
O2_theta_power,-0.0392607553511418,-0.024107703243481847,-0.03187512628204749,-0.03388012769268424,-0.03218316270931021,-0.03193063052485544,-0.04918529991729662,-0.09606853214799263,-0.05146953576426323,0.1393756541778351,0.13018560127761925,0.13522538875214232,0.14022440270254075,0.13974437065339884,0.14050073810440683,0.14810801466101708,0.6049022355634008,0.24386087466621903,0.1169905073606131,0.10680060702357108,0.11343160692637351,0.11767587169933207,0.11617511433516986,0.11622223158502891,0.12042872392754157,0.7192303312124618,0.33451406943887974,-0.1470391469912585,-0.1311017582336799,-0.1409268089999247,-0.14263480477904558,-0.14445969421531937,-0.14341378104270314,-0.1486135206616476,-0.5961187726198424,-0.24634886060922004,0.14031306081560127,0.13492992058684358,0.14138178862467676,0.143859154861817,0.1444075694881062,0.1441447708088075,0.14623742735900883,0.5701515605958712,0.22905300458678157,0.15202518533596945,0.14054280385690168,0.14909034743401134,0.151107484582561,0.15220435434864882,0.15201721865116877,0.15565485790696856,0.6068671654038171,0.2489923359150301,0.13906665538636914,0.1297578637733815,0.13498721353498772,0.14001208684151745,0.13951649740297584,0.14024244089351143,0.1481684401975993,0.6036147700889787,0.24335957521574159,0.11691788321123946,0.1065888721053231,0.11336565551823508,0.11764170660154817,0.11612241314917052,0.11615172284025915,0.12047004389894865,0.7181959060217884,0.3340058067120239,0.13301744910029484,0.12274928095248606,0.13107436803609943,0.1385752030419638,0.1362839863892531,0.13513714305082808,0.14249791874398024,0.6826598212558164,0.31241907954776865,0.013194469235867189,0.014675857924057255,0.026238175520031607,0.02800636081996324,0.02567377233500972,0.026788493301822026,0.03101110993055168,0.02394604493384857,0.02830714116111504,0.24507272524557086,0.17562590734631375,0.24336183259818656,0.24825033463185156,0.2512651662749988,0.2502462862033839,0.2520252155371395,1.0,0.6151361026923721,-0.00797222615211234,-0.011670735545987654,-0.019222113023029407,-0.01978192078016816,-0.01816972579153698,-0.017766602996236596,-0.020122486875057737,-0.007698664722572467,-0.019687933136837556,0.21601850642127463,0.17855636924167606,0.22130548574943926,0.216133262457229,0.22714288552922127,0.22458054618146336,0.2257602095699402,0.885752386137584,0.5839172772246063,-0.0077540451098740285,-0.009660622729095769,-0.018381210945928615,-0.02019553379928429,-0.017767906735142672,-0.020014570928887043,-0.02433603391794185,-0.024760236706481028,-0.021468556426992805,0.21544757339406131,0.15135742705227553,0.19498451010689719,0.20934597916598363,0.20704785468326203,0.2057598903813127,0.1842887356570324,0.8390162491059882,0.6664994771255942,-0.012158429355286432,-0.007264478281712749,-0.01185537716453668,-0.014453917857322822,-0.013341859368404445,-0.015630818852320347,-0.01172995759638128,-0.009976735836041343,-0.01520038498262325
avg_theta_power,-0.1113912902187844,-0.07643023451164002,-0.108145648782698,-0.11018737513025365,-0.10934692176236574,-0.10927587011985601,-0.10638754612694001,-0.09423748590213943,-0.11608412773050869,0.421705484750432,0.4150607868464604,0.396290171344503,0.40755831213386207,0.40767782423520355,0.4076815688646249,0.397128210796067,0.4718704157864729,0.4566548727676321,0.39508665978661306,0.3981094375755095,0.37703768391923964,0.3910465512265509,0.3856595190828939,0.38661788985315215,0.3833980336274511,0.42078334228258063,0.4699661503509782,-0.4443253471517672,-0.4254580294639262,-0.40740729297966155,-0.4208827153639116,-0.4212982412977345,-0.4196193599074277,-0.40134307036557776,-0.46942934763509137,-0.47144728030188787,0.42941255548330537,0.4179868601567954,0.43402289430060553,0.425419665618059,0.43282990547178174,0.4299160460041976,0.42482066048224343,0.5028806709822523,0.4724261839211599,0.46241904514334753,0.44544686432165803,0.44583081855390266,0.4463984170620894,0.45051766030203094,0.4493830991031209,0.4374564343196711,0.5064721256628418,0.49564530513875726,0.42063730407196376,0.4137605910984593,0.3955291599843515,0.4068512250565464,0.4068942634855867,0.4068391976637228,0.3965002276602075,0.47091953163880296,0.4556782584671115,0.3947876719203802,0.3972261928050885,0.3768103427398898,0.39089067764339847,0.3854471291140041,0.38634832680619813,0.38324455659289347,0.420331582877067,0.4695383368402792,0.4533361896783326,0.46515048827932276,0.44364623069260034,0.4658641078442032,0.4581894074806307,0.4552355169016777,0.4627536114179655,0.4533956662084056,0.5278560718222878,0.013888850570526452,0.019039444195835725,0.033389406501122855,0.03477733531655057,0.0320860068697814,0.033395169343403,0.037850520214625503,0.03580293761768685,0.03593182728465426,0.8998044800535254,0.7199076181275443,0.873309844863085,0.9018493497648349,0.9089356669201338,0.9050141290229508,0.9053433060696094,0.6151361026923721,1.0,-0.0002014849429434796,-0.006269991562614222,-0.01773626652662547,-0.019185034237524996,-0.01526791813869162,-0.016083464656194597,-0.016597397086105487,-0.011715631822439987,-0.01684122484018119,0.7978632072532996,0.7147535060135053,0.7863271105035652,0.7921535613313289,0.8200401886367937,0.8154839831020256,0.8128057857786378,0.5186193988046265,0.9001449396931617,-0.010586855997420454,-0.01431711186205066,-0.027011081974161202,-0.027962366685263303,-0.025834267964860252,-0.028011827707516996,-0.03450786653582715,-0.03519468198094276,-0.030568598390490975,0.7638614900213342,0.5971978432082136,0.6752767593059227,0.7321294353318749,0.7154976741444049,0.7183748981212092,0.6394183938368506,0.4467699641700695,0.783204567955554,-0.020918535356740053,-0.019278400856816817,-0.02485310250955034,-0.026099711588563376,-0.026228585307184433,-0.02706353629940151,-0.021414749901801446,-0.01988926168685453,-0.029470017845270223
Fp1_theta_relative_power,0.00015150722499783777,0.001251672099777809,0.0018907274387742047,0.0019755009206104592,0.00252238658905007,0.0020843902778723395,0.0024704124846569287,-0.001286615601783715,0.0014066648127185185,-0.14332156123331893,-0.12178945730201995,-0.111999456281626,-0.10678605652333692,-0.11823071822525774,-0.11295131521648594,-0.09481494985916814,-0.08899244414855118,-0.12042514606858722,-0.04617517062483101,-0.04668228691460023,-0.047374228807719694,-0.04567939078018342,-0.04655770441019505,-0.046991059004126826,-0.04572276130497569,-0.03664311842815474,-0.0517518037744026,0.12073603041239714,0.10155644569193184,0.09399519083914293,0.09006588003941389,0.09770923540901712,0.09580265430337562,0.07175520655059188,0.0693566769581524,0.10012482466390629,-0.11951631256923431,-0.10692550369253787,-0.08224120413576139,-0.08082960253035583,-0.08898595898264317,-0.08547998240071683,-0.07008096948768952,-0.07427688083042756,-0.09388045610361248,-0.1272367108633006,-0.11015652015935475,-0.09237564107625237,-0.08984072677404348,-0.09801514783573675,-0.09546625598903395,-0.07485358114728195,-0.0748178996872291,-0.10164024812882053,-0.14408846665854974,-0.122298917836253,-0.11262719701794598,-0.10741088818453427,-0.11888901402953135,-0.1135571360774613,-0.09543911775628423,-0.08961645239246664,-0.12111174994039071,-0.046424838842584054,-0.04690140111609633,-0.04759112732417879,-0.04589764979977479,-0.04678357528682758,-0.0472225942075904,-0.04593022002411054,-0.03679438018158228,-0.05199417090014504,-0.03834815291753946,-0.037492121377351334,-0.03955024520648311,-0.03799047934288012,-0.03900654625010851,-0.0393431523930736,-0.03901254909023565,-0.0344032103834801,-0.04347453124109087,-0.6722496476031625,-0.33432662725687107,-0.3041938208145672,-0.2790645595851056,-0.3419734573451399,-0.30721825862641744,-0.24811682317967373,-0.24042803535076795,-0.4020144545534904,-0.000264060841626178,-0.005935764116083006,0.005192913714074217,0.006177471972944542,0.005845324623006585,0.004606621677924846,0.012801539002615471,-0.00797222615211234,-0.0002014849429434796,1.0,0.5216415401766064,0.43147506689296655,0.40980108763140644,0.4903049040884973,0.4365007759585723,0.37788899197321923,0.35827691994213845,0.6197204498084302,-0.0008162679870982321,-0.006660014761129238,-0.0027184374889989184,-0.0005416507511491471,-0.001024851074801631,-0.0009552221000746244,0.0037455933694319253,-0.006199554366941099,-0.003948139885048411,0.11965685575363859,0.03644590397046408,0.028426714507538142,0.014707613650792222,0.03753293992204219,0.04919025926142105,0.04133706355681681,0.06204464150778818,0.05614854881202314,-0.004417548323037666,-0.009005052818853984,-0.008450228516644207,-0.009080083882052097,-0.008680328813158335,-0.00932977793691065,-0.010835759469901077,-0.010344571008389421,-0.01277467498612629,0.16884476870113846,0.06510404137000905,0.018458217478858736,0.0006119766676726504,0.032758465248835134,0.01995663354771391,-0.0435670866260157,-0.043540608209666674,0.04766820501079865
Fp2_theta_relative_power,0.002487968950658384,0.001732402258782138,0.0009008218786605804,0.0002998828633369459,0.0021165374245977354,0.002097843547422201,0.0007044070739881741,-0.00033225392506894074,0.0013005420841372675,-0.13067059744028378,-0.14215164227482144,-0.13515457815796378,-0.1300508385103079,-0.13976896418680482,-0.1333058119385177,-0.12015330091725905,-0.10955645135333704,-0.1402619477480065,-0.04675811925441749,-0.048547272639511155,-0.05106489628898077,-0.04931908658511484,-0.049669898748362896,-0.050209290901588065,-0.050053457830488764,-0.04007096297477461,-0.05538460745820389,0.1136665758061538,0.11975627816673604,0.12177535033261767,0.11601823157698393,0.12395376889769441,0.11910017368317223,0.10068191788718281,0.09297964265992115,0.12331142594258247,-0.11068452303898746,-0.12393842096626029,-0.10053412562901258,-0.09935268220533162,-0.10728797790532373,-0.10074805000516628,-0.08866733554587276,-0.09163554519850604,-0.10958814847123198,-0.11876108638917991,-0.1287471305404616,-0.11615391649719668,-0.1130725326792783,-0.12116290145173096,-0.11557619162074136,-0.09950136151175401,-0.09609096757245272,-0.12178963836487672,-0.13129699418680707,-0.14280388191586507,-0.13570332435133467,-0.1306207362681301,-0.1403594242972932,-0.1338647558742133,-0.12078987077743743,-0.1102036502112887,-0.14092183574846975,-0.04698938438373086,-0.048830776668698776,-0.05126884079960472,-0.04952472023308577,-0.049884535255645554,-0.050432147525018296,-0.05026775484262573,-0.04023408425547283,-0.05563173886079345,-0.03851388345537583,-0.0396315699228093,-0.041962402146097484,-0.04053954396337847,-0.04098408245726373,-0.041663416359142426,-0.04197894895650287,-0.035311741024883644,-0.04555123423393692,-0.35144079355439556,-0.6481452655217247,-0.3074877536293549,-0.318667191541894,-0.3289791644268608,-0.35566087232403243,-0.28826049061283066,-0.28228442541525284,-0.42585634380707016,-0.003957145118587058,-0.002735614833555885,-0.003608090054615393,-0.0011231141135555167,-0.002355884676734601,-0.0011179368935829593,0.0035365998599978738,-0.011670735545987654,-0.006269991562614222,0.5216415401766064,1.0,0.4045896995733729,0.4271982694469455,0.4320733092869302,0.48135553577232965,0.3583902398171011,0.3560890422657807,0.6141082309385884,-0.0032491887369575936,-0.007089467303444769,-0.010715625938794356,-0.006448413900130198,-0.007719885710096166,-0.007412350727826382,-0.0034490764113007167,-0.009637258977307021,-0.009840126842016942,0.0627088266364377,0.09793974521101788,0.05504180460151158,0.05338434789009238,0.06624908469736496,0.07854663428773817,0.10569829876802314,0.10924393780709618,0.09352157971335714,-0.007189695146118557,-0.01108783464352386,-0.017994663350690398,-0.019540331207125356,-0.018299182358098996,-0.019521141873139115,-0.019572276330370997,-0.013666035269913763,-0.02034292301230411,0.08965582350094937,0.10398229221676034,0.04079620628652595,0.02609859900718501,0.05824223371849655,0.03318444381353021,-0.0011394188134543695,0.001336919591473668,0.06433558415545258
C3_theta_relative_power,0.002188606088691171,-0.0010071508949511337,0.002780542742667307,0.001759221888702877,0.0034445882991718793,0.0023153505721284617,0.0008914444838085131,-0.00129970702202098,0.0013569099597448484,-0.16946530234465762,-0.15698459638772772,-0.2089176746282813,-0.2007381335327753,-0.20962367740498924,-0.20026854831335425,-0.18384248509947496,-0.15083739566161403,-0.19941975806394382,-0.0544701231657216,-0.05565563989533226,-0.06475936561233227,-0.06253754354210475,-0.062178012669722164,-0.062292871328274026,-0.06481182491210549,-0.04818167775243377,-0.06796310432896192,0.15542442357051084,0.14243989804334925,0.18822553700428352,0.17890567561253748,0.18729854926446288,0.18291293673335557,0.1601725125839136,0.13265207987132932,0.17975996795450183,-0.15102694976110964,-0.14499919516982943,-0.1643711212209786,-0.16409529621149013,-0.17007608480571126,-0.16216223023859697,-0.14733683363048075,-0.13491420078914484,-0.16519376500333943,-0.16221160570472246,-0.15184097621868933,-0.18479663379191325,-0.1804282132278583,-0.18760061252248486,-0.18168432381357794,-0.16188501991838733,-0.1393071005254014,-0.18059629474320293,-0.1699204058738365,-0.1572325039271794,-0.20937865011825726,-0.20116312195212324,-0.21008373644488126,-0.20066217976628714,-0.18437479769158674,-0.15131613270425656,-0.19988363888614077,-0.0547176461348593,-0.05587395358084261,-0.06498306428796573,-0.06274625798291639,-0.06240218258569084,-0.06252294265709099,-0.06503785592480874,-0.048333677196109835,-0.06820619296889535,-0.04482175388183192,-0.04472906112427104,-0.05315247272629123,-0.05155092332943634,-0.0515317376109907,-0.05153151732482139,-0.05441853680727972,-0.043686723329354485,-0.05620626074860824,-0.2750467986167167,-0.23643613638435027,-0.6845161375271399,-0.5113415867932508,-0.5830365263923436,-0.46128302293053075,-0.4442073103625865,-0.37047301438085783,-0.5301713087404466,-0.013004756896940549,-0.016296127567802805,-0.009448543375046584,-0.010487214126838349,-0.010255805087299133,-0.012918898778018498,-0.005580330570657086,-0.019222113023029407,-0.01773626652662547,0.43147506689296655,0.4045896995733729,1.0,0.7486580109299354,0.8575445463953545,0.6604598744608485,0.6659320191598056,0.5910380707079228,0.8602058542385588,-0.011982725625100492,-0.0185507892326398,-0.031644154819324824,-0.023831933971503766,-0.02769002796274459,-0.02500465425301224,-0.027306703069793613,-0.02023378369773588,-0.02879233665162379,-0.012751716844405684,-0.03754632415048704,0.01106132592479461,0.010444975451321633,0.02186991677549289,0.04684571735299218,0.0537843511133036,0.04318064113618266,0.022721978628559198,-0.016843797071166185,-0.020195938698604934,-0.034688295136941834,-0.03733635607466032,-0.03812833570035165,-0.03752704818718095,-0.038774021774729744,-0.019829037426595277,-0.03564287621368837,0.12334386745351128,0.08443958187199103,0.0940448761128812,0.048194138314076235,0.09846153094980252,0.07480653225402406,-0.002421880816381547,-0.007244512314244496,0.08797307416642072
C4_theta_relative_power,0.0018617906925930973,-0.0009399913894258812,0.00277857154208444,0.0019021287787222294,0.003740855785606846,0.0027448093025963668,0.0020365534646484933,-0.0003371996167504975,0.0017931230015475503,-0.16828573622639337,-0.15886448690673646,-0.20952039848580153,-0.21106984151447145,-0.21181338445409928,-0.2070218152145338,-0.19009256277825995,-0.15685693060294922,-0.20408234713765527,-0.054561170477543774,-0.05625861170185758,-0.06500089248609316,-0.06335947212002647,-0.06247390886126668,-0.06286984787545936,-0.06549497524097864,-0.0490217572151761,-0.06864661217788112,0.15425258643726578,0.14379760475192907,0.18886575602000452,0.1863831024904298,0.19028511546179763,0.18731988574474975,0.16567984159641913,0.137410937424309,0.18344295733129232,-0.150211231320339,-0.146122941438613,-0.16497183144261687,-0.17260601053872207,-0.17253179447746034,-0.16719751888661427,-0.1526055688333015,-0.14018469132666977,-0.16897970855051295,-0.1611692149853588,-0.1531499920354859,-0.18544957985797958,-0.1888895932484159,-0.1904465238485675,-0.18669659023369042,-0.16756718812693422,-0.1445329532278352,-0.18452184717634773,-0.168752623682818,-0.1591509712202675,-0.20994376707960882,-0.2115380622163391,-0.21227338285617,-0.20743707903126452,-0.19064875384673743,-0.15736247162585343,-0.20456336262180605,-0.05481045176137816,-0.056482955964363854,-0.06521557290132358,-0.0635730606897902,-0.06269972819037123,-0.06310228476411472,-0.06572328330973087,-0.04918182640587352,-0.06889352096717698,-0.04501570391272261,-0.04544598851344279,-0.05346536466065104,-0.052591181473004435,-0.051693306398811936,-0.05229817554067853,-0.054971215277836376,-0.04481970774611254,-0.056999724186713,-0.289805050623227,-0.2797873167607089,-0.5478224459569279,-0.7009851697330058,-0.4942236608128071,-0.6249083321849134,-0.43873283473643476,-0.4368306037976936,-0.5671599731481427,-0.013818800345773541,-0.01676991931146155,-0.013623137138039343,-0.009657237609847708,-0.01342118461951701,-0.01213654934288154,-0.008884841737473457,-0.01978192078016816,-0.019185034237524996,0.40980108763140644,0.4271982694469455,0.7486580109299354,1.0,0.662827197064702,0.8792687210594453,0.6176843569517533,0.6573798893313173,0.8671243469320599,-0.011877513594930058,-0.01830831476080831,-0.03182508758636959,-0.024968229056112557,-0.027560441136071503,-0.02595945529665379,-0.02897194115878289,-0.02126315244584857,-0.029667626335730283,0.023254930992733965,0.003949317134193045,0.05664362105861334,0.03344553659209054,0.07447530255008153,0.07303904159286431,0.08454649549807386,0.07569247656362885,0.06449475807251148,-0.017228511075506568,-0.020546229924680793,-0.03548617956391369,-0.03832475527500838,-0.03891184955652292,-0.038321083540955314,-0.0400648540298575,-0.02106668161633948,-0.03697735771730158,0.14192827506143976,0.10438372584790759,0.09945655019793091,0.09356514531430624,0.11077469231466448,0.11696818870854854,0.015251416072665362,0.016071165364587338,0.11721798247473093
T3_theta_relative_power,0.002454034523923733,0.0008434745653809347,0.00274747702976566,0.001050717444674722,0.003218774295456133,0.002203958995427791,0.0018216464229597823,-0.0013186797007275002,0.0016373572157608123,-0.16720001888522906,-0.15237909013351544,-0.19715628557348097,-0.18999482719544442,-0.20334311868606908,-0.1897367316297633,-0.1729240914908071,-0.14200667746295395,-0.1903200215864008,-0.05400043915020462,-0.05430697212441044,-0.06354948599481036,-0.06133677113621873,-0.061291247155919396,-0.06113339099822333,-0.06345239605941749,-0.04770310270162866,-0.06686841345081908,0.1514248224696372,0.13648350434078912,0.17489262193469593,0.1673122879773628,0.17956053778438827,0.1713862778449939,0.14813591463195638,0.12282856266405051,0.1693162815644444,-0.1476214642377832,-0.1402900345063263,-0.15330092058329353,-0.15362802370838222,-0.16256347209654798,-0.15144231006346928,-0.13595354141754507,-0.12491759995250357,-0.1557613258698405,-0.15830632291098615,-0.14621640417633155,-0.17204232038369496,-0.16882883406463337,-0.17957413590789806,-0.1699532119237596,-0.1495417071802171,-0.12898779789964296,-0.17019667512808961,-0.16769587899791633,-0.152647135760625,-0.19760647680700513,-0.19043148668505072,-0.20383644471249193,-0.19015143254083947,-0.1734737339443235,-0.1424820730495965,-0.19080128066353563,-0.05425269675745048,-0.054528581631627035,-0.06376527454255257,-0.0615486485911793,-0.061519535549109064,-0.06136600661144155,-0.06367759312027485,-0.047853934752660705,-0.0671120568577873,-0.04455453667978367,-0.043673855759595745,-0.052516089264898085,-0.050643670600953844,-0.05110528966081958,-0.050714848091700536,-0.05360343523598011,-0.04357757227297619,-0.05555907564891576,-0.30269314265054104,-0.23836651168772735,-0.5702857933142562,-0.43817867820159373,-0.6641217293263612,-0.43078975440374273,-0.439561328893869,-0.35032023886745806,-0.5101946637127028,-0.011455654609547736,-0.014884232944725271,-0.008437938844648213,-0.008655131530947754,-0.006187524129669264,-0.010125262154540522,-0.0013229053806929167,-0.01816972579153698,-0.01526791813869162,0.4903049040884973,0.4320733092869302,0.8575445463953545,0.662827197064702,1.0,0.6397432506199787,0.6997275839811403,0.5840942920534954,0.8575821254310082,-0.011217340493807114,-0.017686392340581607,-0.029285714113042656,-0.021783848351100584,-0.02572557897957837,-0.022987960734704833,-0.024335861055474983,-0.01864461388497981,-0.02654571040166737,-0.02100975003251131,-0.05038981618446628,-0.008286446257997848,-0.005561978582057055,0.013315479366384964,0.031425827874429574,0.02839018073161296,0.03171728733483352,0.00537954740194828,-0.015274728702554186,-0.01905268891286136,-0.03350437682149227,-0.036160974033321205,-0.036798493558151506,-0.036372193461201456,-0.03781058336602369,-0.01860258937827602,-0.0339892951337249,0.12374100324411565,0.06893488889754702,0.05395496540141554,0.01668895743603977,0.08300168256989425,0.04274782663012519,-0.038136148360749154,-0.04264917252996924,0.05760475580981191
T4_theta_relative_power,0.001737154465038124,-0.002273723472906702,0.002745680741432164,0.0012406209263978527,0.0036830240604158616,0.00195711110759471,0.0006905932598442022,-0.0013650491017183717,0.0009915918790860876,-0.1648722225420041,-0.1544029119935935,-0.19932819625464748,-0.19755266030965246,-0.20210306319993987,-0.2016844762911527,-0.17840504076485553,-0.1505639154222165,-0.19534309406529107,-0.05395992300311297,-0.055187181920408,-0.06370454536326177,-0.061975960370136744,-0.061258023343676686,-0.06214526639959631,-0.06372515415795507,-0.047633578787978734,-0.06720257238341726,0.14942270539124677,0.13789329812192166,0.17817780941348627,0.17293467051356562,0.1801185462356715,0.1797571477532559,0.15364792704274205,0.1305090316347872,0.17377841085760048,-0.14602504804926653,-0.14149874999482082,-0.15463533948438923,-0.15922876581797704,-0.16252333744540828,-0.16025784153788863,-0.1410347364467021,-0.13292548650185862,-0.15982476537956314,-0.1564119864783228,-0.14759804595743975,-0.17436864138938984,-0.1747462578677929,-0.17982259380401458,-0.17905246601038896,-0.15511888410061472,-0.13715774525700994,-0.1746587187789534,-0.16538118225431783,-0.15472053153793497,-0.19977079055199065,-0.1980167826342616,-0.20258098651261713,-0.2021609693264037,-0.17895136756174965,-0.15108250535454834,-0.19584770598632503,-0.05421097033383482,-0.05540978840347781,-0.06391932753164452,-0.06218690432935153,-0.06148397965424715,-0.06238453946963287,-0.0639482063411804,-0.047796604393236325,-0.06745040585933676,-0.04455231950620015,-0.04461080748305466,-0.05235242538137551,-0.051367479307719024,-0.05070068222628772,-0.05180826610416862,-0.05359832977197109,-0.04364296421920546,-0.055853036919927754,-0.29586287433921177,-0.29394871720703136,-0.474206655387367,-0.6046416635909699,-0.4620910071646128,-0.6876825121523419,-0.3998142465327512,-0.4140696632063391,-0.539770627168014,-0.01179175129595438,-0.014948785175969362,-0.011407109898216933,-0.007631560426633628,-0.01036202934163476,-0.007857716966386067,-0.005556193748627332,-0.017766602996236596,-0.016083464656194597,0.4365007759585723,0.48135553577232965,0.6604598744608485,0.8792687210594453,0.6397432506199787,1.0,0.5880812319477461,0.6487704688377304,0.8520686365288894,-0.010097250164873804,-0.01664680806287976,-0.029341286931841144,-0.022739116433051022,-0.02534358096824353,-0.023672797822827933,-0.02598844378601862,-0.019686362546099987,-0.02709204294898834,0.019796103663226636,-0.00579833959930239,0.043171472894375035,0.020543695495139725,0.059151652496407046,0.06339649206543507,0.06544019789418833,0.059207292746039426,0.049405697736620104,-0.01509108174033294,-0.019139278145420612,-0.0343247199800559,-0.037791902403189366,-0.03757393327935324,-0.03770524048438222,-0.03891058894626376,-0.019615865598338587,-0.035191697197677035,0.1249425625672021,0.07825825988866462,0.06599592040510413,0.05377469362939386,0.07948214909091501,0.08953097431193485,-0.017475315458477324,-0.011359551641643088,0.08053069397563828
O1_theta_relative_power,0.0005136317877425012,9.292939384865103e-05,0.0023708113953447695,0.001377650227346052,0.003369095705399975,0.001987261772120208,0.003108724692718226,-8.535384621422294e-06,0.0017159173881061145,-0.1597472846746608,-0.1445711467427387,-0.1804486822778108,-0.17707475764368483,-0.18597799420255448,-0.17783035754991805,-0.17507429949672856,-0.13990501012725545,-0.1807547841366268,-0.05228144700112769,-0.052358988232154034,-0.06038038806487583,-0.05854538998181464,-0.05837555228864625,-0.058707391369378616,-0.06302946300632124,-0.049851636214830304,-0.06569194280431986,0.14515281477759012,0.12730244348232464,0.1620112920332061,0.1571978685129659,0.16557679884606516,0.16131458257612777,0.14733048480773833,0.12034162727833912,0.1607003632212614,-0.14323133445357467,-0.13487975138485203,-0.140093183412664,-0.1435038905589158,-0.1488075594233281,-0.14175955745418894,-0.13350882148526033,-0.11934795324715286,-0.14719581527617473,-0.15271363152492978,-0.13853622889771702,-0.15824793103769766,-0.1581565538553511,-0.1649671895264544,-0.15952506912611372,-0.14775318443499746,-0.12476407378449081,-0.16117688372185324,-0.16024103918819352,-0.14484591697197105,-0.18087814989648968,-0.17752032217188932,-0.1864458972465827,-0.17825317063439186,-0.1757501963663567,-0.140413668965904,-0.1812565057534356,-0.05252517238533862,-0.05256916489442549,-0.06058829468430145,-0.058751395379611146,-0.05859369294897512,-0.05893219020481134,-0.0632826898755245,-0.04999899416698808,-0.06593087998166644,-0.04323464364298933,-0.042533922036161055,-0.0498799398733015,-0.04848367342354487,-0.048674056964980485,-0.048872509653772926,-0.05400567163561989,-0.04604471303224281,-0.05488516179441619,-0.270861521215538,-0.2320047789533756,-0.4555373779086874,-0.4201732073679917,-0.48277239674089145,-0.4135309333505598,-0.6126463840454144,-0.4425568182383548,-0.498116214268826,-0.012163463702253163,-0.014898839573352285,-0.01090125706073668,-0.010204240026460788,-0.009432683302781016,-0.011652108006352696,0.003817914896815354,-0.020122486875057737,-0.016597397086105487,0.37788899197321923,0.3583902398171011,0.6659320191598056,0.6176843569517533,0.6997275839811403,0.5880812319477461,1.0,0.7663488352125601,0.8155263185407585,-0.010731210209809657,-0.016405370871605478,-0.025061837404574065,-0.019031572741253864,-0.021735965014546905,-0.020338732900448717,-0.023597657102788577,-0.020880318157040657,-0.025677855333388684,0.014653502204007251,-0.00931150775924436,0.012495008849730885,0.012535022693971441,0.03348521909727192,0.05026363043549033,-0.003966523423396913,0.005821350957921932,0.016207397319226328,-0.015365662903260595,-0.01800977191481217,-0.028401624688603203,-0.031098332291578806,-0.03087602329674665,-0.030998252920703274,-0.033267355304863244,-0.02097174031000346,-0.03269043050378486,0.14965534785374357,0.09828171340483882,0.04828180902126237,0.022735983841482843,0.07179584742491517,0.05900663609173179,-0.004156359852150349,-0.022319976424634697,0.07851724959310126
O2_theta_relative_power,0.0014463509382234812,-0.0015100567818042308,0.0029585581096402114,0.001328169161844104,0.004378773615696304,0.0019073049879776336,0.0019414329735786193,-0.0017823585832443339,0.0012812259059180701,-0.15387957835375252,-0.14518433963513777,-0.17618672180190556,-0.17294096590974384,-0.18159104072396862,-0.17542357448203572,-0.1692230392218285,-0.15411682130034832,-0.18023099860123715,-0.05189487577095338,-0.05340857233314307,-0.06000720422201833,-0.058062920218453266,-0.05786787566522658,-0.05840307983588528,-0.06176142080566834,-0.04455633295093278,-0.06368161455472383,0.1398696034703904,0.1283872995415472,0.1583442391488773,0.152857759313854,0.16187541385025794,0.157898039399475,0.14317060506296214,0.129355160332024,0.15952183825163085,-0.13764423035780618,-0.1337525620850381,-0.1370444014622418,-0.1400046193773967,-0.14575641994376826,-0.13974693982381822,-0.13046168765671728,-0.12977584468684847,-0.1463415616695672,-0.14694615843064504,-0.13849812247717294,-0.15473763616518593,-0.1540477299330768,-0.16143577051877478,-0.15670339225530727,-0.14399458719131586,-0.13489822579399938,-0.16012135876724504,-0.1543846260876297,-0.14551603089683918,-0.17663913568456277,-0.1734045704635213,-0.1820649424538132,-0.1758616031316382,-0.1698404495598208,-0.15487704320413612,-0.18079078842341595,-0.0521345851359508,-0.05361797137132252,-0.06022751740168249,-0.05826716982883706,-0.058083932782151015,-0.058626900155418514,-0.06199933485978503,-0.04478521583415916,-0.06394693288497443,-0.04305515229795703,-0.04310405204737421,-0.049708609972335616,-0.048336684217855176,-0.04835682780575126,-0.04885340978063908,-0.052794663226332465,-0.04303128239814388,-0.053840856506397874,-0.27896416337436974,-0.25987071036913123,-0.4369410355817218,-0.4727471118528397,-0.44198292448893267,-0.47301976840674786,-0.5052623880515693,-0.5859472859805998,-0.5168321279264466,-0.0120823282010242,-0.01452546367008308,-0.011355479036513275,-0.008858863096541924,-0.01030894484915526,-0.010470575312741403,-0.00014221773491228834,-0.007698664722572467,-0.011715631822439987,0.35827691994213845,0.3560890422657807,0.5910380707079228,0.6573798893313173,0.5840942920534954,0.6487704688377304,0.7663488352125601,1.0,0.7955454815138886,-0.008602766768308595,-0.01397294147977937,-0.023520939712351228,-0.01771553451110292,-0.019429303910784262,-0.018728097392261334,-0.021034385982983825,-0.014231677862890608,-0.0209839002705478,0.054608641364035405,0.03929442846269717,0.05885520818790456,0.049804431018020644,0.08151393144433935,0.08286896181976595,0.04561213324443285,-0.005035443501721475,0.057057210807834935,-0.014179337445108294,-0.016469086194230025,-0.026935499431748243,-0.02902221639246077,-0.028580385499256927,-0.02894908577180357,-0.03130982914671229,-0.013188660864752216,-0.026515131330527384,0.14267910665535488,0.10402186368161875,0.06173135480391829,0.044185375684746626,0.08639602782128142,0.06953288116424484,0.014665393119892357,0.045467501250771716,0.09902294843052166
avg_theta_relative_power,0.0020402732720416596,-0.00037133317963548325,0.0030735979026070104,0.0017403346753089375,0.0042241034259010695,0.0027371355959011474,0.0021668459353210404,-0.0012111538606301817,0.0018204068270417004,-0.19942980657416037,-0.18640673928573803,-0.22683328142842363,-0.22178665720685103,-0.2320598117544316,-0.22344671081536968,-0.20564398679888107,-0.17440864011057716,-0.22512323593001593,-0.06559941832335664,-0.06690491497653828,-0.07561944953081223,-0.07324286689227574,-0.07301749742052438,-0.07349569435624045,-0.07606281184748341,-0.057776860975059824,-0.08054750319508187,0.17955617349492822,0.16475642138953717,0.2026261988065625,0.19556245121156846,0.20574236119350375,0.2008430082256121,0.17490224798641013,0.14954183975919783,0.19969086083779095,-0.17571585161229675,-0.17021369657516158,-0.1756751365259988,-0.17840869202333856,-0.18538222672496846,-0.1774632751409505,-0.1602885045578751,-0.15149455200829096,-0.1832369171394056,-0.18809058894801897,-0.17696706741651372,-0.19818992558052628,-0.19668953285373655,-0.20525566675812779,-0.19915917455770987,-0.1764304102959373,-0.1567274343908245,-0.20046675568639916,-0.20010164399730115,-0.18684998963097338,-0.22743185962546683,-0.22239515225395098,-0.23269690645472824,-0.22402734219014545,-0.20638938330888795,-0.17511595976020347,-0.22579976142666983,-0.06590944803831038,-0.0671889573607034,-0.07589054857121526,-0.07350756227253051,-0.07329812147396103,-0.0737855318563091,-0.0763500818210546,-0.057984463778492056,-0.08085897169624463,-0.05418839336514271,-0.05404306906312848,-0.062377678536245415,-0.06063803105008133,-0.06068416461228787,-0.06115417854204032,-0.06433877900278362,-0.053153589698547166,-0.06707564754819381,-0.42160896099724277,-0.38868735311893277,-0.6062473293719388,-0.6007579733322573,-0.6066905802937801,-0.5993299768624656,-0.541557798084428,-0.49900641818788255,-0.6340606416397095,-0.012829151692736818,-0.016389461704219933,-0.010535601935147392,-0.008471582105978913,-0.009431365713439619,-0.010288386466315476,-0.0007037614544429132,-0.019687933136837556,-0.01684122484018119,0.6197204498084302,0.6141082309385884,0.8602058542385588,0.8671243469320599,0.8575821254310082,0.8520686365288894,0.8155263185407585,0.7955454815138886,1.0,-0.011197938227870867,-0.01862228168085712,-0.029970193213241375,-0.022397739955987532,-0.025509021342488624,-0.02367847693231323,-0.024895019301833694,-0.021138042894752764,-0.028069204106320467,0.03771104881546648,0.008592035433730456,0.04006918891363636,0.02931116733086581,0.060892417138391615,0.0747719192229174,0.06535679906698552,0.0584965945019673,0.05600691264541803,-0.01708303959146175,-0.02144012327343611,-0.035476153033461286,-0.03847366372112847,-0.038439656674603764,-0.03852773887367705,-0.040428378014902545,-0.021989966189155028,-0.03767776861397069,0.16809371928991673,0.11200692615871978,0.07812650937793754,0.04990995457908353,0.0998787153310621,0.08203756445260975,-0.011146341203760929,-0.00938570069982437,0.1013189742973614
Fp1_alpha_power,-0.06235266874760402,-0.026822778027029023,-0.0648005009092269,-0.06292618234460422,-0.06470862285838073,-0.06714681067024926,-0.056336421688140924,-0.03520852207143021,-0.06077580512011787,0.3147178275005646,0.28810383559681535,0.2703173008836455,0.2877913667166183,0.28718737593553983,0.2876236484741172,0.2692308977297372,0.17680512597783085,0.2900068852393326,0.28120378473127594,0.25252017978369323,0.24220711344691614,0.2691547852043698,0.26028254462235484,0.26483156097436455,0.2527291997928046,0.09286776066036122,0.25306014430128,-0.3587363392907356,-0.3053662234610795,-0.2932983911729406,-0.32779398869377535,-0.31980189354535477,-0.31691374793396754,-0.2959594723966981,-0.1852220984586823,-0.3219422901676877,0.3246422958046969,0.2996737844292842,0.3160553527284952,0.3041256818293304,0.3160792658340086,0.31283962217467637,0.3020844218635547,0.2289514180714007,0.3187582055711918,0.3610109721301075,0.3195362001870537,0.3230669390867831,0.3325150022267174,0.33489894834981937,0.3327238946368135,0.3161915062463373,0.2160258162047008,0.3363029970937659,0.3136305433318959,0.28697087609703775,0.26960110052547154,0.28703422681483165,0.28637469212984895,0.28678138814505827,0.26847245325448926,0.1763222164610209,0.2891382216872103,0.2804173261633361,0.2515342136462824,0.24167611953771867,0.26850905702573635,0.25961778346290093,0.264131071360506,0.25209979212366107,0.09267495567782641,0.2524173636007424,0.30809138909767864,0.2884615095166302,0.27545603917283046,0.30254804617618636,0.2945543625125785,0.30013728423907143,0.28897107056531746,0.12436441964419336,0.29102513586124856,-0.013168503350113879,-0.009066490315134935,-0.0017927505847324901,-0.0014421087671457437,-0.003078514101666806,-0.0017914267432142625,0.006193734918526799,0.002478987572749585,-0.0030145439339684943,0.9024264122838312,0.6179285012971053,0.7971111790213911,0.886363742528403,0.880122030926066,0.8780297891768333,0.8649404993941999,0.21601850642127463,0.7978632072532996,-0.0008162679870982321,-0.0032491887369575936,-0.011982725625100492,-0.011877513594930058,-0.011217340493807114,-0.010097250164873804,-0.010731210209809657,-0.008602766768308595,-0.011197938227870867,1.0,0.7590022558713182,0.8290095820233826,0.9855854990809823,0.9610508160266181,0.9701562162366161,0.9265252567159915,0.19230120651901103,0.8607737804932226,0.03023324740609663,0.025322069456423832,0.016192209276779026,0.015535290445285753,0.018350134423502657,0.014857744674211172,-5.149398322277111e-05,0.00247485981651849,0.016721608871121507,0.8698376088395938,0.5756251353928785,0.6776566725273048,0.8169917863585974,0.7668578978078457,0.7778200793038336,0.6724514300853559,0.11845071078922463,0.6086655973581421,-0.006758776488593423,-0.007870797587001396,0.00034369523508475324,0.0015802599543285549,-0.002780885026463567,-0.00121977822367085,0.0017545768237364919,0.0033939995121707927,-0.0027619673221573006
Fp2_alpha_power,-0.05355099517640676,-0.04806811610588746,-0.05274501371327244,-0.05273266617554577,-0.053310279182248406,-0.054873007366185354,-0.045036823464092,-0.02619398544691794,-0.05321632474993733,0.2888362878679937,0.4259002428984493,0.2578693828871764,0.267071417158248,0.2682985580122792,0.26880029749812534,0.25195021661290135,0.1660068849339586,0.2910378929199116,0.241874708852092,0.4682870505842208,0.22156804163437382,0.23334894052206387,0.23006308425031033,0.23311808741851456,0.2248548603510245,0.08311109594993617,0.2544015884287724,-0.30257768439328625,-0.44848499043570633,-0.26194509761885737,-0.28087599223983445,-0.27864313840786387,-0.274353851317778,-0.2572906247106872,-0.16453654900539452,-0.3053505481127146,0.3359563130059793,0.4265111926126168,0.3315557040494004,0.31864905683695627,0.32936901872148705,0.328600982908505,0.31549404071940984,0.23778231505803832,0.34699017736426846,0.3392457675094849,0.46200873876405035,0.3174082781990746,0.3172568586473194,0.3224369275182353,0.320551809359532,0.3051223902581291,0.210139670802671,0.3440527068499855,0.2879066699939184,0.4243416947125502,0.2572147756855576,0.26641510714034916,0.26757893612984285,0.26804939416118817,0.2512789279177192,0.16557162061400846,0.2902207763905146,0.24132224875737115,0.46661643460305835,0.2211492624142459,0.23290479280152385,0.22956980364408985,0.23259498201446926,0.22438720564226894,0.08297074700534479,0.2538632552881895,0.2711445953201589,0.5511658778353109,0.25165435617969784,0.26737436001127385,0.2632986483566895,0.2674011492893914,0.25947769231925766,0.11142729253994758,0.29775600650103146,-0.005714855452944369,-0.005376700916249358,0.006021676857212485,0.006251554761870143,0.0050747957516654105,0.005864226350172431,0.013899374106275062,0.009498735249981747,0.005494328120620506,0.7229298896566324,0.9048217379725757,0.6773131170148362,0.7120317025783346,0.7191752219822617,0.7153558407346031,0.7095051421673192,0.17855636924167606,0.7147535060135053,-0.006660014761129238,-0.007089467303444769,-0.0185507892326398,-0.01830831476080831,-0.017686392340581607,-0.01664680806287976,-0.016405370871605478,-0.01397294147977937,-0.01862228168085712,0.7590022558713182,1.0,0.7215215556005083,0.7499629276165414,0.7695385461318379,0.7679205118311527,0.7558851864159671,0.16169805448420324,0.7387354462599977,0.02556539981024521,0.024672751249294127,0.012062305513274904,0.011295617017274944,0.013645326202186552,0.010745521354640056,-0.005141586611266186,-0.0020311045658120384,0.011973663422943816,0.7166645272595288,0.9141939212117295,0.6159438836593056,0.6810281066353489,0.661920975218345,0.66829777692099,0.5881354445270867,0.10326450120264652,0.5757758262551712,-0.011349559802189919,-0.010910956105062227,-0.004226757873226223,-0.002790168331898843,-0.007450779863459801,-0.005655806387132987,-0.0019256646125614995,2.0647188551566136e-06,-0.007989538069206291
C3_alpha_power,-0.10121514788211927,-0.044268515821119264,-0.10307988745881748,-0.10129419208741268,-0.09880880284447552,-0.10097167512858662,-0.08956832408631692,-0.052621283408084675,-0.0953244716259155,0.35427205559083363,0.3365999299431396,0.3883163192224234,0.3754648211802726,0.37390243522916805,0.36868455419810164,0.3625410929635284,0.24114820704549042,0.373912887533957,0.30439749267328603,0.2919047257293177,0.32514472385556453,0.3082478711926797,0.3053010040039275,0.3070078007441141,0.30379491797953523,0.11407520619247746,0.2995923970299079,-0.34213193019256305,-0.3186896258161293,-0.36240503931137485,-0.3622599006725231,-0.3614143022824441,-0.3505403304061356,-0.3487115808197138,-0.22808043139689738,-0.35966906090104633,0.4314965244213738,0.40115333405616765,0.48495278183126456,0.4379426653536887,0.45490595390514826,0.4473183464448367,0.4440207853660085,0.33090355612344385,0.45588758037974597,0.41246360637093604,0.3808016275409716,0.4545134474210656,0.42420146475709586,0.43394167543544765,0.42502347540167784,0.42293295115521745,0.29197937141848845,0.43174826034991437,0.35324018503905447,0.33546766511809467,0.3873084287049183,0.37461658217394367,0.3729604603082181,0.3677203161905054,0.3616407789722895,0.24057102339336084,0.37292233878952863,0.30399728103924734,0.2911482881334608,0.32463084071047665,0.3079693909372052,0.30488706900237156,0.3065590521569252,0.3033878065704877,0.11395336687879704,0.299185971142411,0.35232930439407456,0.3451512744003777,0.38574619439756713,0.3629144685863627,0.3563111363623149,0.35965944332860306,0.35529996708479555,0.15516539162427587,0.3570598058758025,-0.026755371173924604,-0.02555201364946957,0.01480319815816637,0.017585443927261957,0.008137830093427077,0.010560976729556604,0.017129518147221336,0.014547088909146383,0.004973560671099357,0.8272501347883742,0.5920283629050885,0.8967526563698099,0.8235578336491483,0.8635778818154761,0.8531430899698106,0.8651257270432459,0.22130548574943926,0.7863271105035652,-0.0027184374889989184,-0.010715625938794356,-0.031644154819324824,-0.03182508758636959,-0.029285714113042656,-0.029341286931841144,-0.025061837404574065,-0.023520939712351228,-0.029970193213241375,0.8290095820233826,0.7215215556005083,1.0,0.8489468793000559,0.9378471319738042,0.9192961833833928,0.9531749798492369,0.21616843595739474,0.8388957840819603,0.040497291345291966,0.03650673687272275,0.009246143048788583,0.005182190054997916,0.015002981772646407,0.009202493467937403,-0.0068596265598226455,-0.004974991123564951,0.013324934773410946,0.8737778997150758,0.6456178659399999,0.9037907370938076,0.8706277817667413,0.8918800693487741,0.8890690472339599,0.8145277935173029,0.147485036727535,0.7045064639687089,0.016776507341047454,0.028435591955451048,0.0021118822868809234,0.0019206966579652124,0.005571524956739361,0.00957533190588414,0.010502564973710764,0.01092488002640014,0.015769319915877458
C4_alpha_power,-0.061734601377632856,-0.025923190767489092,-0.06285137992724843,-0.06013121285428248,-0.06235928438799265,-0.06623940945038588,-0.05484549825833455,-0.03339865448133905,-0.05894794541575578,0.31030208803391435,0.28644752293058073,0.3056202774729587,0.32549164617604565,0.31647166316640674,0.3156076701326192,0.3061168990734614,0.20149752909773963,0.31574472911011836,0.275485103844726,0.2470770220674996,0.24479376339303904,0.27231699741676846,0.2616111590366679,0.26490299014707797,0.2566472387469247,0.09432624745215033,0.2535468274953168,-0.35288907285171334,-0.30445500589489516,-0.3262385877761951,-0.36338527536509035,-0.3476220966179842,-0.3434839499354469,-0.3337776235761197,-0.2096639599843405,-0.3464212984611459,0.3211757215266478,0.29837916078832,0.33768562727356966,0.3298879755739019,0.3367827520321961,0.33064828301521737,0.32869328269138404,0.24899377245523338,0.3363569976277474,0.3561472549136222,0.31836836519969425,0.35122648916150173,0.36457559051949356,0.3601759932531122,0.35588148863749863,0.3497363314747482,0.23914020547017134,0.3581458579784495,0.30918550515212134,0.28528393486534825,0.30472409559368546,0.32455595532675763,0.31550665174605225,0.3146082859306257,0.3051971973462727,0.20089891934372878,0.31473150658410315,0.27468446149282005,0.24609257907346732,0.24420531430276413,0.2716161148093322,0.2609042393778063,0.2641584586623259,0.25597281623111917,0.0941166621590707,0.25286582827612425,0.3018332433150015,0.28209772976637476,0.2754448479264646,0.303516766577574,0.2941828190825389,0.29802942240285807,0.29050716571372415,0.12515294028532584,0.2896967442415479,-0.022783965294583902,-0.02103620092043169,0.012285189534454911,0.011436141592057409,0.006490066428586551,0.0069506915832005965,0.013160537621151651,0.010484370902335297,0.002881523989826017,0.8881977850086212,0.6087424372755694,0.7921625258422579,0.8841975838437254,0.8742860304722202,0.8705997355938044,0.8629594828758027,0.216133262457229,0.7921535613313289,-0.0005416507511491471,-0.006448413900130198,-0.023831933971503766,-0.024968229056112557,-0.021783848351100584,-0.022739116433051022,-0.019031572741253864,-0.01771553451110292,-0.022397739955987532,0.9855854990809823,0.7499629276165414,0.8489468793000559,1.0,0.9735174045843096,0.9805910723027886,0.9509550474979863,0.19989328863214872,0.8705533795020135,0.03182720845520329,0.02972521909505497,0.004807116082758336,0.007956456602636741,0.009718250149897927,0.010173118640060012,-0.0060587369022886955,-0.0038520812836880095,0.010806653662216427,0.8587407973713848,0.5708693006602027,0.6965299670595467,0.8419144267934108,0.787651188066391,0.7958493498875582,0.7033825309115233,0.12315183515716967,0.6216450827191945,0.015487267483280854,0.020568425944190002,0.0021861033369165767,0.002056818549808487,0.0057229785088346915,0.005593624145034511,0.009493725875699003,0.01058874145760405,0.013009169796658886
T3_alpha_power,-0.07949429963398089,-0.032226989723808316,-0.07816300027321502,-0.07840295795014936,-0.07847878242312781,-0.08199852269357943,-0.07005671541580301,-0.04223390837233355,-0.07459231807833339,0.342019743893268,0.31877896832518,0.3441062550623412,0.3553198805774143,0.3529724875144177,0.34800633388091595,0.3397462243830489,0.224820888953399,0.35030094197415257,0.2981657919032121,0.2757079298837662,0.2793947883668338,0.29666466497914534,0.2898231490313869,0.29205525524553705,0.28567723196919764,0.10602745317700499,0.2811997082354807,-0.3639511129153313,-0.3228373810564322,-0.3500455081475906,-0.3730825295595739,-0.36841004800775884,-0.35842870786313163,-0.35184958913990355,-0.2250137936136135,-0.36449584067964425,0.38102470049711734,0.3526462054439769,0.40424702129528745,0.3857552886133066,0.40078463262879266,0.3919313483802258,0.3890683530710634,0.2929567840792187,0.39822180785393935,0.3951517400964181,0.3569965821921921,0.4014172922934191,0.400518987420178,0.40661626504756554,0.39775571842666346,0.3930244093199612,0.2702925473439261,0.40172034657228683,0.3408844510730844,0.31758049806850785,0.3431657713814217,0.35439225068130925,0.35197670848764084,0.34698536531286567,0.33880017585694605,0.22419829663598798,0.3492608973482545,0.29749517906720746,0.2747805731032806,0.27885788646602133,0.29610858969850284,0.28920534743273085,0.29140144104810933,0.28508342030118644,0.1058435003727088,0.2806083564350014,0.333992584972947,0.3191769322262449,0.31669043298546246,0.33846013530855973,0.33060431304258775,0.33403391861642256,0.3275822118361059,0.1419907427771078,0.3262085192899011,-0.02800800414527854,-0.025393198277166126,0.011844482251549295,0.014001247391216064,0.004471552332617114,0.007935046653829714,0.014594146451506237,0.011775909788252418,0.002099767600928104,0.8990911370946714,0.6263438451570283,0.8532772672831777,0.894534122590869,0.9054359394785922,0.898083831258268,0.8981998744248393,0.22714288552922127,0.8200401886367937,-0.001024851074801631,-0.007719885710096166,-0.02769002796274459,-0.027560441136071503,-0.02572557897957837,-0.02534358096824353,-0.021735965014546905,-0.019429303910784262,-0.025509021342488624,0.9610508160266181,0.7695385461318379,0.9378471319738042,0.9735174045843096,1.0,0.9924306517510462,0.9894236636881976,0.21474022687511088,0.8912681405333781,0.04160667480151274,0.03605520635358176,0.009694110652020686,0.00614048528727587,0.01745304820963709,0.009800559880366995,-0.005540803281513254,-0.004153589094967493,0.01440151334604149,0.9001936453723475,0.6245972467108398,0.8002845889268043,0.8821684745516274,0.8630826869022094,0.8639466413137684,0.7740018369985642,0.13786248309259863,0.6785880034670639,0.016099942392391008,0.024498476891818912,0.0025397537414491578,0.002864590283388564,0.005381974399734129,0.008759387847622683,0.00911092769633467,0.010198587960517744,0.014471996575157258
T4_alpha_power,-0.08410641790207157,-0.03976904107379823,-0.08461081471704143,-0.08530887606418601,-0.08538718043316539,-0.08598068372216262,-0.07554290026987634,-0.04789156283600799,-0.08132594948044385,0.342919136439167,0.31906923253867525,0.33751193521737094,0.3524127478760882,0.34631036902990686,0.3504837176582012,0.3346346098473654,0.22065397851109353,0.3471866680368274,0.30392049239740415,0.2780372757903302,0.28152994298586975,0.3020341059439855,0.29237398289688366,0.29994287077438436,0.2878497607433383,0.10639174099102386,0.28475087320656356,-0.36242207839328444,-0.3196365340664001,-0.3402469594636906,-0.36800956133407503,-0.35836499131360433,-0.35849927734614345,-0.3437093806061292,-0.21836500844409254,-0.35835941439955304,0.3717184984582585,0.34489597994172994,0.3886573283634767,0.37381719309005157,0.38530642136781024,0.38522628705388234,0.3753760021321539,0.2821359103685903,0.3859412450251686,0.3891823201439572,0.3511799391315815,0.38767664236142385,0.391345093602954,0.39294608932936365,0.39401749152976895,0.38124861767345714,0.2611582013557283,0.391825466286539,0.3418106964927148,0.31788781477021083,0.33661739240657806,0.351518085538512,0.34536319805707455,0.3494756002447203,0.33373168992279173,0.22005870217397197,0.3461821432744047,0.303278985229605,0.2771337332742267,0.28103727684287433,0.3015181597185005,0.29179649950594894,0.29931625227917835,0.28729532003663183,0.10622454532808583,0.2841951500726695,0.3405366971516356,0.3219040379560369,0.3202736686059812,0.3453504441627044,0.33395231033062484,0.34311286274803704,0.33056592125011497,0.14262634257643667,0.33073531143676105,-0.023331657121816972,-0.020078401567346655,0.01202029573148459,0.011685972909553859,0.006224395637552879,0.0059123084141941605,0.0139807910784179,0.010842900062246915,0.002934879067527492,0.8992032747442007,0.6239086322296402,0.8413584496146573,0.8918921306096943,0.8985583498171382,0.9006436011177931,0.8901563731512073,0.22458054618146336,0.8154839831020256,-0.0009552221000746244,-0.007412350727826382,-0.02500465425301224,-0.02595945529665379,-0.022987960734704833,-0.023672797822827933,-0.020338732900448717,-0.018728097392261334,-0.02367847693231323,0.9701562162366161,0.7679205118311527,0.9192961833833928,0.9805910723027886,0.9924306517510462,1.0,0.9801867012901679,0.21094083548092885,0.8884968828772126,0.03389852268708667,0.030992442818322058,0.005686404613987337,0.008214452216371014,0.010689244759759117,0.012328416228328833,-0.006715593017979352,-0.0038314073771283093,0.011724805587175478,0.8971071252760121,0.6176698496185002,0.7817678639982767,0.8775515292839968,0.8489158311989209,0.8629422740296262,0.7639070050183445,0.13487066754941976,0.6705007655675966,0.014609791764669824,0.017737833850171345,0.004397649649285319,0.0031592329749186034,0.007407870313393865,0.007053812527942007,0.011068095543180763,0.011512494319439424,0.013481450951337752
O1_alpha_power,-0.08239882380621208,-0.03278897234688388,-0.08049527466617788,-0.08197130481546136,-0.08147184495016134,-0.08439005358911682,-0.07401737538404027,-0.04394811411887391,-0.07742195775615299,0.34024057248945655,0.3197303903822667,0.36236942117215887,0.3735930430732136,0.3666169576922892,0.36369860348620286,0.3643205433377072,0.23837288534985757,0.36459304801513376,0.296156918671145,0.27595984799163037,0.28445393213413267,0.29885908632895886,0.29184087643469797,0.2939351716339757,0.2905704783040615,0.10688826889757884,0.28324852302984527,-0.35765332872532946,-0.32190897230139676,-0.36486884955400495,-0.3855328329865397,-0.3778560380226909,-0.37018641784966166,-0.37439186427352505,-0.23810822040027382,-0.37524566502664725,0.38907880815042956,0.3613585535229766,0.4251187114441645,0.4063707931581578,0.419754898760806,0.411272885819547,0.4193905786806331,0.30932992205236426,0.41753091589291147,0.39650565741225546,0.3611766165907286,0.42061500029790233,0.41819730098802865,0.4219777636539652,0.4144526738641122,0.42129049774852284,0.28566394137441553,0.4178164224528761,0.3391137997130499,0.31853056411521946,0.36136025289714024,0.3726090926162123,0.36557314546296493,0.3626197921591455,0.36328790075831513,0.23771409697426085,0.36350200231035434,0.29554525534431947,0.27507675959695854,0.28393135368119854,0.29834878615125,0.29125992923728145,0.2933178091678062,0.29000199012662864,0.10671089872596237,0.28269110845502265,0.33340716036150686,0.3202918747057624,0.3213650019317889,0.34155548456396156,0.3331422692816129,0.33615474983288984,0.3320840313826003,0.1429383019083343,0.32866537192953316,-0.027715877359971323,-0.025753456489515963,0.02159012488758242,0.02336961279591744,0.011529304993930848,0.015022812587751207,0.007686356756754622,0.011056369157012217,0.005769081757486088,0.882590307575693,0.618991584996641,0.8574597965569928,0.8807557388564689,0.8975028754000612,0.8883503058556741,0.8954464737731254,0.2257602095699402,0.8128057857786378,0.0037455933694319253,-0.0034490764113007167,-0.027306703069793613,-0.02897194115878289,-0.024335861055474983,-0.02598844378601862,-0.023597657102788577,-0.021034385982983825,-0.024895019301833694,0.9265252567159915,0.7558851864159671,0.9531749798492369,0.9509550474979863,0.9894236636881976,0.9801867012901679,1.0,0.21780610000683867,0.8835736126732288,0.026464344854936015,0.02189321492967461,-0.007108346210786112,-0.007536309337272785,0.0017096538163173054,-0.0018675076970813527,0.006919036355755511,-0.0012854834153095082,0.005054852815810613,0.8852434415206183,0.6237738856466731,0.8203035445497875,0.885243632167417,0.8716077163288065,0.8731477133572566,0.809230436550465,0.14049087233395932,0.6867844067466551,0.029654721546121764,0.03915107836893257,0.0022749308473813757,0.00033207825375338655,0.010774152902316833,0.008604728621005541,0.009402982840937803,0.008718488851437615,0.02081280437548914
O2_alpha_power,-0.020895596828096497,-0.010121555218004672,-0.015649161405457666,-0.01745609227286268,-0.0167126769652263,-0.016735750458213232,-0.018991708160834852,-0.04353048025460276,-0.02414269397042064,0.0914103355872243,0.08667591227589133,0.09891798727241218,0.10162464183517522,0.09958264334503454,0.10008992181187827,0.10349673958141034,0.49648240680822253,0.18530006422586695,0.06766485211155608,0.06295129889744294,0.06768082590553218,0.06944072571180597,0.06814847270233175,0.06865063955304332,0.07064392807726234,0.5683915040604935,0.24443717748616747,-0.0933967884238793,-0.08596265187541534,-0.09895125825120657,-0.10065173190540852,-0.10100953369416579,-0.09883842293986968,-0.10314919211590938,-0.5416184138113715,-0.19486835859084348,0.10750689284328144,0.10208414152567673,0.11528332766975109,0.11383758241935672,0.11554340019700741,0.11474909902783521,0.11377184737786228,0.46760375901879836,0.1836268386721472,0.10684428693244298,0.09943939427548011,0.11406504139471382,0.11349378649451151,0.1146966982044223,0.11343763707447663,0.11505511257077916,0.52464975760117,0.19832973271295487,0.0911589465191002,0.08633669817999462,0.09868746422627546,0.10141428557287673,0.0993631383852966,0.09985033914000033,0.10343555953187214,0.4954605345402944,0.1848639782149911,0.06753902378849515,0.06275246866716509,0.06755734266312956,0.06933956899710644,0.06802721295305639,0.06851819927472305,0.07056453533413284,0.5678079665914725,0.24404597876453615,0.0768446630186362,0.07245669126366838,0.07626155244843992,0.0796012294916063,0.07783315955215946,0.07861091420245454,0.08021368107912509,0.5973015637587011,0.23861477364953168,-0.002051163733624982,-0.0026512697540491603,0.01590279347099727,0.018032049960127198,0.012778772270787171,0.01446962897664038,0.016711696878184606,0.010331516137640197,0.012558754082794556,0.18534499101835747,0.1306316248300347,0.18693560454375827,0.18621417604198065,0.19120914397105646,0.18944665545696557,0.19065465944820362,0.885752386137584,0.5186193988046265,-0.006199554366941099,-0.009637258977307021,-0.02023378369773588,-0.02126315244584857,-0.01864461388497981,-0.019686362546099987,-0.020880318157040657,-0.014231677862890608,-0.021138042894752764,0.19230120651901103,0.16169805448420324,0.21616843595739474,0.19989328863214872,0.21474022687511088,0.21094083548092885,0.21780610000683867,1.0,0.6240719669146197,0.006388771805878394,0.004843569043953013,-0.006386868603892423,-0.007702922600643103,-0.0042585969689542475,-0.005813755267486318,-0.008103818316833045,-0.004841376940183354,-0.004165233248585895,0.19696074684835863,0.1403796603703891,0.19384380520122677,0.2018272303765078,0.20284963820079693,0.2020233202734751,0.1846452928965426,0.9265134547077316,0.7164483603188501,0.00513161229094276,0.01333669676538542,0.004941250244873685,0.0018160101352242735,0.005906426269531011,0.004364606112025873,0.005219742847353856,0.005490272376321778,0.008019766926370783
avg_alpha_power,-0.07159533301211103,-0.03440412270894434,-0.06946177782876607,-0.0697723897135058,-0.06973106212092232,-0.07179293253970864,-0.06368847717605139,-0.05314733376301243,-0.0703905812836577,0.3156551688806402,0.31469411506116335,0.31432228692885894,0.32457167094819905,0.3206086119671211,0.319902324335293,0.31223354911133117,0.40079660104867293,0.36238076276516135,0.27006120478820045,0.28005834469918445,0.25441481033859703,0.26809548909135167,0.2614987902716473,0.26471739755165263,0.2590160931335289,0.3426632693210174,0.3394007274522488,-0.3351381432917146,-0.32074180958622955,-0.3191120471258663,-0.3399091990946573,-0.3340588207696601,-0.32847535205389294,-0.3220002363381988,-0.4216665602674596,-0.3793936554250132,0.35321607639904484,0.3432840878722006,0.3715494497559995,0.355722507530434,0.3667147633870374,0.36226147036158324,0.35752954681140126,0.4423698682176159,0.3998904178233179,0.3651863181578001,0.3508930065562335,0.36771685398144305,0.36728299631364564,0.3705761234743851,0.3662508859231988,0.36052157957227005,0.44998576659083817,0.4099357202008598,0.31463701492299195,0.31350902956114574,0.3134897073215473,0.3237586399894784,0.3197415683213873,0.31899737167830056,0.31147439251229353,0.39985773267282787,0.36136674399479884,0.26946208297245594,0.2791047901929771,0.25392604799628077,0.2676051677673785,0.26095315752814174,0.2641355524993761,0.2585092705226316,0.34225342366051836,0.33874176990530375,0.30262592646619046,0.3250120721956162,0.28992417748574606,0.30600220568826525,0.29851604335580995,0.3028049968820872,0.29692498616741564,0.3843911840117147,0.373749088390809,-0.018267251469853533,-0.016695180669148272,0.016130168451302933,0.017764952965686528,0.01030165824055801,0.012407479442635759,0.017908956927683593,0.0130136482344019,0.008153799973254884,0.8068584432466949,0.6130018903352294,0.7677997007334625,0.8012400267056228,0.8104553373319775,0.8056971821115204,0.8036024797289814,0.5839172772246063,0.9001449396931617,-0.003948139885048411,-0.009840126842016942,-0.02879233665162379,-0.029667626335730283,-0.02654571040166737,-0.02709204294898834,-0.025677855333388684,-0.0209839002705478,-0.028069204106320467,0.8607737804932226,0.7387354462599977,0.8388957840819603,0.8705533795020135,0.8912681405333781,0.8884968828772126,0.8835736126732288,0.6240719669146197,1.0,0.030322406815970804,0.026669605102292906,0.0033571939651270985,0.0023993068215846665,0.008528999654197475,0.005356293237307384,-0.00652358889552607,-0.004238001300834127,0.008255053400690479,0.8083165173425159,0.6133920636522543,0.7183914407507989,0.792110818299988,0.7716146046650391,0.7762086651130502,0.6950697869719199,0.5297108742936314,0.8692318190060512,0.010680913460494771,0.018610952898408636,0.003333667707240114,0.0018919573362703216,0.005408857495647368,0.0056493702368646,0.00811748517971058,0.008989947673554936,0.011213727981684784
Fp1_alpha_relative_power,-0.0005862309223029974,0.0001819901423545836,0.001246201121039605,0.0013668003974013497,0.0009016417600718873,0.0009937186493900797,0.00135396899358285,-0.0009649068758239711,0.0005485131329754769,-0.05305470008414686,-0.04897561131663279,-0.061777601178680565,-0.05620514503658667,-0.07066736074869352,-0.06178208118157787,-0.11183429598768835,-0.08423365875395476,-0.07610062652806798,-0.03012273209521718,-0.03186923361929151,-0.02725244298600117,-0.026313572045605794,-0.028432468402510718,-0.02852208852015895,-0.029185861700080074,-0.022612713876369782,-0.032060531302232055,0.04337721485522116,0.03833493274787135,0.059650602580380276,0.05182968556734404,0.06516692795208792,0.054432861659622876,0.10630516271296597,0.07553523356817698,0.06876620218103666,-0.0352012658961099,-0.03436456986711978,-0.05558664479834671,-0.05207109461408364,-0.060928441010049135,-0.05386954624580962,-0.09962618990762709,-0.08128952816122098,-0.06499665543665434,-0.041385366259031234,-0.03837096390374064,-0.06061210802809071,-0.054795090051996384,-0.06626766449490555,-0.05722518551595148,-0.10849407645160722,-0.0816928126026114,-0.07009854563429876,-0.0537244917230136,-0.04958785829236531,-0.06241331283135689,-0.05688905567947068,-0.07130317587710581,-0.062412858354221966,-0.1123210108505012,-0.0847971201091414,-0.0767585667702101,-0.030285480944785528,-0.032032961926096906,-0.027430961415046865,-0.026492483334513914,-0.02860382410360784,-0.028697921173198204,-0.029365503777403438,-0.022738256189453816,-0.03225104515635577,-0.02637928915412863,-0.027150876177746672,-0.024027857911446147,-0.02332068713793664,-0.025267277705723144,-0.025331534285859762,-0.025812545690993716,-0.021302099195600922,-0.02811497938670993,-0.7199372518136552,-0.5893098700766358,-0.5043087932139242,-0.49512369978762416,-0.5330884613243372,-0.501000683176644,-0.35926060804023663,-0.4596074482996773,-0.6151644833376727,-0.008741251945444907,-0.011566679113360068,-0.00806926226358595,-0.00689424465874344,-0.00881308618050422,-0.007756827471643274,-0.0072664309296071395,-0.0077540451098740285,-0.010586855997420454,0.11965685575363859,0.0627088266364377,-0.012751716844405684,0.023254930992733965,-0.02100975003251131,0.019796103663226636,0.014653502204007251,0.054608641364035405,0.03771104881546648,0.03023324740609663,0.02556539981024521,0.040497291345291966,0.03182720845520329,0.04160667480151274,0.03389852268708667,0.026464344854936015,0.006388771805878394,0.030322406815970804,1.0,0.8402850606576912,0.7272733086344798,0.6853150460785186,0.7712614066726764,0.6980507865014751,0.4298230902760713,0.5103886076535792,0.8052757363917732,0.008201373291008639,0.0024717850715275822,0.025891358673484178,0.028660615894011712,0.029382428008005022,0.028729647984214183,0.028401942731258407,0.0011891458513584696,0.016296153012443686,0.30551111246789914,0.22734265129868123,0.35525156643893985,0.37212120655554437,0.3248443814077602,0.33545664552689486,0.2906777152555778,0.31936560909340983,0.3991452930380144
Fp2_alpha_relative_power,0.00025638777366857084,0.0006388918845791862,0.0006499952477779402,0.0003524467254037376,0.0013935579873581572,0.00034613223032928345,0.0008112851708413221,0.0009207609425967775,0.0007799202953508538,-0.04107383556970747,-0.05917642856198036,-0.06763058829941969,-0.06244367727208897,-0.07688818389721845,-0.07052872153410646,-0.1239326290017109,-0.09380088919642478,-0.08293468672971109,-0.03054321376216693,-0.033302042257618486,-0.028121616864764425,-0.02720145939165484,-0.029708072764345127,-0.03028213227263384,-0.031201133952252144,-0.0240014390107693,-0.033578778180809475,0.03616319086999571,0.04759860339632597,0.069214005901331,0.06129585882866004,0.07533230004122318,0.06716664272646149,0.1193800967302508,0.08623202531970349,0.0783006964363854,-0.028018980694254018,-0.04261767495235598,-0.06349595799054643,-0.06054681852343596,-0.07015589310816474,-0.06360422479809655,-0.1114532968590126,-0.0908184490453725,-0.07298387143216384,-0.033759916426724525,-0.04761597450125249,-0.06974227456363084,-0.06422663137222731,-0.07644761726244205,-0.06899867153168913,-0.12159438953106606,-0.09221030723278861,-0.07924232339333583,-0.04162370136303378,-0.05983072676819135,-0.06827820711164144,-0.06314748193334724,-0.07752605454329826,-0.07117273361343181,-0.12444667629431583,-0.09439138925386485,-0.08359781231613785,-0.030692929086173694,-0.033475097145665995,-0.0283073346787837,-0.027386377955644033,-0.029882807670909724,-0.03046268798222195,-0.03139107377344295,-0.024134795816086463,-0.03377538169124086,-0.026451588372135904,-0.028413199788615107,-0.02446364501720973,-0.023826344824249657,-0.02595209933624215,-0.02652614754438448,-0.027067153938282858,-0.021513854797404967,-0.028851826290641768,-0.5437264879236126,-0.7204199792673968,-0.5067753927532926,-0.5186192824429714,-0.5154518720627068,-0.5193431160430504,-0.39882852543481023,-0.4880370886827042,-0.6235396962246917,-0.010703849910553103,-0.012367283138676131,-0.011917053992533667,-0.010834227031937997,-0.012803306849438702,-0.012929753272082777,-0.01239241436680425,-0.009660622729095769,-0.01431711186205066,0.03644590397046408,0.09793974521101788,-0.03754632415048704,0.003949317134193045,-0.05038981618446628,-0.00579833959930239,-0.00931150775924436,0.03929442846269717,0.008592035433730456,0.025322069456423832,0.024672751249294127,0.03650673687272275,0.02972521909505497,0.03605520635358176,0.030992442818322058,0.02189321492967461,0.004843569043953013,0.026669605102292906,0.8402850606576912,1.0,0.7525122836605629,0.7369043389431144,0.7704755275920854,0.7490179768525931,0.4891210574686553,0.5384217151601591,0.8386236840330924,0.0036057259072249234,0.001298800727345163,0.019322796404304343,0.023962115147648996,0.02242265706595562,0.024250279929219375,0.02042616906224514,-0.0005711248554142751,0.011428830600018147,0.18840662290655497,0.2861870472328391,0.3716332546841797,0.4006557987226472,0.3302990371377437,0.3552560480564718,0.3541217509097886,0.3966097689907921,0.41757769715483073
C3_alpha_relative_power,0.0006038350594164417,0.0003403994732475036,0.0010108135035837417,0.0010702692965417965,0.0017876241370882308,0.0014043291022892515,-9.267405673768847e-05,-2.6073473069952924e-05,0.0007988721172685873,-0.06749652904451948,-0.08372225425015951,-0.16462527827711954,-0.15791978511976024,-0.16355069137440043,-0.15144386759745426,-0.21294408943199705,-0.15964071923837655,-0.1601858119408928,-0.034824017848723875,-0.03793579681299129,-0.04292758480408401,-0.04149991849556913,-0.041644396925308184,-0.041460541914190956,-0.04637332844939338,-0.03304235049053779,-0.04589183454856356,0.06566778546321025,0.07716630536046187,0.16068456496211664,0.14907007735090344,0.1598064877926958,0.1442139545130596,0.21140016255626948,0.1525937040206412,0.1543684210728278,-0.053873331985363634,-0.07021644558776097,-0.1339250903696204,-0.1331016072529528,-0.13624449697268085,-0.12443443252095217,-0.1800598590867185,-0.14960582583453877,-0.1339718801331455,-0.06297837774844868,-0.07779677828186957,-0.1540103039365874,-0.14831794222363054,-0.15502993347184885,-0.1413212880973968,-0.20542485653593529,-0.15728522468927503,-0.1506566726844091,-0.0679241831295495,-0.0842218722337033,-0.1650118537657392,-0.15835289301535288,-0.16394912199014647,-0.15182919592536215,-0.21324645460697528,-0.16008136967473313,-0.16061154127055854,-0.034981031738515946,-0.03810776614216358,-0.04308265470205207,-0.04164876468780083,-0.041797803183565074,-0.041618512253288796,-0.046537943760094916,-0.03316915776107256,-0.0460692947212591,-0.02960852629014621,-0.03166112381897682,-0.035411405495019775,-0.03449041052658443,-0.03478564687026295,-0.03473316444120324,-0.038287453866983644,-0.029654128940384133,-0.038188444446376694,-0.4718970952810315,-0.5231769493317577,-0.7072234982721884,-0.6350365882303163,-0.6581619494599751,-0.6002399097072267,-0.529936072660624,-0.5848090960811922,-0.699898254301547,-0.014527459627122654,-0.016708636992998818,-0.02613278435345845,-0.02447382327511917,-0.024398463381675565,-0.02292376057412515,-0.03103812638933512,-0.018381210945928615,-0.027011081974161202,0.028426714507538142,0.05504180460151158,0.01106132592479461,0.05664362105861334,-0.008286446257997848,0.043171472894375035,0.012495008849730885,0.05885520818790456,0.04006918891363636,0.016192209276779026,0.012062305513274904,0.009246143048788583,0.004807116082758336,0.009694110652020686,0.005686404613987337,-0.007108346210786112,-0.006386868603892423,0.0033571939651270985,0.7272733086344798,0.7525122836605629,1.0,0.8487605961168367,0.9315758302993741,0.810106437877209,0.6480355126033666,0.6438972024755688,0.9195307772950532,-0.005322947087876245,-0.009224165270689052,-0.008889975302979448,-0.009416650744689805,-0.009342867108094621,-0.007515096542930673,-0.013175491032322838,-0.00886489802022987,-0.012189347041367158,0.1707902774594728,0.19363654818844456,0.46713796872662355,0.4757077692801885,0.4051964621953882,0.41189807232445713,0.4157597260564589,0.44961797223284655,0.4525958087309539
C4_alpha_relative_power,0.0005814102545162212,0.0006293415083690301,0.0013747663367058936,0.001817430836443521,0.0021065363888948543,0.0017284147589671484,-2.853571649760097e-06,0.00038332558419541297,0.0011620039116066305,-0.07200959818101739,-0.08753016703952027,-0.16914491067677123,-0.16638076440746208,-0.1699232797353919,-0.15837743875134608,-0.2170106794640717,-0.16494381555757062,-0.16616263638149534,-0.03551730880265115,-0.038697960789156355,-0.04386793629215712,-0.04254755291390427,-0.042644002042359457,-0.042699710139458114,-0.04746823620310054,-0.035013861918486745,-0.04736726933392765,0.07053810446596183,0.08079414225460023,0.1664312174806712,0.15650361030258694,0.16714641846008516,0.15011172756683996,0.21521066858804758,0.15746463725574605,0.16029039262404993,-0.059856818658032586,-0.07479985708752583,-0.13905924250104115,-0.1406952371086307,-0.14286818048580377,-0.13114738299947853,-0.18449634931193234,-0.1548252964002897,-0.14013439954896512,-0.06876098584208065,-0.08214068850627412,-0.15972011163655891,-0.15624666836568962,-0.16235823962692192,-0.14801467593507264,-0.2098087715050188,-0.1625412862183604,-0.15701079164134554,-0.07241159784411291,-0.08801751409684139,-0.16950502682483531,-0.16681826052011559,-0.1703006198073622,-0.15876264223524275,-0.21731667239310026,-0.1653975232905635,-0.16658068992334812,-0.03567968537896049,-0.038875883688446584,-0.04402283652963431,-0.04270328062782982,-0.04280260697843096,-0.04286369156127858,-0.04764070842975047,-0.035146460041229455,-0.04755093126651131,-0.030298596825935588,-0.03231738647499354,-0.036284374146023486,-0.035572620067879764,-0.035601366981047454,-0.035944649953440724,-0.03928101509811046,-0.03150139697016632,-0.03950343493215712,-0.44427388359642317,-0.5124405551886974,-0.6121351987526725,-0.7065121715270684,-0.574392076030665,-0.6558718123181424,-0.5143079134147126,-0.6012821116318194,-0.6871129106185908,-0.014171850401065068,-0.01674015356087315,-0.026447851617741682,-0.024801696826311396,-0.024530847991497087,-0.02390233359868105,-0.03133394409179933,-0.02019553379928429,-0.027962366685263303,0.014707613650792222,0.05338434789009238,0.010444975451321633,0.03344553659209054,-0.005561978582057055,0.020543695495139725,0.012535022693971441,0.049804431018020644,0.02931116733086581,0.015535290445285753,0.011295617017274944,0.005182190054997916,0.007956456602636741,0.00614048528727587,0.008214452216371014,-0.007536309337272785,-0.007702922600643103,0.0023993068215846665,0.6853150460785186,0.7369043389431144,0.8487605961168367,1.0,0.7942221516023737,0.9361846244688867,0.6222487434756117,0.6715992603276467,0.9101147469540607,-0.006040182119129641,-0.009897444426865291,-0.010376221571430276,-0.008819667912129429,-0.010712544361791632,-0.007585992401867504,-0.013790207931774018,-0.01101416554535471,-0.013998950597104109,0.17684263046698934,0.1906264924639759,0.4445497734320923,0.47573209949221,0.3915235439657893,0.4047825520631922,0.4191026871208852,0.46038340238776854,0.44917300787816283
T3_alpha_relative_power,0.0007832137227805807,0.0008960856696415498,0.0011523099981699068,0.0016153134323341654,0.0018041800466404314,0.0015762703028251394,0.0003859738270022758,0.0006690469516750262,0.0012208405920932134,-0.07153337156708024,-0.0835099838660497,-0.15185334996836777,-0.1455014289791381,-0.15712299124602042,-0.14228575394120327,-0.20050476203499615,-0.15124539631585096,-0.15209260286340884,-0.035736530176193396,-0.03864970474798794,-0.04217481129219786,-0.0408434606524499,-0.041561705595376114,-0.04129225173462849,-0.045778302405909965,-0.033234356315752125,-0.045873531926124644,0.06826920830114934,0.07580013315213038,0.147820916726692,0.13656849507471466,0.15134165206489203,0.13383180089014596,0.19620929280611776,0.14260006058829236,0.14494272397853925,-0.05810165114165399,-0.07045233040263961,-0.12519113680396937,-0.12410717958540038,-0.13091982743531613,-0.11795118032478562,-0.1691396640312537,-0.1411434766611116,-0.1277340011618088,-0.06664441421120808,-0.07721117477056133,-0.142845416529785,-0.1370869891902326,-0.14789230184249516,-0.1325401000725989,-0.19181787607667267,-0.14769249037020676,-0.14254850248860684,-0.07201488461154884,-0.0840311631650541,-0.15228824449405481,-0.1459894135073616,-0.157580946511622,-0.14272803735404807,-0.20087199997998134,-0.15172876412098593,-0.15257502350822558,-0.03590220670268594,-0.038826371671672674,-0.04233711618274994,-0.04100395042373475,-0.04172520760291768,-0.04145999728570698,-0.04595313880479314,-0.03336654267140963,-0.04606046561908336,-0.03057528668429892,-0.03242907017148916,-0.035280760410540825,-0.03432554864832235,-0.03517495698121846,-0.03497199901585018,-0.03835702636885037,-0.030064693976385046,-0.038567932554025075,-0.5147990797986859,-0.5457860052406948,-0.6668099579530826,-0.608982016030809,-0.7161666978469449,-0.5965707908312423,-0.5343062692025896,-0.5838527767655781,-0.7079286330260472,-0.014476497571592901,-0.01683817147573418,-0.024515925173946088,-0.02266905451119399,-0.02336030226514576,-0.021796429415032292,-0.02860819793337849,-0.017767906735142672,-0.025834267964860252,0.03753293992204219,0.06624908469736496,0.02186991677549289,0.07447530255008153,0.013315479366384964,0.059151652496407046,0.03348521909727192,0.08151393144433935,0.060892417138391615,0.018350134423502657,0.013645326202186552,0.015002981772646407,0.009718250149897927,0.01745304820963709,0.010689244759759117,0.0017096538163173054,-0.0042585969689542475,0.008528999654197475,0.7712614066726764,0.7704755275920854,0.9315758302993741,0.7942221516023737,1.0,0.7934741684127801,0.6478545172434305,0.6346987178183845,0.9158165708998202,-0.003825833057793024,-0.007988351102409414,-0.0031341940794670595,-0.002455442203229679,-0.002100532450850913,-0.0005401129985019168,-0.004694358965042715,-0.007406384882156787,-0.007342045157078796,0.20786274955071884,0.20996213395065294,0.4368491812326373,0.4476293767234796,0.41843278312898524,0.39636623018032496,0.382993124887431,0.416319431154693,0.446256866921572
T4_alpha_relative_power,0.0007784456310183489,0.0008978630367723686,0.0016584964021372146,0.0019377031124308312,0.0023728562042055253,0.0015728076810899599,0.0003902899192832641,0.00011026823314836929,0.0012937017605037775,-0.08051042364322018,-0.0934001903744172,-0.16355447581336727,-0.16068565428884515,-0.16738280822980214,-0.1589312414909616,-0.20926502887242537,-0.16158444760674107,-0.16452520487818625,-0.03735213123685611,-0.04047220424126978,-0.044303845746458785,-0.04310925938545376,-0.04348277087717561,-0.04393854768950517,-0.0479177973068652,-0.03603611686767968,-0.048570980660682536,0.07826082163816411,0.08598374441622572,0.16067020926521502,0.15134054773212738,0.1637518527854939,0.14968008580776343,0.20543559777161977,0.1527873035519747,0.15791774152258095,-0.067291716796237,-0.08066192073585003,-0.13569315092148113,-0.13786594580160058,-0.14107621763181125,-0.13195386086780997,-0.17813578863436982,-0.15142347006119283,-0.13937527169647476,-0.07678217779441897,-0.08798286640530723,-0.15503946119462164,-0.15210149717125834,-0.15969082813613927,-0.14825510074126372,-0.20143404542180868,-0.15834788359660018,-0.15542530620413073,-0.08097314595896761,-0.09390710710702042,-0.16397827088071756,-0.16117355155120744,-0.1678157325542869,-0.15939547522868186,-0.2096256554785545,-0.16208993110918649,-0.16500452769537208,-0.03752372179110682,-0.04065568147696731,-0.044471920277485325,-0.043275213452862,-0.04365141094433091,-0.04411513049852252,-0.04809907326085157,-0.03617612942543744,-0.04876570692172348,-0.031732257489718786,-0.03378590756179916,-0.03681462707199769,-0.03614737855495458,-0.036459683348751964,-0.03715355901483645,-0.03998219353600717,-0.032458538092436276,-0.040617042623296906,-0.47989306346104804,-0.5436162162469884,-0.6124917667739596,-0.6940312389258062,-0.6003560109085494,-0.7255658737641655,-0.5199878508324594,-0.6188057919952074,-0.712520705542309,-0.015253972285060714,-0.0178058652796255,-0.02594834712927834,-0.024651484444352938,-0.024561453777605585,-0.024395776311969042,-0.029974160647682754,-0.020014570928887043,-0.028011827707516996,0.04919025926142105,0.07854663428773817,0.04684571735299218,0.07303904159286431,0.031425827874429574,0.06339649206543507,0.05026363043549033,0.08286896181976595,0.0747719192229174,0.014857744674211172,0.010745521354640056,0.009202493467937403,0.010173118640060012,0.009800559880366995,0.012328416228328833,-0.0018675076970813527,-0.005813755267486318,0.005356293237307384,0.6980507865014751,0.7490179768525931,0.810106437877209,0.9361846244688867,0.7934741684127801,1.0,0.6052806623132914,0.6766752247442959,0.9055823216334299,-0.0064848522236004265,-0.010127965157587342,-0.004617517586211428,-0.0037078382915290867,-0.004297694701405702,-0.0011961359268818428,-0.006438669113465688,-0.010044426634694126,-0.010269358464944483,0.20285997023917482,0.2172303408517683,0.44167245926641013,0.4671465404662736,0.4025921384475187,0.42864670853859693,0.39310581385645393,0.43811964717418433,0.45715957991981715
O1_alpha_relative_power,0.001728504229826865,0.0008368850007610285,0.0013651227790964016,0.001239175475151124,0.0018755412901568995,0.0016801873938112543,0.0003993853127914298,0.00010980762995417845,0.0012233441408316815,-0.09931270485385298,-0.12013888422618627,-0.19413595926061575,-0.1903703549438595,-0.19791098963329573,-0.18327476341992918,-0.23481099538029337,-0.18188410716092238,-0.19233388331464407,-0.04058282848983649,-0.044346457552344065,-0.049237857173528125,-0.0477721314960795,-0.04817163880590532,-0.04776148474238726,-0.05392285669598328,-0.04002736042283884,-0.05370087825116787,0.09751522101877343,0.11148376651987754,0.19477063120968166,0.18572805113466323,0.1952841245518868,0.17808891812275243,0.22861268276191504,0.17299983316252762,0.18717017416579732,-0.08548296362568662,-0.10836525975436061,-0.1624042874962985,-0.16712507903075263,-0.16926873720524518,-0.15585506724069514,-0.1965048858966562,-0.1696181603526443,-0.16464725005793354,-0.09658748432181435,-0.11610009011534336,-0.18672135128912465,-0.18551077358652113,-0.1910239850268187,-0.17575014285063373,-0.22317135030900814,-0.17832180317346727,-0.18390958354344775,-0.09962305170520873,-0.12055718757389225,-0.1944863391441901,-0.19077438351386589,-0.1982700811000579,-0.1836140111090276,-0.23524828107186824,-0.1823980116601711,-0.19274891831952204,-0.04075453707200143,-0.044533876070161356,-0.049407478205113306,-0.047937968579691285,-0.048341272026783975,-0.047935310116418925,-0.05411641562800484,-0.040174813504870656,-0.05389993066449036,-0.03402913618144502,-0.0366542860680051,-0.04038411114719086,-0.03940073172363113,-0.039901019028890594,-0.03978457827908122,-0.045079642313682826,-0.03640519059464855,-0.04462870287739702,-0.32778750017240016,-0.41416449201232663,-0.5239495911029222,-0.5216021810808963,-0.5165996516523393,-0.49481555120437226,-0.7535577284524858,-0.6670192311384942,-0.6319887382191982,-0.019113928149034076,-0.021250824347847558,-0.03234118222379559,-0.030540693737414828,-0.030715981954246064,-0.028819279279904686,-0.038892432123857346,-0.02433603391794185,-0.03450786653582715,0.04133706355681681,0.10569829876802314,0.0537843511133036,0.08454649549807386,0.02839018073161296,0.06544019789418833,-0.003966523423396913,0.04561213324443285,0.06535679906698552,-5.149398322277111e-05,-0.005141586611266186,-0.0068596265598226455,-0.0060587369022886955,-0.005540803281513254,-0.006715593017979352,0.006919036355755511,-0.008103818316833045,-0.00652358889552607,0.4298230902760713,0.4891210574686553,0.6480355126033666,0.6222487434756117,0.6478545172434305,0.6052806623132914,1.0,0.7625468601649732,0.7766144025988856,-0.012312449472862839,-0.014836810276600422,-0.013978758888664617,-0.013146116812937014,-0.014862231074378587,-0.011799437130225025,-0.015626303514224865,-0.01280745142925834,-0.018175020714216686,0.1928533564353383,0.21506987112225504,0.4534545306908735,0.4676309848529146,0.42104789782823127,0.4015702441985683,0.4481589156384741,0.48221487940689983,0.4694843462536736
O2_alpha_relative_power,-7.862920900468386e-05,0.0004185031403733348,0.0016488097674641276,0.002580791439979887,0.001423659278537339,0.0020984530137745077,0.0005641025110205469,0.0010151643666709955,0.0013535420338878315,-0.09733878749045441,-0.1135883677356043,-0.18521160017396487,-0.18142134413410743,-0.18674866728974085,-0.17554908529096855,-0.22582060168593393,-0.1792546028573947,-0.18484727238463353,-0.04061156715647307,-0.0441408484192762,-0.04869964350343289,-0.04731680872235998,-0.0475789680566589,-0.047518689713764654,-0.053090787734644276,-0.04105942608242594,-0.05369064122573802,0.0936576088721133,0.10471132696106228,0.1852365720633998,0.1753562552613447,0.18435985271642052,0.16915198748654894,0.2194695540444701,0.1670823351342465,0.17834430486846836,-0.08308928746889957,-0.10102563759110739,-0.1540081819762617,-0.157250482224308,-0.15793605970624974,-0.1469131090017304,-0.1903808759613603,-0.1665345060895891,-0.15712062101567806,-0.09331908913040553,-0.10864218788647255,-0.17731976898488383,-0.17484940668999172,-0.17927994990742815,-0.16629988727654507,-0.2152381486708836,-0.1736634892680251,-0.1753706738658953,-0.09772427568070567,-0.11402303040850179,-0.18556085400053615,-0.18182768610932387,-0.18710509790071714,-0.17590547637413237,-0.22618269043283643,-0.17983463705579927,-0.1852790336536428,-0.040785711630744154,-0.04432604532633078,-0.04886984031696838,-0.047478472646426684,-0.04774437690025773,-0.04769052145797246,-0.053273541019857595,-0.04121600730217439,-0.05388995030330585,-0.03410110614754559,-0.036489349877010115,-0.04003088326284814,-0.039188270707308404,-0.03950867015868004,-0.03971788943820161,-0.044222928311340635,-0.03753332670945537,-0.04470580674842841,-0.38612182391725025,-0.44357436769184233,-0.5116586306808183,-0.5431876441384579,-0.5104323107507442,-0.5368466037596384,-0.5884283950128532,-0.7787891164870054,-0.6428595865711884,-0.01986563563165388,-0.02154449480641899,-0.032860329816446786,-0.0313280150531443,-0.031194780351870226,-0.029851985706305005,-0.03927373105447052,-0.024760236706481028,-0.03519468198094276,0.06204464150778818,0.10924393780709618,0.04318064113618266,0.07569247656362885,0.03171728733483352,0.059207292746039426,0.005821350957921932,-0.005035443501721475,0.0584965945019673,0.00247485981651849,-0.0020311045658120384,-0.004974991123564951,-0.0038520812836880095,-0.004153589094967493,-0.0038314073771283093,-0.0012854834153095082,-0.004841376940183354,-0.004238001300834127,0.5103886076535792,0.5384217151601591,0.6438972024755688,0.6715992603276467,0.6346987178183845,0.6766752247442959,0.7625468601649732,1.0,0.8108672666606198,-0.012546197068419977,-0.014898130348140384,-0.011430933529407808,-0.010221702864177097,-0.011378520346678656,-0.007033775371746919,-0.014255604441741229,-0.013103930399378022,-0.016865277310584008,0.2028090987586239,0.21559909123272633,0.4410428862802006,0.4638125430300272,0.41941011667041367,0.421066399362588,0.3741388131778726,0.37953819972432623,0.44650726010460373
avg_alpha_relative_power,0.0006178164176513731,0.0007082954818707744,0.0014942942171975897,0.0017920168147888284,0.0019965279663330714,0.001710112541143407,0.0005403266700496475,0.00036019199151117155,0.0012461839421611352,-0.0870386380652315,-0.10324225194758004,-0.17346623435355463,-0.1681303555225637,-0.17793863937369528,-0.16491880543116522,-0.22804124050414454,-0.17498103085663008,-0.17603754263215401,-0.04201592262024754,-0.04559081360622628,-0.04842257852079434,-0.046948868602999176,-0.04784703191887531,-0.047860356215059956,-0.052643626788254426,-0.039333980514930554,-0.05341058041746867,0.08296865989702566,0.09334896866781454,0.1716027762467376,0.16036547312924926,0.17392864070001718,0.15687531142679537,0.2229638989520671,0.1647320050879231,0.16889785969482324,-0.07083592960670794,-0.08768930555314629,-0.14504802492792,-0.14583721195269345,-0.1508611711112228,-0.13847393918676731,-0.19414377379436829,-0.16421181568583776,-0.14943969210890293,-0.08111933083621176,-0.09558250884153625,-0.16566027480674467,-0.16103248204963788,-0.17019283693784312,-0.15548140907955735,-0.21908360434234694,-0.17123115193383617,-0.16644192761333798,-0.0875657495778816,-0.10383649216258688,-0.17397828621482964,-0.16870887525412873,-0.1784608003218594,-0.16543911599837952,-0.22849574077632115,-0.17558404130577113,-0.17660809814074707,-0.042208257211948985,-0.04579843892322563,-0.048618292580220566,-0.04714104015202562,-0.04804006592393764,-0.04805966901525837,-0.05285368414397039,-0.039494698472960776,-0.05363374645886735,-0.035765556702092256,-0.03810729200478655,-0.0403620938062959,-0.03941547480060873,-0.0402914260101777,-0.04049987243002995,-0.044165614772590435,-0.0356887861029556,-0.04483720115703389,-0.5549866128827713,-0.6163464919335968,-0.6749414436554106,-0.6864301622412059,-0.6713504449413665,-0.6721677586913613,-0.6237641566990558,-0.7086946351558843,-0.7748308022511164,-0.017468582206078154,-0.020057954617824388,-0.02834761530322134,-0.02657416208303785,-0.02711792933156413,-0.025900296436344547,-0.033069014967765833,-0.021468556426992805,-0.030568598390490975,0.05614854881202314,0.09352157971335714,0.022721978628559198,0.06449475807251148,0.00537954740194828,0.049405697736620104,0.016207397319226328,0.057057210807834935,0.05600691264541803,0.016721608871121507,0.011973663422943816,0.013324934773410946,0.010806653662216427,0.01440151334604149,0.011724805587175478,0.005054852815810613,-0.004165233248585895,0.008255053400690479,0.8052757363917732,0.8386236840330924,0.9195307772950532,0.9101147469540607,0.9158165708998202,0.9055823216334299,0.7766144025988856,0.8108672666606198,1.0,-0.005829616314051994,-0.009888375851108012,-0.0023668404388239813,-0.0006878653441774985,-0.0015762325575165805,0.0012171954420258115,-0.0042483829983279275,-0.009647006176789798,-0.008643031376450585,0.23842097465915982,0.25482446848194357,0.5000288396926277,0.5230355482427619,0.4572357989237005,0.4621593314908256,0.4514120254615737,0.48876416259657013,0.517282416938681
Fp1_beta_power,-0.09296113940439521,-0.05219061059509031,-0.09216932571123237,-0.0957579784030387,-0.0924368121631147,-0.09648308912989237,-0.08386217262344184,-0.055071700652552937,-0.09147598216637681,0.35071729431603726,0.3254552247430454,0.3182689809675565,0.32682378744728724,0.32914935978307786,0.3290149256869261,0.31281677536240143,0.20941049298136774,0.3331215231658389,0.300477677493519,0.27973603781751305,0.2805197177204834,0.2919309168928429,0.28706965028926695,0.2924188085826959,0.2825197666402021,0.10773215037738387,0.2814113510336074,-0.36661220997816407,-0.32772397639045303,-0.32163179445025974,-0.344563579787468,-0.3415334729162876,-0.33638560873479995,-0.32130217638324304,-0.20742375201692398,-0.3446533705249277,0.40267147507156337,0.36813145841118416,0.4027871975272576,0.3789829942291194,0.3960547499018399,0.39167323268595367,0.3793113726763964,0.292281056254732,0.3996752333129526,0.4085889865489206,0.3678322558487117,0.3872036709875034,0.3825551030885815,0.3908665109457262,0.3867124610063347,0.37264108310769406,0.26094734472402015,0.39284266974129145,0.34978587552536206,0.3243620059695387,0.31769425495585407,0.3262448535601474,0.32846123042910064,0.32830368193570236,0.31218050720502905,0.20900908413825928,0.3323809758250533,0.30008123961225835,0.2789086296632337,0.28028777715760045,0.29169725042101446,0.28671448723875154,0.2920397664009339,0.2822074270715438,0.1076501367915869,0.2810760179481558,0.3584174278059923,0.3489419512238858,0.3396051870662399,0.3565845700324691,0.35072979761754225,0.35879606383859414,0.34731255042388615,0.15442641632958948,0.3496371427792613,-0.008508137793386076,-0.0003724302906081391,0.011438611156605227,0.012582887929033828,0.0097380429021651,0.011423643349501685,0.015074687793480358,0.014621212277237325,0.010032500264732168,0.8383381343259093,0.5835557642197352,0.799822092086279,0.8293242998450038,0.8368905027851223,0.8408952107942337,0.8229057547368293,0.21544757339406131,0.7638614900213342,-0.004417548323037666,-0.007189695146118557,-0.016843797071166185,-0.017228511075506568,-0.015274728702554186,-0.01509108174033294,-0.015365662903260595,-0.014179337445108294,-0.01708303959146175,0.8698376088395938,0.7166645272595288,0.8737778997150758,0.8587407973713848,0.9001936453723475,0.8971071252760121,0.8852434415206183,0.19696074684835863,0.8083165173425159,0.008201373291008639,0.0036057259072249234,-0.005322947087876245,-0.006040182119129641,-0.003825833057793024,-0.0064848522236004265,-0.012312449472862839,-0.012546197068419977,-0.005829616314051994,1.0,0.7187055969956317,0.8972844099346045,0.9549888765181082,0.9469142765666624,0.9459853016802054,0.837457748434934,0.15574491521968956,0.7519903410758455,0.01680125216923411,0.005921502406958959,0.01186718522355538,0.009693951466992323,0.00832385555444841,0.006370041736963418,0.008841520753070441,0.009939539930982228,0.01265649663267772
Fp2_beta_power,-0.05660352618447917,-0.055617778683580185,-0.05486334752096514,-0.058091105474068226,-0.05580218846820425,-0.05812123354347794,-0.04836388535728564,-0.029217971615321244,-0.05747309321872839,0.272119737696104,0.42643399071417026,0.2549973654351881,0.2572289556531089,0.25982299661078045,0.2604369350786378,0.2473863544020325,0.16589635632618466,0.28471553637317365,0.22002588929085934,0.4794176316394967,0.2149102227823599,0.21497147802096586,0.21502647572486633,0.21842457789363834,0.21224223895806393,0.08168148501073849,0.2445150209184798,-0.2655922471111771,-0.43286323394765364,-0.24392650285972461,-0.25392267470338853,-0.2552420802484012,-0.24984309575845476,-0.24017502026557117,-0.1578176051776967,-0.2832223617459821,0.3445124262576974,0.44719978230933877,0.3504797263026995,0.32952057363186116,0.34233873906726825,0.34154860152815064,0.3299302186870614,0.2540515038030263,0.36266526371327346,0.32552933931338507,0.4649434677964388,0.3200246692107399,0.30989958157848774,0.318425087965661,0.3157197709891965,0.305084886306726,0.21533310969352384,0.3420454648128164,0.2714575592417136,0.4249717317550695,0.2545486219846541,0.25680335450971953,0.2593045488219476,0.2598954922842033,0.24690778871652616,0.1656022632031647,0.2841048755089653,0.2198238945283534,0.47784220432240687,0.21476929743750373,0.2148776603144812,0.21481884693225325,0.21820025545099225,0.21206466068218735,0.08165272124141623,0.24425349112061295,0.2609179974829548,0.5835910263670667,0.2529946317394635,0.2604839342187908,0.25807322445966907,0.2635679358996186,0.2558483834372991,0.11331752531904658,0.2989965950448439,0.0025984759268861987,0.0026297128041947856,0.017835948530693896,0.018259933074952682,0.016622880620901767,0.017629009884591554,0.019445984320752795,0.01853812472493115,0.017048226285046802,0.5767168606498613,0.8113310678772275,0.5759798795371869,0.5721725898936134,0.5857407142141751,0.5873673339116876,0.578225146983841,0.15135742705227553,0.5971978432082136,-0.009005052818853984,-0.01108783464352386,-0.020195938698604934,-0.020546229924680793,-0.01905268891286136,-0.019139278145420612,-0.01800977191481217,-0.016469086194230025,-0.02144012327343611,0.5756251353928785,0.9141939212117295,0.6456178659399999,0.5708693006602027,0.6245972467108398,0.6176698496185002,0.6237738856466731,0.1403796603703891,0.6133920636522543,0.0024717850715275822,0.001298800727345163,-0.009224165270689052,-0.009897444426865291,-0.007988351102409414,-0.010127965157587342,-0.014836810276600422,-0.014898130348140384,-0.009888375851108012,0.7187055969956317,1.0,0.6845315435641383,0.695060479417997,0.700470013494519,0.7012231788821778,0.627338331927846,0.11426727102199095,0.6136066059396285,0.002484174717402735,0.0069956277630759955,0.0037363455271374035,0.004216042758276734,0.0008086476777586471,0.0005164800075102772,0.0044781832875316575,0.00578742642209685,0.004808280216863704
C3_beta_power,-0.11038639644016938,-0.06315075635535934,-0.11043056496499443,-0.11089224830053851,-0.10614319147945808,-0.1103949276825933,-0.09762911154946528,-0.059376201088461325,-0.1060567463729054,0.33849332230854584,0.31653863452138775,0.3784165048602984,0.35892009682667037,0.35982931205223323,0.3563149312607475,0.3492682882770734,0.235470930315292,0.35982325272983506,0.28085161854533247,0.26697058540617086,0.31286620967688267,0.28360337287853055,0.285007372741703,0.2874007040530859,0.284651794682033,0.1096928986546252,0.2805083217276908,-0.31487565326251793,-0.29491138568444974,-0.3431341775085741,-0.3392028658369675,-0.34001396470667866,-0.33237439595871876,-0.3318192350318518,-0.22083884283668187,-0.3389404024540572,0.4351371377817421,0.39691393460766894,0.4971718641048749,0.4418965635247103,0.4614684660215852,0.45320423550193367,0.44801362915321996,0.33872472440774676,0.4614585827452336,0.40086504402041806,0.3661420469024367,0.45261267983370096,0.4149299998640302,0.427264842098788,0.41935446531639375,0.41703073302022864,0.29242649662195436,0.4247501377590927,0.3376428700834384,0.3155495416180686,0.3775685951975753,0.3582528042701004,0.3590421939836998,0.3555095653768111,0.3485237758588038,0.23499963770976895,0.3589968743680716,0.2806341215357748,0.2663383352895809,0.31248684490104683,0.2835051526228611,0.2847426851508819,0.2871129536164749,0.2844071312886455,0.10962279755700653,0.280249034402832,0.3410565211733455,0.3360822825018395,0.3872534991645032,0.34770043156848995,0.34766817143441353,0.3522683415186841,0.3472829759135004,0.15509373497079695,0.3498544328935084,-0.02880124173503448,-0.02584327272513205,0.017788683738619034,0.019880153326150386,0.010150661365231229,0.00978794914806581,0.014425369422026615,0.013158030694644966,0.004952171917190928,0.6960403207649688,0.497429668428176,0.7967141309964791,0.7003960274751887,0.7376980616769954,0.7334744517500851,0.7382768995388622,0.19498451010689719,0.6752767593059227,-0.008450228516644207,-0.017994663350690398,-0.034688295136941834,-0.03548617956391369,-0.03350437682149227,-0.0343247199800559,-0.028401624688603203,-0.026935499431748243,-0.035476153033461286,0.6776566725273048,0.6159438836593056,0.9037907370938076,0.6965299670595467,0.8002845889268043,0.7817678639982767,0.8203035445497875,0.19384380520122677,0.7183914407507989,0.025891358673484178,0.019322796404304343,-0.008889975302979448,-0.010376221571430276,-0.0031341940794670595,-0.004617517586211428,-0.013978758888664617,-0.011430933529407808,-0.0023668404388239813,0.8972844099346045,0.6845315435641383,1.0,0.9262389427278024,0.9669737133329682,0.9562824268179377,0.8848781307164889,0.16519115010323826,0.7602699251071512,0.05035150822273213,0.06317355201206626,0.04397093918962578,0.04083234035462129,0.04846408428878587,0.05281685942781886,0.04665237934663874,0.044900924544300204,0.0644184227968485
C4_beta_power,-0.08877528850846049,-0.050337084347046736,-0.08616335530470073,-0.0883589220589376,-0.08571724236883889,-0.09187543066195682,-0.07884470508525729,-0.049977958076819644,-0.08571107938080869,0.3470557117538715,0.3195011565645452,0.3616968933987558,0.37536745295410356,0.36578579106829834,0.36568207787978846,0.35646307680023936,0.23952591771908377,0.3648555322761691,0.2944920087618994,0.2689145200916407,0.28592742699855345,0.29638173352590697,0.29012683591718075,0.29386406442411617,0.28835570694111934,0.11023140581490597,0.282652504827144,-0.3600921145503208,-0.324327606665064,-0.36238078495992393,-0.3951473598019653,-0.37627239635867166,-0.37371428644090127,-0.3689842539174541,-0.23967489791609325,-0.3766781105866474,0.39810534680538195,0.3615144200265807,0.43053952301747506,0.4153915288631468,0.4245237686921251,0.4160294469070726,0.41240386457171085,0.3167119144413125,0.4221051181841379,0.40277376445984847,0.36252033686414287,0.4226213258148144,0.4280062359589272,0.42391537069416285,0.4188734790689644,0.41467408111686316,0.2903784339421303,0.42108517975183934,0.3460561817003031,0.3183574344900179,0.3608766664385085,0.3745344133227749,0.3648842676255365,0.3647432346780635,0.35561055460605817,0.2389620896838856,0.36390958074194835,0.2940368101822669,0.2680764683256153,0.2855676175491869,0.29603266919815313,0.2896774865096148,0.2933848474448948,0.28794704612514344,0.11010866124687482,0.28222752488813885,0.35068797708935867,0.3361051378705372,0.34055375171195207,0.3561899000921954,0.3503350627796591,0.355730186205919,0.34857385387885853,0.15530410900060498,0.3471228177501276,-0.03209011869796777,-0.03113421300809565,0.019301317831313072,0.01820158091999681,0.010063130692187642,0.009623960051702884,0.013802223939036228,0.011460891256109293,0.003288670518622703,0.7929199590493984,0.552156787458066,0.7697317474502313,0.8004750161404702,0.801942074031288,0.8036681308183063,0.792778674230293,0.20934597916598363,0.7321294353318749,-0.009080083882052097,-0.019540331207125356,-0.03733635607466032,-0.03832475527500838,-0.036160974033321205,-0.037791902403189366,-0.031098332291578806,-0.02902221639246077,-0.03847366372112847,0.8169917863585974,0.6810281066353489,0.8706277817667413,0.8419144267934108,0.8821684745516274,0.8775515292839968,0.885243632167417,0.2018272303765078,0.792110818299988,0.028660615894011712,0.023962115147648996,-0.009416650744689805,-0.008819667912129429,-0.002455442203229679,-0.0037078382915290867,-0.013146116812937014,-0.010221702864177097,-0.0006878653441774985,0.9549888765181082,0.695060479417997,0.9262389427278024,1.0,0.976213887972015,0.9764024156066079,0.8872207762170217,0.16318825979504925,0.7682390875683194,0.055891235946372,0.07218420946312666,0.04627627813665309,0.0522659846219188,0.05357800704784267,0.05950981210188947,0.053445762505548035,0.05384654400898626,0.07346010192577426
T3_beta_power,-0.10077677988173338,-0.05672780711489221,-0.0950547809061797,-0.10102538592349698,-0.09642135905240024,-0.1025081817436332,-0.08870245868706132,-0.0558892755318591,-0.09633106057810827,0.35392523559488326,0.3241756267404051,0.3741566174790267,0.37765713075414803,0.37754325253757415,0.3726315027876214,0.365653963255326,0.24641312963140646,0.3731358539628714,0.29714716654885065,0.2737715738669761,0.29773168947433387,0.2994092462851226,0.2973269918899438,0.2999078422017059,0.29573986264131513,0.11352482836916779,0.2889969080911362,-0.3497650866236915,-0.31618640467032,-0.36247478581524445,-0.37594282885559543,-0.3750045358879241,-0.36626561893506626,-0.36452083231583127,-0.23981557894054858,-0.37012648907946455,0.42430218085827137,0.3818001990252004,0.461759634168895,0.435595721746988,0.4554383365408134,0.4440712220445273,0.4399952159928352,0.3365311674472903,0.44928008902403205,0.4122585176276467,0.3691373499568752,0.44095737742745916,0.42970320214322794,0.44085002303512827,0.43097074341604735,0.428291595613973,0.30095882800379115,0.4331463121258628,0.35295705292609053,0.32308017159652247,0.373325157513298,0.37687873286605506,0.3766556679758006,0.3717199796307851,0.3648177868957325,0.24585463089080165,0.3722131473731971,0.29679413089272,0.2730230435367148,0.29740912115766155,0.2991748263267426,0.2969537670835778,0.2995089330063037,0.29539887119147457,0.11342359606582833,0.2886485593591539,0.3562104108026031,0.3432049044270602,0.35420738198459023,0.3628011928952535,0.3593822957187248,0.3641978388646182,0.3579086505327051,0.15975540036895983,0.3558341675755624,-0.03497003586209857,-0.02983113249412693,0.019237126348334372,0.021369041457683084,0.008152543823795166,0.008835161192222935,0.014536058085942756,0.01304046206720915,0.0034963335526137494,0.7606672311731018,0.5347681561857461,0.7755644009849997,0.7668434316418501,0.7850313648765248,0.7841246277648244,0.7796498565645276,0.20704785468326203,0.7154976741444049,-0.008680328813158335,-0.018299182358098996,-0.03812833570035165,-0.03891184955652292,-0.036798493558151506,-0.03757393327935324,-0.03087602329674665,-0.028580385499256927,-0.038439656674603764,0.7668578978078457,0.661920975218345,0.8918800693487741,0.787651188066391,0.8630826869022094,0.8489158311989209,0.8716077163288065,0.20284963820079693,0.7716146046650391,0.029382428008005022,0.02242265706595562,-0.009342867108094621,-0.010712544361791632,-0.002100532450850913,-0.004297694701405702,-0.014862231074378587,-0.011378520346678656,-0.0015762325575165805,0.9469142765666624,0.700470013494519,0.9669737133329682,0.976213887972015,1.0,0.9877274015443986,0.9059306874877888,0.1676152757376157,0.7785367975055918,0.061770078064236136,0.06932025604291366,0.04859874985523457,0.04498252799175186,0.0614442851674652,0.06314049171428696,0.05433084739695358,0.04937592064439987,0.07465615718077885
T4_beta_power,-0.10550791007867066,-0.06304107366662529,-0.102391168958293,-0.1087856375383538,-0.10460143434646903,-0.10689316749769213,-0.0949719193112096,-0.062292789438939004,-0.10361543388726684,0.35609833894889875,0.3277270272071567,0.369834102657457,0.3768323148855782,0.37187390593055036,0.3787384195321357,0.36203053197554574,0.24275951090586648,0.37204002012612103,0.3040333811894248,0.27976472194972396,0.3013091235088488,0.3053050382040998,0.3005841295814167,0.30964440018304823,0.2989493738591438,0.11395616849676604,0.2938436810051474,-0.34754685862558554,-0.31619690886784774,-0.3537613199356812,-0.37185930254203664,-0.36452229245133944,-0.3711560917958658,-0.35777279463571626,-0.23418891100290828,-0.3655638285959244,0.4208409690699969,0.38028353897888906,0.4529136405845769,0.4293029246269296,0.4458313662494324,0.4450623307522118,0.43188202203691334,0.32905971040133497,0.44317307649246646,0.4092131781392341,0.3683309408315558,0.4316779963164657,0.4241660810165162,0.4303005801549558,0.4339462943314286,0.42038134818819844,0.29412261129203254,0.4274874512736763,0.3551477295031882,0.32663881082129437,0.36902621210693703,0.37606983654144494,0.37102084578224737,0.37782335394674615,0.3612218453603011,0.24221753385598332,0.3711375156527726,0.3037049802873453,0.27903331602553305,0.3010157150434511,0.30510750795178826,0.30024548666582324,0.30927507593163733,0.29864007348066646,0.11386698883169369,0.2935251437444669,0.3646463062718241,0.35047659946419274,0.3591973127140408,0.3707308499733423,0.36372525679578077,0.37502309082285834,0.3621746824356648,0.16037446531124222,0.3619695138662744,-0.03345650075374649,-0.031132114665396757,0.017127984860859185,0.017219673752613712,0.006367982934245342,0.0033035306182874996,0.01122000292137097,0.008726352772605082,0.00033160968861620704,0.7682460970650941,0.5395763430531366,0.7748759106073044,0.770156961408479,0.7862345420958342,0.7945520843842827,0.7802440964741388,0.2057598903813127,0.7183748981212092,-0.00932977793691065,-0.019521141873139115,-0.03752704818718095,-0.038321083540955314,-0.036372193461201456,-0.03770524048438222,-0.030998252920703274,-0.02894908577180357,-0.03852773887367705,0.7778200793038336,0.66829777692099,0.8890690472339599,0.7958493498875582,0.8639466413137684,0.8629422740296262,0.8731477133572566,0.2020233202734751,0.7762086651130502,0.028729647984214183,0.024250279929219375,-0.007515096542930673,-0.007585992401867504,-0.0005401129985019168,-0.0011961359268818428,-0.011799437130225025,-0.007033775371746919,0.0012171954420258115,0.9459853016802054,0.7012231788821778,0.9562824268179377,0.9764024156066079,0.9877274015443986,1.0,0.901429241883976,0.16537176588605823,0.775501456848855,0.0596755975834957,0.07175172065060886,0.05132393808808641,0.053433865005378424,0.06363038024637628,0.07728613453899907,0.05987585291983065,0.0559232815239159,0.08046580562167902
O1_beta_power,-0.09309090562506944,-0.05202975472249817,-0.08787361865078891,-0.09381951775703944,-0.08971625307927637,-0.09408338394974572,-0.08447459753028697,-0.054893563017268575,-0.09001886282317526,0.3171380223165881,0.2926065726673438,0.35195242903328033,0.35809688375295334,0.3504342195772653,0.35139379263945447,0.36160410704361506,0.23251171552546795,0.349895779960856,0.26635298760827814,0.244878818674668,0.2716994257268108,0.2723079691865699,0.2688764047348214,0.27202771588425106,0.27403956152200715,0.10215014639674154,0.26196812910692513,-0.31028227713920453,-0.2849188476387596,-0.3389620627220549,-0.3531473242943053,-0.3451686162177014,-0.34403415206275023,-0.3545442601213583,-0.22698219800257668,-0.3445475294806835,0.38893506426129587,0.35148904509143425,0.43286028552013406,0.4099743677218963,0.4250615633573235,0.4163509295878413,0.46114937608344336,0.3155536245328696,0.4257721293907805,0.3727285239117358,0.33661883381239616,0.41297107377564846,0.4040886218232696,0.4091013961427855,0.4043806614262689,0.43555584072723297,0.2832794679051059,0.407447393742066,0.31627379152060314,0.2916144724266511,0.3511374005439046,0.3573224756535552,0.34958221562277714,0.35049657989175753,0.3607088605911386,0.23219352416338684,0.3490449701380904,0.2660546150201192,0.24423569969424827,0.27140250053111364,0.2721034647991834,0.26854411278536167,0.2716677201323394,0.2737000536815351,0.10206319881768423,0.2616580176170087,0.3180557266450758,0.3057913486258397,0.31986367340811567,0.32722687645640974,0.322437758677421,0.32725828968060666,0.3246585053978721,0.1424238262507312,0.3195176340519193,-0.03837636262973254,-0.03765567576581631,0.01911742592224269,0.020865886548056628,0.007093685469705903,0.008881083556820157,0.008642805394219888,0.015016627850109952,0.0010240193901627447,0.6743766440813875,0.47605688078360753,0.7006946044235309,0.6810753875168232,0.7018395461615997,0.6999575657746512,0.7047264408553263,0.1842887356570324,0.6394183938368506,-0.010835759469901077,-0.019572276330370997,-0.038774021774729744,-0.0400648540298575,-0.03781058336602369,-0.03891058894626376,-0.033267355304863244,-0.03130982914671229,-0.040428378014902545,0.6724514300853559,0.5881354445270867,0.8145277935173029,0.7033825309115233,0.7740018369985642,0.7639070050183445,0.809230436550465,0.1846452928965426,0.6950697869719199,0.028401942731258407,0.02042616906224514,-0.013175491032322838,-0.013790207931774018,-0.004694358965042715,-0.006438669113465688,-0.015626303514224865,-0.014255604441741229,-0.0042483829983279275,0.837457748434934,0.627338331927846,0.8848781307164889,0.8872207762170217,0.9059306874877888,0.901429241883976,1.0,0.15342006377994286,0.7251126571065906,0.07495173291380387,0.09354890376773417,0.06067855193842014,0.058012198735625735,0.07358433985776211,0.07053215651490574,0.08479774182068878,0.05630768978238755,0.09469485730072112
O2_beta_power,-0.017587680520540553,-0.011527374734244174,-0.011372164435343965,-0.015859487352540363,-0.012516337634406084,-0.008485653477219206,-0.019106111282690245,-0.029383653113495396,-0.01871421579903175,0.06862761081810147,0.06457856881925077,0.07338050324866445,0.07569689359731373,0.07413340606863622,0.07634496654078271,0.07710524826124694,0.5160340133934255,0.16725406275824523,0.04674547539415334,0.04252506874332963,0.04826149079199202,0.048165733272900545,0.047869853223383926,0.048487945707801565,0.05025006804005807,0.62886831238452,0.24681183789223066,-0.06718403515710573,-0.06163078505650783,-0.07070631971263514,-0.07185978345600184,-0.07266371750630661,-0.071940298563296,-0.07414121526003868,-0.5251860053719647,-0.1669520724830174,0.08652388211762761,0.08205854086717647,0.09257571559052277,0.09127512660444871,0.09247498735342395,0.09282560671794149,0.09015725342180675,0.48961496848177294,0.1677488966750783,0.08199684765448649,0.0760408306282358,0.08748169026926268,0.08659901405379712,0.087821531037178,0.0878023943673823,0.08749213543582139,0.5279250165554533,0.1757740626905115,0.06848043578759587,0.06434387318392121,0.07324636431648981,0.07559909253846997,0.0740135410101837,0.07623492461596929,0.07713656749844576,0.5149985085878992,0.16690725304599963,0.046693716848997764,0.04240340812828282,0.04820042956196859,0.04813759512751688,0.047817981764076055,0.048434722871583784,0.05024166099430158,0.6280601357937838,0.24639462112934457,0.05726041637941785,0.0534498828492533,0.05833808592905237,0.0589736577347191,0.05873614739699975,0.05937548280304943,0.0609178594340717,0.6279664164660442,0.23068800647822935,0.001958043441734321,0.0025509863696371437,0.015833404698727457,0.018641301460628153,0.013565475919179724,0.016196929803845628,0.017988283357141952,0.012589747517376241,0.014887275440367893,0.11984606109873101,0.08385815630262887,0.1273316948932908,0.12132636468554152,0.12589534472370276,0.12516973368928092,0.12506166452633133,0.8390162491059882,0.4467699641700695,-0.010344571008389421,-0.013666035269913763,-0.019829037426595277,-0.02106668161633948,-0.01860258937827602,-0.019615865598338587,-0.02097174031000346,-0.013188660864752216,-0.021989966189155028,0.11845071078922463,0.10326450120264652,0.147485036727535,0.12315183515716967,0.13786248309259863,0.13487066754941976,0.14049087233395932,0.9265134547077316,0.5297108742936314,0.0011891458513584696,-0.0005711248554142751,-0.00886489802022987,-0.01101416554535471,-0.007406384882156787,-0.010044426634694126,-0.01280745142925834,-0.013103930399378022,-0.009647006176789798,0.15574491521968956,0.11426727102199095,0.16519115010323826,0.16318825979504925,0.1676152757376157,0.16537176588605823,0.15342006377994286,1.0,0.737773441516605,0.0077953036925230285,0.013377422348499925,0.010397791971670909,0.006808620487653303,0.00987917361790535,0.006703993551509651,0.012169722238503988,0.01792849118105963,0.013723536666864418
avg_beta_power,-0.07818529032716402,-0.04841127248460377,-0.0723090104398579,-0.07800365203473528,-0.07321829547266354,-0.0737432220185279,-0.07170901839410246,-0.056311072931300624,-0.07712249786662936,0.28586244042687775,0.2864343430968358,0.2965046565197887,0.29999196594079364,0.2973854638201289,0.2987393417974531,0.2931672719119576,0.4859947015844084,0.3584792760170133,0.23320047923021683,0.24951077425110701,0.23458754948168162,0.23412290825828833,0.23196860712242034,0.23541219637248237,0.2327138048954529,0.46990120008991876,0.3559491174564993,-0.28239005347204243,-0.2809558266522698,-0.28586908919802145,-0.29747846423501345,-0.2944159013762831,-0.2913912704249311,-0.2892595154395199,-0.4868484584906612,-0.35658259079849286,0.34769041095445335,0.3342061086958448,0.37378318977566477,0.35319161574012425,0.3654416179124726,0.36126128835606086,0.3592940412524621,0.533633751783535,0.4143233584060816,0.3357095252874151,0.3253020917532295,0.35339688929535373,0.3447586926621165,0.3505832276261172,0.3473538540094981,0.34566492702655066,0.5316775396656128,0.4068972536740344,0.2851246635943236,0.2854581846124896,0.2958866502163305,0.2994316111144873,0.2967413720743359,0.298077238263477,0.29264166404549524,0.4850228194187546,0.35766010046663327,0.23293690197822028,0.24879332748511893,0.23434003356399688,0.23396142030478495,0.2316969767738907,0.23512133218881456,0.2324885917723741,0.46933665799741087,0.35545423234714474,0.27992170173621855,0.31045821458682116,0.2812605111185666,0.2842777571888071,0.28113436309400247,0.2861389235041303,0.28162652346871314,0.5006433365857827,0.39263873768186697,-0.016501647386967657,-0.01410768680848593,0.022703430550861034,0.02515509449225781,0.015763619220105097,0.017576768045781826,0.021500191925791848,0.017916580226613077,0.013726936829878304,0.6049301799221413,0.4750950627115084,0.6194468478966808,0.6071610207870264,0.6222793331848947,0.6226505855173216,0.6178455718337381,0.6664994771255942,0.783204567955554,-0.01277467498612629,-0.02034292301230411,-0.03564287621368837,-0.03697735771730158,-0.0339892951337249,-0.035191697197677035,-0.03269043050378486,-0.026515131330527384,-0.03767776861397069,0.6086655973581421,0.5757758262551712,0.7045064639687089,0.6216450827191945,0.6785880034670639,0.6705007655675966,0.6867844067466551,0.7164483603188501,0.8692318190060512,0.016296153012443686,0.011428830600018147,-0.012189347041367158,-0.013998950597104109,-0.007342045157078796,-0.010269358464944483,-0.018175020714216686,-0.016865277310584008,-0.008643031376450585,0.7519903410758455,0.6136066059396285,0.7602699251071512,0.7682390875683194,0.7785367975055918,0.775501456848855,0.7251126571065906,0.737773441516605,1.0,0.037943962899581477,0.04788841341444498,0.033921114764801835,0.03132078659093261,0.03799852573729177,0.03801160448839845,0.039887696409438976,0.03957413507348264,0.050263000523741067
Fp1_beta_relative_power,0.0013955015155085917,0.0009569730661263417,0.0018497276670908509,0.0017696077978738602,0.0026376827070309417,0.0019674851143506302,0.002537000950281406,-0.0006347603713161371,0.00162587208147393,-0.13267470678202367,-0.11543015455584853,-0.09714910592614744,-0.08994247119982512,-0.11259065003787462,-0.09620736447696039,-0.09840784529019608,-0.0805821735129732,-0.11020285709304861,-0.04093286542838447,-0.042239490475578255,-0.03662688173613247,-0.03500998780607073,-0.037750011376125436,-0.0371609875028352,-0.036800310511400175,-0.023721611281029835,-0.04033836888096943,0.11243032504667703,0.09376883705126973,0.09175240309006984,0.0807702145646378,0.09939992296958224,0.08156652074398194,0.07709827262526768,0.06540758702444126,0.09482152632535923,-0.09463341985173526,-0.10103213074767044,-0.08417702982060077,-0.08853790067013845,-0.09549862590191406,-0.08830190069163624,-0.08372595637983782,-0.07786440402207051,-0.09500960846073678,-0.10916600725162881,-0.10294383214462474,-0.0924554254584716,-0.08950844932850101,-0.10253437596277441,-0.09001594421558207,-0.0852468161372269,-0.07470244062900364,-0.09968349795379076,-0.13323331556149898,-0.11582656809693125,-0.09772376813120101,-0.09056045949222534,-0.11316727460006805,-0.0967815299624495,-0.09905623068349757,-0.08113942863286878,-0.11081869998262235,-0.04111727059258375,-0.04241921763320775,-0.0368185814766218,-0.03520868686415304,-0.03794143211515752,-0.037361382363765565,-0.03701772331198526,-0.02386055950983838,-0.04055353391238084,-0.034528236512124395,-0.0348222879336519,-0.031728475597755004,-0.03030036508675776,-0.03292611621485589,-0.03243827192958749,-0.03299239746912178,-0.02310974527229984,-0.03514062442624251,-0.6426838039967294,-0.39296451528003695,-0.29011525306911284,-0.29290256242371526,-0.3398334457256556,-0.3107460997008896,-0.28291626921278223,-0.2823017149921022,-0.418511963739714,-0.019646769619097754,-0.02077401434071075,-0.01824925610056508,-0.016839509480634816,-0.01915768694992064,-0.01795139168076618,-0.01589489838003462,-0.012158429355286432,-0.020918535356740053,0.16884476870113846,0.08965582350094937,0.12334386745351128,0.14192827506143976,0.12374100324411565,0.1249425625672021,0.14965534785374357,0.14267910665535488,0.16809371928991673,-0.006758776488593423,-0.011349559802189919,0.016776507341047454,0.015487267483280854,0.016099942392391008,0.014609791764669824,0.029654721546121764,0.00513161229094276,0.010680913460494771,0.30551111246789914,0.18840662290655497,0.1707902774594728,0.17684263046698934,0.20786274955071884,0.20285997023917482,0.1928533564353383,0.2028090987586239,0.23842097465915982,0.01680125216923411,0.002484174717402735,0.05035150822273213,0.055891235946372,0.061770078064236136,0.0596755975834957,0.07495173291380387,0.0077953036925230285,0.037943962899581477,1.0,0.6020195069880981,0.4651914776407052,0.4203365312847253,0.5143529268045197,0.4297140402720738,0.26052297260996843,0.25520607292364206,0.6783089884667799
Fp2_beta_relative_power,0.0008199905493696121,0.0015810001140106641,0.0019870567707779532,0.00157261685177916,0.002997201460712057,0.0019393996352026466,0.0046476624187394835,0.00303751344330611,0.002706271820454577,-0.11554632742074021,-0.13076773791250404,-0.0757803996920837,-0.07426366508573022,-0.09084565490754494,-0.08914475183242476,-0.08911602103494505,-0.0730252029297711,-0.09895307427400116,-0.040638215934912056,-0.04379969622690783,-0.03421672535370524,-0.033431990305453935,-0.03640111485534247,-0.037274460017604004,-0.035171550874861755,-0.019707259204420364,-0.038341651174084106,0.0988860203336279,0.1028365535970857,0.07234417276934271,0.06672402000809523,0.07595478694658334,0.07305874958415555,0.06155466730608211,0.05425915015896542,0.0819286222025276,-0.09591692568309741,-0.11169005819366369,-0.07479999410950264,-0.08290350433254924,-0.08451018984736809,-0.08832055472480659,-0.07528083989605301,-0.07308335505692448,-0.09114921303985907,-0.10310845475220376,-0.11337406074582193,-0.07783691195790567,-0.07938037757390562,-0.08489948469359372,-0.08582023784836348,-0.07288448624703178,-0.0664716020071039,-0.0912166730701435,-0.11599067429674476,-0.13123676758696207,-0.07645393016442947,-0.07495779156118554,-0.09147656366223304,-0.08975811452850928,-0.08980501815699915,-0.0735160782605335,-0.09959559507701467,-0.0408104533492423,-0.043992434963495045,-0.034426293695363,-0.03364313943360979,-0.03660117426319541,-0.037480507721829356,-0.03540078207371425,-0.019817112876938506,-0.03855548115407397,-0.03394490494729813,-0.03621262897274673,-0.029968391470564695,-0.029212992687811756,-0.0318522244000461,-0.03261185000137192,-0.031940151299959536,-0.019681446219101513,-0.033666577026090015,-0.39038205597711445,-0.6131126504268434,-0.2788839083832857,-0.29060172749882235,-0.29668690923898977,-0.31296763404311906,-0.2848165569127555,-0.2898965714696975,-0.40774610071079576,-0.0202734488068475,-0.021212983852421378,-0.017965329575241676,-0.01693852706432658,-0.019703528365691787,-0.02050505911100241,-0.014968555920319072,-0.007264478281712749,-0.019278400856816817,0.06510404137000905,0.10398229221676034,0.08443958187199103,0.10438372584790759,0.06893488889754702,0.07825825988866462,0.09828171340483882,0.10402186368161875,0.11200692615871978,-0.007870797587001396,-0.010910956105062227,0.028435591955451048,0.020568425944190002,0.024498476891818912,0.017737833850171345,0.03915107836893257,0.01333669676538542,0.018610952898408636,0.22734265129868123,0.2861870472328391,0.19363654818844456,0.1906264924639759,0.20996213395065294,0.2172303408517683,0.21506987112225504,0.21559909123272633,0.25482446848194357,0.005921502406958959,0.0069956277630759955,0.06317355201206626,0.07218420946312666,0.06932025604291366,0.07175172065060886,0.09354890376773417,0.013377422348499925,0.04788841341444498,0.6020195069880981,1.0,0.4685642867677865,0.4829906389855059,0.47825974812137284,0.5154426432987809,0.33549083195538393,0.3465616137108929,0.7220782415743012
C3_beta_relative_power,0.0016838824498328706,0.0019229969777135494,0.0013925207768764336,0.0015755451220291381,0.002236645713021925,0.0027131791902287434,0.00015001947450472546,0.0014083895167371855,0.0018247400109103638,-0.10057648354206375,-0.11521494274792157,-0.1858163119270386,-0.17673939263434746,-0.18535663125138846,-0.1678358628862259,-0.21715236270927915,-0.1573608339801328,-0.17827543395016224,-0.039267585258645495,-0.042426394645584634,-0.046151703098400096,-0.04442592015255181,-0.045070425402388904,-0.044244078173110137,-0.04890994906373381,-0.025485408557949108,-0.04632232490929576,0.09018371446851751,0.09939914031470928,0.1778908250839372,0.16384311204142318,0.17405621231384918,0.1526952538028009,0.2052299150135475,0.14527229956149518,0.16520455263596168,-0.06965232036872408,-0.09260521755437114,-0.1404939245185473,-0.14658565593443668,-0.1460850325507372,-0.13257938503757682,-0.17107216277205356,-0.14365427521407528,-0.14128794880135032,-0.08406662730653362,-0.10136662193725914,-0.1659482668331151,-0.16317992258554506,-0.16754331915582418,-0.15009778530828388,-0.19729444276737837,-0.1503890324778552,-0.16005943250115773,-0.10086413013520477,-0.11555941694756111,-0.18617834809046555,-0.1771588081073765,-0.18572277611006205,-0.16820487173432316,-0.21751591444986776,-0.1578006196316214,-0.17866527819724862,-0.039431989698057446,-0.04261003953803673,-0.04631971836118214,-0.0445946058436348,-0.045243155918122745,-0.044422198413337076,-0.04910028209693152,-0.025640798947479147,-0.04652563065390487,-0.03305351302028406,-0.03494728711119488,-0.038736352965061574,-0.037452282163700765,-0.03826858674598566,-0.03768567019823535,-0.04160215923776958,-0.024406780872054067,-0.0395076453734196,-0.38076097305807655,-0.41414660604150755,-0.5705173980801864,-0.510377480895601,-0.5185820764304858,-0.4888998781055986,-0.48871152789201605,-0.48614834505760046,-0.5739856091195663,-0.015374940194238537,-0.01841789565336348,-0.02673970115664446,-0.024744100766726028,-0.025109143726289366,-0.02292993538109737,-0.03087322459727255,-0.01185537716453668,-0.02485310250955034,0.018458217478858736,0.04079620628652595,0.0940448761128812,0.09945655019793091,0.05395496540141554,0.06599592040510413,0.04828180902126237,0.06173135480391829,0.07812650937793754,0.00034369523508475324,-0.004226757873226223,0.0021118822868809234,0.0021861033369165767,0.0025397537414491578,0.004397649649285319,0.0022749308473813757,0.004941250244873685,0.003333667707240114,0.35525156643893985,0.3716332546841797,0.46713796872662355,0.4445497734320923,0.4368491812326373,0.44167245926641013,0.4534545306908735,0.4410428862802006,0.5000288396926277,0.01186718522355538,0.0037363455271374035,0.04397093918962578,0.04627627813665309,0.04859874985523457,0.05132393808808641,0.06067855193842014,0.010397791971670909,0.033921114764801835,0.4651914776407052,0.4685642867677865,1.0,0.8154944611374616,0.8380567850508203,0.7208144263725216,0.6536333890414932,0.6248337367426072,0.8625292688705765
C4_beta_relative_power,0.0013807891327264937,0.001686382895102305,0.0019154987337407791,0.0026964040012279296,0.0030925157736016924,0.0031836462133608516,0.0006207294396001147,0.0033956142755749534,0.0026056655156626203,-0.09126589317763721,-0.10682137464322831,-0.1745652802657081,-0.17508877742185944,-0.17575641144642765,-0.16711264263103973,-0.21549682545674587,-0.15782274680938788,-0.17298554656179665,-0.03798503756656273,-0.04127959736846887,-0.04448266452039266,-0.04351617318242456,-0.04387410257686577,-0.04386228477320288,-0.04808909035653586,-0.026697143193509777,-0.045815407491623376,0.08233158510538496,0.09133693439559008,0.168340553118572,0.1594475159141259,0.16579768069834475,0.1508308381139699,0.2042211712372459,0.14634344382152487,0.16014805721905803,-0.06557932815197963,-0.0861415210047132,-0.13686963208526895,-0.14356566537032714,-0.14151874298965986,-0.13337334064994996,-0.17184324585383265,-0.14541724907821915,-0.13905443092551462,-0.07786086154298433,-0.09370554911214565,-0.15933486684222356,-0.15931044363863558,-0.1609365209769865,-0.1496228064126259,-0.19724662451377564,-0.1518710500695626,-0.15633472710938376,-0.09154141213144441,-0.10718053541903509,-0.17490162657465694,-0.175496114636261,-0.17611157896277693,-0.16746088631973458,-0.2158341165043289,-0.15821137891504955,-0.17335233885209836,-0.03814238820700336,-0.04145953450925015,-0.04463104628074074,-0.04367969962813461,-0.044040744182271684,-0.044034347735111334,-0.048272312631857744,-0.026844352552360125,-0.04600892140204613,-0.03204072310653835,-0.03412832282160593,-0.03759758064439697,-0.03688623773356557,-0.03722462252872401,-0.03749557912396273,-0.04073214615004977,-0.025281043886262955,-0.03905886462513932,-0.36276890274477863,-0.42779368425583164,-0.5025882141428072,-0.5672895315245916,-0.4655754853382027,-0.5329050797497226,-0.47879890969908057,-0.5027276528551068,-0.5716169281734519,-0.015100374324082249,-0.018119191117233417,-0.026402863286304267,-0.02502721001149696,-0.02510028275579764,-0.024484585662582232,-0.0315457836590417,-0.014453917857322822,-0.026099711588563376,0.0006119766676726504,0.02609859900718501,0.048194138314076235,0.09356514531430624,0.01668895743603977,0.05377469362939386,0.022735983841482843,0.044185375684746626,0.04990995457908353,0.0015802599543285549,-0.002790168331898843,0.0019206966579652124,0.002056818549808487,0.002864590283388564,0.0031592329749186034,0.00033207825375338655,0.0018160101352242735,0.0018919573362703216,0.37212120655554437,0.4006557987226472,0.4757077692801885,0.47573209949221,0.4476293767234796,0.4671465404662736,0.4676309848529146,0.4638125430300272,0.5230355482427619,0.009693951466992323,0.004216042758276734,0.04083234035462129,0.0522659846219188,0.04498252799175186,0.053433865005378424,0.058012198735625735,0.006808620487653303,0.03132078659093261,0.4203365312847253,0.4829906389855059,0.8154944611374616,1.0,0.7041529890166967,0.8574376517713946,0.6410338923237775,0.6721784581288532,0.8619085231906759
T3_beta_relative_power,0.001544806192103754,0.0016103281132575484,-0.0007096613257710852,-3.093987154377246e-05,0.00023468559219412834,0.0006591085444597103,-0.0006267350838790334,0.0007724486781871691,0.0005019238817010973,-0.10774794543766682,-0.11813202952532346,-0.16844885924783481,-0.16029196247868194,-0.17643880541356716,-0.15460341600158362,-0.19617646359770502,-0.1444528657639056,-0.16698328349962027,-0.0400780954027521,-0.04322060793669109,-0.04471725854539951,-0.04318985965297791,-0.04460721195541355,-0.04355939168163389,-0.047608207085833104,-0.026921829630282272,-0.04635854472925115,0.0963372516038061,0.10231254274053274,0.16249796300438085,0.1474674312087822,0.1607950915029452,0.13613125622759686,0.17961132383910536,0.13045273360520293,0.15230450546220842,-0.08236635402502936,-0.09997868060364891,-0.13301174306129837,-0.13894242128179024,-0.13602061144123362,-0.1258695230242298,-0.15489402118837545,-0.13148157665822013,-0.13531453758040551,-0.09425524101920088,-0.10683180109841142,-0.15432771777839643,-0.15077372709503153,-0.1553833805964875,-0.13813280204384268,-0.17562709126318057,-0.13636339573569442,-0.15040241475297708,-0.10807008807934475,-0.11849336545015014,-0.16885188314980096,-0.16076428702612636,-0.17686784735317368,-0.1550324413590444,-0.19660938388527152,-0.1449446636066492,-0.16743056938064135,-0.040246204962781244,-0.04340511295610432,-0.0448826257041212,-0.043366362562384034,-0.04478488827402575,-0.04374291764999084,-0.0478049599490963,-0.02707937028590982,-0.046565691277397146,-0.03376857914478684,-0.03571659668651592,-0.03810004351169066,-0.03674976486540395,-0.03832680675851217,-0.03753789858751138,-0.041183136779514275,-0.025812036523031937,-0.039862511194823716,-0.39122943953201045,-0.4048048850181415,-0.4991220708831865,-0.4615280300549631,-0.5693249304771666,-0.47257611653050174,-0.4724244675493774,-0.47022027650220144,-0.5563168613197705,-0.017389715857652716,-0.019935634498293622,-0.02712845531413023,-0.024932253035566673,-0.026389726567737568,-0.024005457000130046,-0.03036022971936923,-0.013341859368404445,-0.026228585307184433,0.032758465248835134,0.05824223371849655,0.09846153094980252,0.11077469231466448,0.08300168256989425,0.07948214909091501,0.07179584742491517,0.08639602782128142,0.0998787153310621,-0.002780885026463567,-0.007450779863459801,0.005571524956739361,0.0057229785088346915,0.005381974399734129,0.007407870313393865,0.010774152902316833,0.005906426269531011,0.005408857495647368,0.3248443814077602,0.3302990371377437,0.4051964621953882,0.3915235439657893,0.41843278312898524,0.4025921384475187,0.42104789782823127,0.41941011667041367,0.4572357989237005,0.00832385555444841,0.0008086476777586471,0.04846408428878587,0.05357800704784267,0.0614442851674652,0.06363038024637628,0.07358433985776211,0.00987917361790535,0.03799852573729177,0.5143529268045197,0.47825974812137284,0.8380567850508203,0.7041529890166967,1.0,0.7114816056919959,0.6147625888731383,0.5590469350646765,0.8466607552392562
T4_beta_relative_power,0.0021420993800953174,0.002018447986448416,0.001963800928804323,0.002935960563196594,0.00282265481356482,0.003030149055259405,0.001498084913564481,0.00282739993175778,0.0027414742933016497,-0.10180484388878577,-0.11593102906805798,-0.15846242796666798,-0.16082263898928173,-0.16251331189566415,-0.1600677106077795,-0.1939894538759088,-0.14454104144587013,-0.16343060546770333,-0.03918933764463789,-0.042279381585013646,-0.04354472441154069,-0.04293603950602153,-0.043357410044024554,-0.04410621114601738,-0.047193409491970005,-0.02844233251014566,-0.04632406595220291,0.0922040601369452,0.10025769448520522,0.15147320055970295,0.14621796970310955,0.15054496534399436,0.13414364808751017,0.17873166242534555,0.13000081447705147,0.1482237243735566,-0.07698610294495778,-0.09714881272940991,-0.12528106992107488,-0.1367626015565476,-0.12672135237500987,-0.12367790677920053,-0.15483208614262323,-0.1326395233305245,-0.13172802125535396,-0.0891787336480452,-0.10424622078884176,-0.14461517886340874,-0.1489378152379312,-0.14512146312858218,-0.135916856753501,-0.17516539340879023,-0.13674646966366505,-0.14639452449809845,-0.1021013859157618,-0.11624898123709333,-0.15886102300168584,-0.16126245481960863,-0.16291734149460355,-0.16048484307842484,-0.19436613360328683,-0.14495756042920505,-0.16383759853939278,-0.03935199534109501,-0.04245773695514614,-0.04371083653592943,-0.04310745617002035,-0.043532649261053935,-0.04428776352930935,-0.047380829804154756,-0.02859158964652056,-0.04652443235264217,-0.032887462579757575,-0.03485979721322533,-0.03711861021005889,-0.036605223224336014,-0.037197131029176406,-0.038164393805361845,-0.04054368890885056,-0.026848168083004026,-0.03966265837703196,-0.357216819819393,-0.41952571935847344,-0.4602955074907226,-0.50887145713881,-0.45351140037064286,-0.5722070316323493,-0.4393879251189926,-0.46947037347821674,-0.5473023405181301,-0.017020055079870058,-0.01955120718669312,-0.02590317047212581,-0.02531868116261066,-0.025382164511608622,-0.026004808057200766,-0.03013174657480511,-0.015630818852320347,-0.02706353629940151,0.01995663354771391,0.03318444381353021,0.07480653225402406,0.11696818870854854,0.04274782663012519,0.08953097431193485,0.05900663609173179,0.06953288116424484,0.08203756445260975,-0.00121977822367085,-0.005655806387132987,0.00957533190588414,0.005593624145034511,0.008759387847622683,0.007053812527942007,0.008604728621005541,0.004364606112025873,0.0056493702368646,0.33545664552689486,0.3552560480564718,0.41189807232445713,0.4047825520631922,0.39636623018032496,0.42864670853859693,0.4015702441985683,0.421066399362588,0.4621593314908256,0.006370041736963418,0.0005164800075102772,0.05281685942781886,0.05950981210188947,0.06314049171428696,0.07728613453899907,0.07053215651490574,0.006703993551509651,0.03801160448839845,0.4297140402720738,0.5154426432987809,0.7208144263725216,0.8574376517713946,0.7114816056919959,1.0,0.5655858623132942,0.5930952388178109,0.8398766014878698
O1_beta_relative_power,0.0011893481746002446,0.0003455583788914817,-0.00020191209872684715,0.0009428289971046323,0.00039015052814346865,0.001463994167556216,-0.0005394901406600058,0.0011876726472471511,0.0006972200497266006,-0.06072369880637092,-0.08864281511731471,-0.14087479522166546,-0.1372600214915351,-0.1465006671656621,-0.13182517940604307,-0.2020056670004097,-0.14427084637888168,-0.14511259419092795,-0.031860299942290025,-0.03595108225695706,-0.036697368409918295,-0.03549300485836182,-0.03697479813769666,-0.03595703253704436,-0.04128680129475617,-0.02045220405950842,-0.03779515754649342,0.057410195196305004,0.07505194753036477,0.1386991783706523,0.1292991014327812,0.13820889527216548,0.11849959048402715,0.19217631101283902,0.13691509327393966,0.13615632652146845,-0.03946839881015792,-0.07095361776101883,-0.11356259683015964,-0.12088392555022004,-0.11806647350105143,-0.11058351859849651,-0.15568581867508915,-0.13174668803264522,-0.11752629979238391,-0.05079159529358506,-0.07708965963576572,-0.13174379824610735,-0.13167421900080345,-0.13421141549593832,-0.12081394540699038,-0.18216881571839866,-0.13980564315666125,-0.1325231440424053,-0.06082576750093977,-0.08894550366282,-0.14122916888313305,-0.13768065035698546,-0.14684930178090466,-0.13216122145756337,-0.20235316931694955,-0.14461876520033862,-0.14544778322747193,-0.031983472119624747,-0.036105292812692986,-0.036836694521606254,-0.035646244171279345,-0.037126899057425874,-0.036110732096731754,-0.04146234008400666,-0.02059324968753115,-0.037972356031672046,-0.026810534208532973,-0.029751370046334564,-0.031377384755466954,-0.030305029258532904,-0.0317487363742519,-0.031167631474225542,-0.035936279951736885,-0.019901236673171434,-0.03267399768504878,-0.2332199272608205,-0.32839449483746447,-0.3962837310893701,-0.3996255024863654,-0.36840219801990853,-0.3666667752203642,-0.5423195560500352,-0.45032666323628884,-0.46160447291139284,-0.012123567326173122,-0.015435062186873872,-0.021418456842330777,-0.019897607750828813,-0.020963824193775675,-0.01900119954661758,-0.027506107837341608,-0.01172995759638128,-0.021414749901801446,-0.0435670866260157,-0.0011394188134543695,-0.002421880816381547,0.015251416072665362,-0.038136148360749154,-0.017475315458477324,-0.004156359852150349,0.014665393119892357,-0.011146341203760929,0.0017545768237364919,-0.0019256646125614995,0.010502564973710764,0.009493725875699003,0.00911092769633467,0.011068095543180763,0.009402982840937803,0.005219742847353856,0.00811748517971058,0.2906777152555778,0.3541217509097886,0.4157597260564589,0.4191026871208852,0.382993124887431,0.39310581385645393,0.4481589156384741,0.3741388131778726,0.4514120254615737,0.008841520753070441,0.0044781832875316575,0.04665237934663874,0.053445762505548035,0.05433084739695358,0.05987585291983065,0.08479774182068878,0.012169722238503988,0.039887696409438976,0.26052297260996843,0.33549083195538393,0.6536333890414932,0.6410338923237775,0.6147625888731383,0.5655858623132942,1.0,0.7887749503278227,0.7414428306864475
O2_beta_relative_power,0.00240886661712723,0.0009188150040140303,0.002590862342087043,0.0014146450656059852,0.0017929523153210186,0.0024867728150481847,-0.00015011257785621236,0.001548408092812419,0.0018111772461039777,-0.060854701674211184,-0.08829566919192885,-0.137759983242673,-0.13448319695187416,-0.14394159119770764,-0.13208126587546276,-0.19591973320943215,-0.15513529089185313,-0.1453801839635627,-0.03207752185874848,-0.036179932931084194,-0.036995265896666525,-0.03555129101520196,-0.03694436610400919,-0.03649853483502659,-0.041397709019925275,-0.026720611994986404,-0.04002481931275033,0.05736067948595171,0.07553610961800161,0.13796730844034624,0.12821767621608737,0.13802650681071413,0.12029581255838974,0.1897141512415543,0.14314083137056052,0.13710725178384048,-0.042130425335889427,-0.07091092683149866,-0.11161575649122514,-0.11884331560929554,-0.11849961236999391,-0.11249230113528288,-0.1603888909618522,-0.13935136249359645,-0.119605066922546,-0.052255577547426615,-0.07731909046424694,-0.130259066258321,-0.12999946564779735,-0.13436866143430434,-0.122776112144134,-0.18366552645086803,-0.14701856473328132,-0.13415518264234133,-0.060973671293734044,-0.0886383345693304,-0.13816008201749183,-0.13492289206631383,-0.14430451934188038,-0.13243646954555302,-0.19626185396970067,-0.15561156304512339,-0.14575943059231192,-0.03219922910137529,-0.03633669671652714,-0.03715837625934467,-0.03570540307672563,-0.03709710561401355,-0.03665445061512549,-0.041567062925157085,-0.026861846701598784,-0.04020377135857374,-0.026893355144181116,-0.029711511128355572,-0.03127731113790866,-0.030293778248360444,-0.03149784347951306,-0.031422696402808786,-0.03547907682387239,-0.026321602242706642,-0.03445080039854801,-0.24657441735715702,-0.3576396667057126,-0.40644200946483044,-0.4310964145450771,-0.37050086853086034,-0.40360826707511793,-0.49846978225571015,-0.5206883924394796,-0.48378726410553596,-0.011464627977569837,-0.014887927010783774,-0.01994306975007873,-0.018849052826744185,-0.019710234274194178,-0.018723601650176752,-0.026101300384907232,-0.009976735836041343,-0.01988926168685453,-0.043540608209666674,0.001336919591473668,-0.007244512314244496,0.016071165364587338,-0.04264917252996924,-0.011359551641643088,-0.022319976424634697,0.045467501250771716,-0.00938570069982437,0.0033939995121707927,2.0647188551566136e-06,0.01092488002640014,0.01058874145760405,0.010198587960517744,0.011512494319439424,0.008718488851437615,0.005490272376321778,0.008989947673554936,0.31936560909340983,0.3966097689907921,0.44961797223284655,0.46038340238776854,0.416319431154693,0.43811964717418433,0.48221487940689983,0.37953819972432623,0.48876416259657013,0.009939539930982228,0.00578742642209685,0.044900924544300204,0.05384654400898626,0.04937592064439987,0.0559232815239159,0.05630768978238755,0.01792849118105963,0.03957413507348264,0.25520607292364206,0.3465616137108929,0.6248337367426072,0.6721784581288532,0.5590469350646765,0.5930952388178109,0.7887749503278227,1.0,0.735627009069313
avg_beta_relative_power,0.001953828999126802,0.0017518716421909212,0.001786199918234395,0.0020676002024725172,0.0026924042712049867,0.002750288133796441,0.0016902967211632823,0.002109357104808589,0.0023734554822798714,-0.128095660138688,-0.14359685712399484,-0.17475269511777922,-0.1699026140784121,-0.184970842655286,-0.17014512729810144,-0.21456064109056533,-0.16197190880425547,-0.1836735183022303,-0.049079406831749925,-0.05304190048128319,-0.05130064295776691,-0.04972461922448207,-0.05178809829104026,-0.05148344732736939,-0.05469369173030769,-0.03143508504829633,-0.05445075687181996,0.11344982108872248,0.12013692641835601,0.16874052390905167,0.15631748934862955,0.16985644537819303,0.14898298171709617,0.19377030876300239,0.14443347419262814,0.16623404305489867,-0.09483242228115482,-0.11994796853193682,-0.14269535179723125,-0.15185031013010497,-0.15089761787124348,-0.14339846395727923,-0.17239626721925488,-0.15009951716309097,-0.15202640600365488,-0.10978728998762037,-0.12680934877918196,-0.1629361958386502,-0.1623673662995292,-0.16823406764861198,-0.1543506376887865,-0.19249853221446667,-0.15337785002089377,-0.16659327287293849,-0.12851103507488687,-0.14407311690432914,-0.17534544169879934,-0.17055830449274842,-0.185556284270326,-0.1707246134468526,-0.2151647048011657,-0.16256343171094875,-0.18427780595372645,-0.049284380824316645,-0.05327040653062544,-0.05152304773687671,-0.04995430760930579,-0.052015134788245834,-0.051717641599237585,-0.05494777608627977,-0.03161608946513744,-0.05470914300830378,-0.04125265978485351,-0.04377463607557117,-0.04386823821282808,-0.04255555510069629,-0.04455963880474843,-0.044511717379701436,-0.047629581812641784,-0.030423460276507927,-0.046989800366925,-0.5026645620521171,-0.5533181739278927,-0.5259605512673812,-0.5355473926609331,-0.5288020781663809,-0.5392252499719055,-0.5402532655514735,-0.5371178585692128,-0.6336929672766103,-0.021272236491718836,-0.024267901212346413,-0.028867604690388512,-0.027097036783241837,-0.028765025334119395,-0.02761736892797018,-0.031855207457990344,-0.01520038498262325,-0.029470017845270223,0.04766820501079865,0.06433558415545258,0.08797307416642072,0.11721798247473093,0.05760475580981191,0.08053069397563828,0.07851724959310126,0.09902294843052166,0.1013189742973614,-0.0027619673221573006,-0.007989538069206291,0.015769319915877458,0.013009169796658886,0.014471996575157258,0.013481450951337752,0.02081280437548914,0.008019766926370783,0.011213727981684784,0.3991452930380144,0.41757769715483073,0.4525958087309539,0.44917300787816283,0.446256866921572,0.45715957991981715,0.4694843462536736,0.44650726010460373,0.517282416938681,0.01265649663267772,0.004808280216863704,0.0644184227968485,0.07346010192577426,0.07465615718077885,0.08046580562167902,0.09469485730072112,0.013723536666864418,0.050263000523741067,0.6783089884667799,0.7220782415743012,0.8625292688705765,0.8619085231906759,0.8466607552392562,0.8398766014878698,0.7414428306864475,0.735627009069313,1.0
