,Fp1_mean,Fp2_mean,C3_mean,C4_mean,T3_mean,T4_mean,O1_mean,O2_mean,avg_mean,Fp1_std,Fp2_std,C3_std,C4_std,T3_std,T4_std,O1_std,O2_std,avg_std,Fp1_variance,Fp2_variance,C3_variance,C4_variance,T3_variance,T4_variance,O1_variance,O2_variance,avg_variance,Fp1_min,Fp2_min,C3_min,C4_min,T3_min,T4_min,O1_min,O2_min,avg_min,Fp1_max,Fp2_max,C3_max,C4_max,T3_max,T4_max,O1_max,O2_max,avg_max,Fp1_amplitude,Fp2_amplitude,C3_amplitude,C4_amplitude,T3_amplitude,T4_amplitude,O1_amplitude,O2_amplitude,avg_amplitude,Fp1_rms,Fp2_rms,C3_rms,C4_rms,T3_rms,T4_rms,O1_rms,O2_rms,avg_rms,Fp1_energy,Fp2_energy,C3_energy,C4_energy,T3_energy,T4_energy,O1_energy,O2_energy,avg_energy,Fp1_delta_power,Fp2_delta_power,C3_delta_power,C4_delta_power,T3_delta_power,T4_delta_power,O1_delta_power,O2_delta_power,avg_delta_power,Fp1_delta_relative_power,Fp2_delta_relative_power,C3_delta_relative_power,C4_delta_relative_power,T3_delta_relative_power,T4_delta_relative_power,O1_delta_relative_power,O2_delta_relative_power,avg_delta_relative_power,Fp1_theta_power,Fp2_theta_power,C3_theta_power,C4_theta_power,T3_theta_power,T4_theta_power,O1_theta_power,O2_theta_power,avg_theta_power,Fp1_theta_relative_power,Fp2_theta_relative_power,C3_theta_relative_power,C4_theta_relative_power,T3_theta_relative_power,T4_theta_relative_power,O1_theta_relative_power,O2_theta_relative_power,avg_theta_relative_power,Fp1_alpha_power,Fp2_alpha_power,C3_alpha_power,C4_alpha_power,T3_alpha_power,T4_alpha_power,O1_alpha_power,O2_alpha_power,avg_alpha_power,Fp1_alpha_relative_power,Fp2_alpha_relative_power,C3_alpha_relative_power,C4_alpha_relative_power,T3_alpha_relative_power,T4_alpha_relative_power,O1_alpha_relative_power,O2_alpha_relative_power,avg_alpha_relative_power,Fp1_beta_power,Fp2_beta_power,C3_beta_power,C4_beta_power,T3_beta_power,T4_beta_power,O1_beta_power,O2_beta_power,avg_beta_power,Fp1_beta_relative_power,Fp2_beta_relative_power,C3_beta_relative_power,C4_beta_relative_power,T3_beta_relative_power,T4_beta_relative_power,O1_beta_relative_power,O2_beta_relative_power,avg_beta_relative_power
Fp1_mean,1.0,0.8347951955880998,-0.04060688945251929,0.41290905089533747,0.6766114240159293,0.4949083009675958,0.34365249810036896,0.43815520187058965,0.619303688053331,0.1585207000352891,0.0967246831504245,0.049438799503464005,0.03499331394085109,0.11341875038074387,0.029213310909462102,0.03176032397726158,0.0826333382326113,0.06546443291478052,0.15852069897308194,0.09672467981247469,0.04943880032712705,0.0349933125440941,0.11341875242427657,0.029213309765748745,0.031760322030534444,0.08263333634640216,0.04269086995434334,0.9024891104246798,0.7959444993464501,-0.03461854568532264,0.3224688764958699,0.5228385507108053,0.4207204387000377,0.31359132294952013,0.3772881823705643,0.5088562032900393,0.8640924677198502,0.746110348353901,-0.04477632158501207,0.41633010053376907,0.6213722994958751,0.5103170482407239,0.33238123393458324,0.3858134943439125,0.5773376036614186,0.1665418081167441,0.10339220677251093,0.07702231684342302,0.0624330705529819,0.15912913196271503,0.07118957226261777,0.05962613394144479,0.11146889845710169,0.10282720256178032,0.26818174915380266,0.31240873257904095,0.294635469696493,0.14358220233181035,-0.1402606027599014,0.06150324204156839,0.0535746443028916,0.03023080693527049,0.04287043098660719,0.26818174909799647,0.31240873251440976,0.2946354708851096,0.14358220057291213,-0.1402606055346609,0.061503239488698784,0.053574652677690654,0.030230807773573183,0.0662150979892251,0.11340855891917848,0.10587903847079856,0.13587905289785368,0.14492869182266357,0.1986652137356607,0.14926047783796956,0.10036900566997707,0.13570939401657617,0.1351322786730985,0.018777219804788272,0.033754666436183224,0.03467312365929552,0.06924175492751958,0.055849695670354874,0.06518902850333379,0.05102714650082907,0.05500874144171395,0.07879180384054878,0.20758327777192695,0.12026565769638496,0.16314072108850147,0.15703626634364803,0.24489166341222737,0.16417634072267637,0.09061150513797722,0.12102861482619216,0.13159420821030374,0.1152498249468953,0.0628683266385374,0.0508513573130175,0.035800667340177866,0.05981852848958508,0.039914291516798796,0.0462030990153222,0.0018012226707790188,0.05096337496701389,0.15491671450936478,0.05097349628012967,0.09518504227585109,0.06471071070015491,0.17272959877864152,0.05697829606555694,0.10011513766380006,0.14529812884174356,0.11397699235420143,-0.05096776449183943,-0.08199507534809901,-0.050119618601562076,-0.08527219806288575,-0.0813655661229174,-0.1060732979471667,-0.03973566909590325,-0.018476048742974118,-0.07721310290452957,0.13860227127634958,0.08124312621760542,0.1894698623952709,0.12440055356627241,0.23238944371160372,0.17555645462112657,0.1602070209112119,0.15443935303324216,0.1655805247879073,-0.10070703581962896,-0.0667312172891937,-0.06389328686441226,-0.11191734498198184,-0.11552158245431718,-0.08130556893339737,-0.03521082317432987,-0.09660543526376869,-0.129616259573683
Fp2_mean,0.8347951955880998,1.0,0.08084675387684054,0.42810976569333353,0.7725342833943654,0.46759659634886436,0.5036238363674738,0.5447279947594169,0.6927146804986217,0.14540186626170226,0.08079924293767007,0.030778821660590913,0.04622281374798155,0.09578457340848591,0.02638325883034402,0.02951711295583795,0.05292968421471817,0.05321993441511821,0.14540186321371865,0.08079924917524853,0.030778819696142518,0.04622280844444303,0.09578457397009164,0.026383250876527063,0.029517114655303246,0.052929684100260346,0.041184347498344945,0.7657148169449053,0.8882236676862245,0.07086656846656192,0.331859912484067,0.6462886719398232,0.3882353429689328,0.46269802477486566,0.5089320195909657,0.5816820788717902,0.7440922794534738,0.8267314470957253,0.08772613591318015,0.4396931768863234,0.7175281564673407,0.45345740115657573,0.47792690910147473,0.500959253578917,0.6614865821320693,0.17535213596936453,0.10150656634490787,0.05343414306949122,0.06444225161573745,0.13400759127218392,0.05561863575992022,0.03655836475033029,0.06670845357558074,0.0814411761939769,0.2014377709304793,0.2960913043268366,0.20505193837164706,0.059569047325990755,-0.2020138616368227,0.08408398234751,-0.09747947896224765,-0.06010615556045399,0.00710638249419172,0.2014377716160538,0.2960913076932887,0.20505194062870868,0.0595690450500275,-0.2020138652158069,0.08408398597725698,-0.09747947595958768,-0.06010615652921723,0.015440887909669607,0.15739569577704443,0.10549499931268953,0.0959033938061973,0.1003607459585565,0.17142914469961465,0.11061038814135316,0.045014647682683685,0.0877769554926786,0.09226898169720632,0.0374481588848156,0.041587532030605376,0.03088640394049936,0.0726297584928575,0.05820066702868072,0.07673528759238635,0.06216251292990386,0.0809612514566977,0.08426541541199194,0.21464287590932626,0.10282612005406622,0.10487311293721001,0.08745668588329923,0.19182578559657332,0.09071165735727074,0.018804322728028722,0.04599192788026905,0.06402433516247574,0.04063946852190238,-0.004011134661969975,0.009215576267048156,-0.005303521450158547,0.004455777837027158,-0.015317482833623549,0.019882346341098426,-0.023718246892740318,-0.004266839051874247,0.21109193590439054,0.07028753220405105,0.04785044830061493,-0.007301874860150893,0.14129195142901851,0.0029986008166546113,-0.02417491238806426,0.020937938504201687,0.011200007303918135,-0.03599803524268608,-0.0604007480991052,-0.045090547749513654,-0.09594618871733838,-0.06890074043117173,-0.10847208773102819,-0.07229046009710827,-0.06802892693786235,-0.09351438029215098,0.232346398873179,0.11030953540106715,0.17028359749277208,0.08425707341969972,0.22164593188061754,0.1299204955287791,0.0573248456403532,0.032979139823468534,0.10989835890140742,-0.07162277887594512,-0.036648205853281844,-0.01728085145152296,-0.06908545256126493,-0.07901017587832028,-0.049399124394013755,0.0006594327522119697,-0.07428697040432283,-0.08021166645098231
C3_mean,-0.04060688945251929,0.08084675387684054,1.0,0.38265383722610724,0.23529389559887096,0.3755463744319238,0.35216074854758916,0.40329263493819295,0.5926427879610552,0.07670574060169702,-0.01207458918804231,-0.0001526101412526241,0.06271357055572159,-0.03135134390035827,0.05785011306977288,0.03655497507847478,-0.03747562915339,0.023692569116995917,0.07670573304246923,-0.012074573395151332,-0.00015259683066147118,0.06271356008669872,-0.031351350661686754,0.05785010657901228,0.03655498049763994,-0.03747563639293846,0.06197839742693909,-0.023585469045336063,0.09150452642264158,0.9697629447970705,0.3549822330669217,0.3659186359338356,0.31777643363213315,0.38899406171710205,0.5077282004848914,0.6487983623226881,-0.04755632287816177,-0.048443168484662645,0.9572807597749685,0.3608587461723869,0.22443563983876574,0.3340456694973187,0.3275132110503963,0.38990795189514366,0.5435741534951885,0.09081339932453505,-0.0056235893756163115,-0.04368822396925847,0.007833136896534065,-0.06984462775745412,-0.0020323332599561806,-0.022983661255440126,-0.07637828260900904,-0.028613819176135355,-0.2142171740990015,-0.1858474647558708,-0.8262251322777678,-0.5830863958734263,-0.33342904821335784,-0.4659822614236738,-0.4466103138839861,-0.23952129098203623,-0.47907365320459655,-0.21421718222164748,-0.1858474673222783,-0.826225134520857,-0.5830863987474203,-0.3334290369456245,-0.4659822519103034,-0.4466103081920335,-0.23952129085320503,-0.5441021099863571,0.12998610030459104,-0.005095481507323463,-0.07946612668914792,-0.11936179875636094,-0.06583229325539233,-0.08597517031251146,-0.14613843004749244,-0.12790824583007904,-0.07673862529100538,0.019297525673853514,-0.08525607943063694,-0.07989337120478182,-0.11740967447143234,-0.05487945139946301,-0.06985873430499459,-0.10629246602349104,-0.11051915294946557,-0.10372873346368638,0.0748134411152895,0.019314669173564846,-0.12852852056100983,-0.14710159898669645,-0.14098963392978048,-0.154772174337362,-0.13414875049497826,-0.11502225985660885,-0.10886885806132754,-0.16805447890963063,-0.07963102778507025,-0.14202410940071875,-0.09826882362771937,-0.17563689874119243,-0.1400391512047667,-0.06620412930743586,-0.0419236176226041,-0.14172291601705567,0.2360747709210517,0.19706445239006942,0.1811076162442964,0.17722736489267304,0.15991479846568496,0.16911807903438988,-0.053275791735867245,0.009804911370597545,0.13162946006520546,0.12332885926596149,0.2376811302808115,0.236420894932623,0.2637017389660454,0.22295516857714948,0.21782139993405006,0.15158337303210914,0.1467385722801579,0.23327968551684736,0.1417881831732955,0.09410350169426913,0.054908346000428855,0.04115848575792955,0.035692047201621814,0.034228146825797896,-0.14674851100704858,-0.06660421591540913,0.04499518458958339,-0.010081136134766657,0.07944242905883823,0.10495753776654534,0.13984971492791856,0.08957363658987658,0.11338934856495615,0.10263915194082159,0.13338452324942068,0.12399171106425666
C4_mean,0.41290905089533747,0.42810976569333353,0.38265383722610724,1.0,0.4444885958890972,0.7236759404732885,0.1913452419604248,0.09236745253149364,0.7795646301675092,0.22769036026917722,0.18537771536594597,0.11843012218778116,0.12267414530468236,0.13382234051424943,0.15395721390589368,0.11561991737450811,0.09260840043721083,0.1515958405904618,0.2276903623409292,0.18537772045235099,0.11843012703556152,0.12267414068106255,0.1338223428386573,0.1539572091762496,0.11561992560198392,0.09260839642379302,0.15421386087313357,0.37574730424630826,0.40813901287488275,0.3786437453480364,0.9214359764480184,0.35069724728495877,0.6746565191519677,0.1993924068566537,0.14711686494124626,0.6863948771896379,0.35359401662372636,0.2995925778629631,0.3707867863208592,0.9467095577665539,0.43675478586332483,0.6747819117566742,0.23071213342131994,0.09503872982962379,0.7349217607570074,0.20117873964773206,0.17600541045224508,0.07554766581260833,0.07760798359381045,0.11237868779431136,0.11602266487779943,0.06667487401481542,0.05218146188183284,0.10938903816416543,0.2796610901328667,0.3070583103625995,-0.19597513864123775,-0.5435489484258185,-0.39839364735259697,-0.21852086271542828,-0.26028151045475467,0.039014246709671616,-0.2957918366574922,0.2796610888817058,0.30705830776258447,-0.19597513223463975,-0.5435489430773718,-0.39839365286574097,-0.21852086003450438,-0.26028150187085053,0.039014247578339545,-0.3393783996025519,0.07576141339283422,0.11337655052900124,-0.025720357197737412,-0.04685984514750319,0.02919863940546331,-0.004083058874033192,-0.09151757825512885,-0.09161213792673502,-0.042956587101576724,-0.022184850568872212,-0.014434706269581866,-0.05137727640400484,-0.0813611467067002,-0.02939921385313304,-0.04761679972501244,-0.09343887804185477,-0.09784147480906386,-0.06453064879548308,0.08634523575441523,0.10646598946616206,-0.03599506806517799,-0.044012370217306675,0.010304619596571429,-0.020730912083353044,-0.06892220847141875,-0.08639022177218163,-0.05137550141151857,-0.02725209165064658,-0.04597579866820675,-0.024540060246709346,-0.004904344580470708,-0.044358413059072184,-0.029269312505216936,0.01115917404457638,-0.014533951185897703,-0.03285579543592106,0.19882373913255372,0.2002919522229761,0.08138706962888098,0.12458305719577899,0.14313895810328353,0.11970712442932276,0.025703456967392437,0.07950251530592388,0.12217510448674593,0.07629086577808246,0.06047890803115739,0.10852121855602903,0.15883350101355442,0.09322729080090834,0.09946829636934107,0.1229068032654224,0.14589414363896006,0.13560666646004885,0.21760254890627878,0.2635022062554501,0.1260141196902031,0.14641816780109695,0.1667531187632638,0.15404665664326508,0.013817243967989355,0.0330077040581579,0.13749629731632731,0.04514481640726806,0.060243005806028475,0.08310654798696543,0.11397309884384986,0.04787450758998333,0.07605086060989781,0.09232925223027175,0.09984138889764688,0.08221247662762994
T3_mean,0.6766114240159293,0.7725342833943654,0.23529389559887096,0.4444885958890972,1.0,0.3232331829212065,0.8063135411126214,0.7153515958895483,0.7603188524584886,0.1678071625116267,0.0767846201628144,-0.009824226539986778,0.012425329119316184,0.040843239393919435,0.01922354021652824,-0.007597383848308152,-0.0031962392328427824,0.025432206842295735,0.1678071576024156,0.07678462081890848,-0.00982422733225979,0.012425327998442004,0.040843246360105785,0.019223526390661848,-0.007597378956859857,-0.003196239797625291,0.01971647627000092,0.6326249883183198,0.7435797099183435,0.22493984124667094,0.373906706124319,0.8842930524231776,0.25069326015365123,0.7535940918660952,0.688631488249659,0.6779369138390255,0.603299631043124,0.6136386521181472,0.21719512611003003,0.42480131993215203,0.9164889471247069,0.28709965050781433,0.7694749314742714,0.6069169311043262,0.6888334356857574,0.18203420882640722,0.07591335206931052,-0.01306246998382524,0.005628463395115839,0.03864378222362055,0.017145475319035635,-0.017122542917753017,-0.007407238236523717,0.02634296830615969,0.16387591031296406,0.2974997756607894,0.04453849395730792,-0.06410873033791636,-0.37875147961187555,0.13728868902684266,-0.38467592863622463,-0.21694741024196026,-0.1509348142434982,0.16387590749496167,0.29749977136110783,0.044538493071147385,-0.064108733744998,-0.3787514781513669,0.13728868982496473,-0.38467592900983333,-0.21694741427682307,-0.1174756795547921,0.1030068547642961,0.026972613664975716,-0.031473434787634195,-0.01088227179045952,0.016144861511944053,-0.0013952763230120366,-0.055661997782442185,-0.021801505682748384,-0.018254075007342174,-0.009518305452872045,-0.016103757258592505,-0.03985003426259166,-0.004999227626540278,-0.010796977044600132,-0.0009095556327535044,-0.02185872380494125,0.0006725403428833356,-0.006467894335325477,0.14624843580755043,0.032446679140641387,-0.02752265604269705,-0.025211804202590886,0.01701903083512241,-0.02293154564925273,-0.05484272258754875,-0.04382270093551338,-0.041870043361984126,0.014044509401580934,0.002102920355444559,-0.0006519773872906343,-0.011352262667049534,-0.014642593142802163,-0.022916545127588662,0.022536968522560142,-0.014450905528081516,-0.013147952885728616,0.20108081547179305,0.05588421759671697,0.022239474716405905,-0.001956121367410476,0.06628069071464068,0.02178146176221455,-0.022856652452269786,0.016900127690712648,0.017834496668743913,0.04016970364037599,0.04105211850242845,0.07241635162012461,0.02481289390677844,0.04819429488935051,0.020316251481083757,0.035373134942181,0.03134541691920247,0.03638899620613672,0.22735533317122716,0.07060637239647836,0.09458216986629628,0.04707835883139976,0.08505844478786481,0.06767341879767758,-0.005148864986698283,-0.019273837760907683,0.04904663661982516,0.016197568447074536,0.03450103579405907,0.09265847451283123,0.04003595605858539,0.03205085597298835,0.0440477593453912,0.07817201509824062,0.027939534667356197,0.03559961277049686
T4_mean,0.4949083009675958,0.46759659634886436,0.3755463744319238,0.7236759404732885,0.3232331829212065,1.0,0.09076026993681598,0.07123443709809787,0.6861789702912007,0.08622991045577667,0.03698221178401459,0.010904875330018653,0.04336489170879303,0.049319630292510276,0.01428498888607722,0.03276518338941617,0.029142251716517752,0.04441928369308158,0.08622991100606542,0.03698222639388229,0.010904886612344998,0.043364883617510785,0.04931963180284717,0.014284983421325278,0.032765188315666376,0.02914224987580099,0.048762340017230406,0.49380539765384,0.46761346794384867,0.3796057775663343,0.656336007430541,0.32281719485072563,0.8833402804546032,0.14669898133480022,0.15114487553141623,0.6662401856035203,0.4022488967549744,0.38219066884488884,0.34476739742179596,0.6940722983785135,0.3053042500739588,0.9212777110995065,0.10604246512439515,0.04906143392356897,0.6267493185536598,0.0791396867098029,0.04490637133234202,0.011292943092280731,0.03852377028968841,0.08218461240808782,0.016129665168488683,0.02620764174810824,0.030861862535652446,0.0453025876715817,0.009895680381524162,0.028578668583667585,-0.10859437032026946,-0.35067086029979766,-0.2969625286536651,-0.42357076073419025,-0.15371161128777533,0.16437804506320455,-0.24407343317686536,0.009895685380130862,0.028578663579033978,-0.10859436272181575,-0.35067085872561615,-0.2969625267736294,-0.42357076116006775,-0.15371159966821174,0.16437804527161906,-0.2609356635414194,0.10448286661080036,0.13120479277880764,0.10563413613430783,0.08593488902592689,0.17777584184992773,0.10364110064105708,0.030362141738422475,0.04503865164518584,0.09537274001124828,0.014374308352365991,0.011101516026233653,-0.02577257321795412,-0.008855775804004516,0.009931060802170743,0.0133592425036525,-0.033400661289584875,-0.031657687874550804,0.00039123759108130945,0.14402897183993624,0.13538989031131415,0.1333226298143702,0.09947102180153317,0.2110363761249968,0.10039158945593692,0.05571094867248296,0.05724674956282152,0.10288800188996382,0.015937608972629545,-0.02732240867305703,0.014220890661522444,-0.0010157317606979861,-0.0012770111450559236,-0.019722998235989487,0.021609541987152318,-0.011416578125377682,-0.006335670834597743,0.17686633330992863,0.16979137520430687,0.18195063977155918,0.1557470025351837,0.2624616201820386,0.13223406068625276,0.05092924339677804,0.1108153647251513,0.16178278216537156,0.013382148007763998,0.005706741168382377,0.04226519841617394,0.03707107537028678,0.009600782001521244,-0.005482069192965162,0.020302511530018504,0.04666741137893254,0.02932587779621251,0.14245356101833925,0.2036885662495975,0.23552287274199796,0.20665466057300166,0.284970129322563,0.21470522596275954,0.09497511179592069,0.12566478214119428,0.22139449367672567,-0.0607550836101721,-0.0029158272197141876,-0.01856651621452474,-0.008501664307560596,-0.07381695955751046,-0.013025651770070883,-0.004174738225111501,-0.010008735607568344,-0.04218733811227803
O1_mean,0.34365249810036896,0.5036238363674738,0.35216074854758916,0.1913452419604248,0.8063135411126214,0.09076026993681598,1.0,0.7163168327766264,0.6031742431490864,0.05439527223493197,-0.027104956886220367,-0.10106050805809147,-0.0230914155118671,-0.10015281601114967,-0.043154449672779836,-0.05066011750549509,-0.0943384542508825,-0.05805536800919197,0.054395261980546554,-0.027104959449624398,-0.1010605118554453,-0.023091413401377745,-0.10015281154792154,-0.043154459961610506,-0.05066011748438427,-0.0943384560361035,-0.0377487194763149,0.3307747086700131,0.48066249446089826,0.33282047967850004,0.14359098394334976,0.8054816198461515,0.029708472783503484,0.9209926046031137,0.7138318767225433,0.5793172595094728,0.28097300109503853,0.3294547005694925,0.3353796412863672,0.1785967685245962,0.7460905321250629,0.05206212531510821,0.8980110195950676,0.5939268232989331,0.5325608328194398,0.10052094653782115,-0.007028364751132272,-0.0989663886575871,-0.028290087487097146,-0.10382570686239143,-0.05457490578548572,-0.06446722288908702,-0.10284046177888616,-0.058672982101401434,-0.0630322018970883,0.03306935678161708,-0.19617468775979066,-0.2297467251882412,-0.4639804323652561,-0.05482677459041327,-0.5467961450070545,-0.4453947800797802,-0.3355100665646131,-0.06303220939852595,0.03306935040056642,-0.19617469555066594,-0.22974673312726993,-0.4639804264486901,-0.05482677137246198,-0.5467961503990648,-0.4453947855832538,-0.27071022880331036,0.130220429462359,0.010427164661816148,-0.07989987645972095,-0.05916929493414403,-0.044065484173120006,-0.0559514996280189,-0.08747252809018634,-0.08566539613399751,-0.049164024791749056,0.01846540142823614,-0.060845277281389824,-0.08432047178902514,-0.04934057201945183,-0.04141598131789026,-0.03941199083613782,-0.035287789879844135,-0.028066150656216843,-0.04998847400767422,0.12309669121903082,0.027220808172888522,-0.08005648412685376,-0.07001861774274701,-0.0649695493203622,-0.08059970333947122,-0.10200326176700839,-0.11004217669544028,-0.08452099679532044,-0.08069342573304135,-0.021816941073094464,-0.05529575343120385,-0.05362215190053673,-0.08634061610426007,-0.06970241756068854,-0.05019878164133556,-0.04315769520153712,-0.07727042747792683,0.20223237421837717,0.10188227641986647,0.07945790620357474,0.04406558305828756,0.0825042627850537,0.07155431481083374,-0.07193211273030657,-0.04777817667894653,0.024716268285019022,0.06090315572322375,0.14234464287976803,0.15870267315065023,0.0941545338810037,0.13121041558130114,0.10326937995849983,0.05832717279634123,0.049494608637863015,0.10632708801382625,0.17548381239475314,0.041675287083556174,0.06043458206828592,0.017946454019638163,0.015396367893056399,0.012764505647275083,-0.09617660721497046,-0.08263525817707112,0.010850170830761518,-0.01702935699286877,0.04986365553059061,0.11996435229673713,0.06839070620771494,0.05747887109380228,0.06755667763116648,0.08432377537378344,0.09161104399880711,0.07497551062437714
O2_mean,0.43815520187058965,0.5447279947594169,0.40329263493819295,0.09236745253149364,0.7153515958895483,0.07123443709809787,0.7163168327766264,1.0,0.5659242893316031,0.17787941692756445,0.07338801513437916,0.001326930658758723,0.056582698147777014,0.033920587590396685,0.03989443464316735,0.037617110709769856,0.023986280181899314,0.04956586740132042,0.1778794073447264,0.07338801949412424,0.001326930749873276,0.05658269602652189,0.03392058522463742,0.03989441967533529,0.03761711782106289,0.023986273048714014,0.057622681980590854,0.4171925520787743,0.494238877259424,0.3769320211980735,0.026590894305665427,0.7111730976582111,0.005641943243100285,0.6653111365056317,0.8977412306454383,0.5347814444636122,0.4598503260644193,0.48794628457596867,0.39556715345208965,0.10157684834660598,0.6472035968908976,0.05114970257897709,0.6385893280673653,0.9168793492080666,0.5435437088829955,0.22161906299343934,0.09972346335627079,0.0021887408332329013,0.05116628432329207,0.03371231919518143,0.040177992715943245,0.026000436897018524,0.02549929434262676,0.05587248928183428,0.07578019604993258,0.11778732305183662,-0.15641143720172296,-0.02144430996198509,-0.1955037963134169,0.08893095639167448,-0.29266482265320726,-0.41298508413250573,-0.12866718533894683,0.07578018959192635,0.11778731633779697,-0.15641144525457898,-0.02144432076685024,-0.195503786603676,0.08893096147588792,-0.29266482408972366,-0.4129850843211892,-0.11996514560891071,0.18009363096981668,0.03674879788266943,-0.05148213018770048,-0.044648061493269955,-0.005167922723436935,-0.026148137977600554,-0.04778373499816109,-0.005800269988712532,-0.00664140309515196,0.06794292860593522,-0.016036171222576723,0.006359927695835835,0.03122299970372238,0.038776124264280724,0.044987757864280255,0.03903943931479906,0.041446610739927704,0.041257856428447245,0.1717497648445705,0.049727732178009756,-0.10943435842498903,-0.12043767325985971,-0.07520369365590018,-0.11167641814552991,-0.12769159035040162,-0.08503543363458042,-0.10545618671224524,-0.08157278746130558,-0.02363282653741806,-0.09318331001423977,-0.09679812621320136,-0.11812066768889334,-0.10675772959936158,-0.09103849323675522,-0.10021147215664306,-0.11675924132247119,0.18371034706749492,0.059314680563315576,-0.021366000627361333,-0.05367196806957345,-0.004056897320875277,-0.03683903833159791,-0.054546670217523935,0.012556433842016827,0.006668552457754178,-0.028391856925766346,0.05264310711613036,0.06335757116482854,0.025563104252215703,0.03291519669888984,0.009214741807362639,0.03542080181535708,0.03564594782423537,0.03271436511526127,0.2009258047833517,0.042859605601561115,-0.04127778186061044,-0.09458940336358843,-0.01903945772508705,-0.07416067967511855,-0.14307374861711222,-0.12421793558280722,-0.06421181640446845,-0.058927283881680344,0.015097070150065086,0.062213768886643,0.026405702439547606,0.023748605519533405,0.020313542371316905,0.026861357815472074,-0.024967472155173837,0.011066508869244757
avg_mean,0.619303688053331,0.6927146804986217,0.5926427879610552,0.7795646301675092,0.7603188524584886,0.6861789702912007,0.6031742431490864,0.5659242893316031,1.0,0.19061102210762637,0.07309952803193179,0.009711933340488007,0.06079725979289038,0.04202007328026171,0.05530810938263595,0.035345463502334716,0.006994769747704207,0.05759521426102696,0.19061101694613125,0.0730995339443264,0.009711943325330307,0.06079725125597529,0.042020075995716846,0.05530809964226344,0.03534546819682767,0.006994764582713773,0.07090813942815474,0.5797479373081524,0.6708866370214366,0.578057611201838,0.7073989863280956,0.7081968153145977,0.6191583831629327,0.5913225299010507,0.6003209338910579,0.917342610496628,0.5549354332401801,0.5286053244567607,0.5729857629213787,0.7459434661296567,0.7205003707356489,0.6414488896891013,0.5865550259524157,0.5212461405077247,0.9252708193425058,0.20908593147517315,0.08171665086367237,-0.009086972159152773,0.03249823125259825,0.04482340549656575,0.03393594946832636,0.0018315487424794231,-0.01312579869144849,0.03904959502481913,0.09538730084216573,0.15798922370853263,-0.3517857667584859,-0.421627078337803,-0.5510277246496702,-0.3002872134490473,-0.4773706222065754,-0.2586081500208601,-0.4543261325928819,0.09538729506460755,0.1579892201661183,-0.3517857648266486,-0.4216270788911982,-0.5510277219632971,-0.3002872089393227,-0.4773706150437772,-0.25860815123438047,-0.4748651601778418,0.18033729384891534,0.06215646144536393,-0.02403220287399835,-0.04679304424427834,0.05679712241301767,-0.01037668127134903,-0.09593937707779676,-0.07431053760108511,-0.021887388305695175,0.01858504007589588,-0.04414496231744254,-0.06907527253898312,-0.06696121483018191,-0.02378453069045293,-0.03271751836318316,-0.06860743363012753,-0.07200202968905091,-0.052098570307047336,0.20044539559147748,0.07701320936288208,-0.03374853887950179,-0.05750336711313739,0.03654713127385125,-0.049240431595943567,-0.09660774138722114,-0.08735444036984055,-0.0544983889444131,-0.05816513070695515,-0.03799537609147766,-0.055782383059854786,-0.03965865414279667,-0.08669070791345161,-0.07345213304516987,-0.022398140067124737,-0.04624172652480077,-0.0728134022249298,0.3028355747521622,0.16190735336340842,0.13518016801990845,0.10849749220117957,0.20476659206281542,0.1151338607588614,-0.022278527918172156,0.06539917990762513,0.12804816808513783,0.057100859277950215,0.10656502625671427,0.14896487968693878,0.14025217501058185,0.11088061532138707,0.09501534452487354,0.10132161208413752,0.125942568078472,0.1323334898955781,0.28430041851849785,0.16946443305922557,0.17848316831305794,0.12676466463819105,0.21406804530060686,0.15095983420852566,-0.018208160734539045,0.01627124609517246,0.15055743306222866,-0.031922859468175566,0.062110110437809396,0.11027448881783948,0.10354895529036327,0.042612842317531645,0.08869482657479666,0.11321751465341641,0.09480041815841297,0.07341147628604383
Fp1_std,0.1585207000352891,0.14540186626170226,0.07670574060169702,0.22769036026917722,0.1678071625116267,0.08622991045577667,0.05439527223493197,0.17787941692756445,0.19061102210762637,1.0,0.8686224212919668,0.7527172657079048,0.7266673550282017,0.7549949619237064,0.7779896994108559,0.6423252585178846,0.6545217042925622,0.8112330862711522,0.9999999999988393,0.8686224164023317,0.7527172601506905,0.7266673548826733,0.754994958928599,0.7779896944574849,0.6423252589692854,0.6545217024576729,0.7992454024338794,-0.09604163863273386,-0.06694830503133456,-0.023168356731741994,0.013838635480813946,-0.055569449527992996,-0.17333730164649147,-0.06953401593329953,-0.006657191120574757,-0.02669562196851085,0.5192574167512108,0.48819527378186406,0.19584754141179622,0.3625751853906416,0.3745867036760708,0.24145587447131014,0.25253153844469833,0.3328643262569966,0.3715519932128226,0.9593578240605565,0.842185677069919,0.7146869319778107,0.6861341047916757,0.7177593257729181,0.7502251071828083,0.6082030565855386,0.6189140915331799,0.7746896833126543,0.6248747807928654,0.6000973049297172,0.15252337995399234,0.1457136973840637,0.25634678159452595,0.3864235127926318,0.22508391030177166,0.28594410600587183,0.2931486589599043,0.6248747776909647,0.6000973070841775,0.15252336826387203,0.14571369212928337,0.25634677969614755,0.38642351241243617,0.22508391611114556,0.285944096114428,0.2567787727209803,0.3385643263788803,0.3600514566201088,0.2300016602757455,0.20977685874716148,0.23367901748626518,0.24599379746346092,0.200597785435982,0.17776134666463822,0.2554912225386393,0.035358278434565904,-0.0014040896554896112,0.10371595329199439,0.07868973229498548,0.07417728197924084,0.07135832831803,0.09041625241215474,0.06451551377974639,0.07114202804818007,0.3885004179916203,0.3710593900272972,0.18696148247636538,0.18635592141391757,0.22041528410345027,0.2473607341117749,0.1561670745150643,0.14696264690646169,0.21449582393731306,-0.03260593941207851,0.0018323637867160457,-0.12339317111297342,-0.10153398323413618,-0.09971085002869177,-0.08329762897415792,-0.08466799855124935,-0.08006686653392261,-0.09892055841853206,0.3947148344910637,0.38267178425695614,0.2513911452869568,0.2518290373754254,0.2722105294768557,0.30072563926252843,0.22127592082390743,0.23971626569214627,0.3073165928529014,-0.03708086722335365,0.0037354477405325956,-0.01964032006682825,-0.012065411358052143,-0.01959542928049433,-0.023414935886469822,-0.0244353933648045,0.004213747486255036,-0.0032903119456809283,0.3966519714757354,0.4113944524291071,0.2052660927717467,0.20080140892885825,0.2606207747757102,0.24579159471686823,0.12151895066555453,0.11397555345113129,0.24685984196107708,-0.11565104150646727,-0.07618238772552177,-0.11992387313864818,-0.11071299026930022,-0.10162301292199317,-0.130356831896968,-0.14479330853523256,-0.12369563795425177,-0.12065790350726444
Fp2_std,0.0967246831504245,0.08079924293767007,-0.01207458918804231,0.18537771536594597,0.0767846201628144,0.03698221178401459,-0.027104956886220367,0.07338801513437916,0.07309952803193179,0.8686224212919668,1.0,0.8337538679951049,0.813279900720413,0.7899118448985039,0.8298315625927821,0.637268911605405,0.6976682971276655,0.8572158143597136,0.8686224231908295,0.9999999999985492,0.8337538651114058,0.8132798993767583,0.7899118394287227,0.8298315592280022,0.6372689106349329,0.6976682963818884,0.8326927437282918,-0.1228117946832645,-0.18007329850053475,-0.116235886681109,-0.06051707633223443,-0.16238314334305304,-0.24759064449649587,-0.15016620433142233,-0.12761022858568977,-0.15721120041746117,0.41078339243067047,0.47952284098593184,0.12073043917090343,0.334554930939915,0.2885453336132396,0.20644955860291953,0.16827812629458627,0.23589679667661081,0.26090398125199754,0.8231659497460745,0.969356492038176,0.791047529395246,0.7678101021912009,0.7441609811976799,0.7977480885020569,0.6038638911876234,0.6609552654977872,0.8155264824416095,0.6185256589432819,0.7139831555865258,0.251416642490625,0.207803259880012,0.38660944636448785,0.459521212940384,0.31989246488217404,0.40772640492385026,0.40931851966674393,0.6185256664228488,0.7139831559505068,0.2514166306280238,0.20780325226869156,0.38660944470432945,0.459521210547231,0.31989247047731356,0.4077263958347528,0.3739015823369542,0.17246757973252297,0.4260272541481306,0.24560907280833602,0.23684085895978643,0.21446813861966407,0.2603465165626342,0.23022463759570888,0.2170869635445857,0.2332250146642253,-0.11740925549548062,0.006919022952060468,0.07262402616409547,0.04541663313849884,0.018214448923836078,0.025680572809651428,0.0978917907904548,0.060253306773751195,0.03236777353385029,0.32105098744663,0.46312600478089,0.2655854764025644,0.2856282773426623,0.27405622680077324,0.34860458785802095,0.2388233867561486,0.23962921399732828,0.30686987002567767,0.10662382437103042,0.009870287201321234,-0.06606856192880686,-0.04171798937274475,-0.02418248233658301,-0.011850400597538283,-0.018973492057877617,-0.021816182118150937,-0.014623876095687906,0.2902881496260298,0.44434394469570576,0.2731206896353325,0.30416056859314394,0.2711472773362687,0.352975095856171,0.2359850585141808,0.2792365238089375,0.33230201280206484,0.08170777438484214,-0.0231505920729353,-0.03875417630008226,-0.018563291005617218,-0.01420744747837852,-0.014013130375384628,-0.07200136798140162,-0.031180819710898897,-0.021356000769716627,0.27800656828722614,0.46322362913519655,0.24568090476660534,0.2670252531563364,0.27817071510409364,0.29685499017169886,0.14986997054208107,0.16936374108161903,0.2907722398580845,0.009127615760737725,-0.1163070087264891,-0.1407519239516197,-0.12788890017421478,-0.0961031378485775,-0.14189643937285185,-0.18871296111473507,-0.1655949983626107,-0.1337320435222481
C3_std,0.049438799503464005,0.030778821660590913,-0.0001526101412526241,0.11843012218778116,-0.009824226539986778,0.010904875330018653,-0.10106050805809147,0.001326930658758723,0.009711933340488007,0.7527172657079048,0.8337538679951049,1.0,0.9305704313619394,0.9587547463695719,0.9475993199572225,0.8520432540494017,0.8947584256773948,0.96719144051191,0.7527172690020585,0.8337538667077913,0.9999999999986459,0.9305704310191054,0.9587547464593698,0.9475993207983942,0.8520432500389143,0.8947584255165035,0.9468477481883958,-0.148211970809444,-0.18092025075425364,-0.14777004347576922,-0.16650154594213162,-0.314677231266099,-0.3245618520218816,-0.30317637678093123,-0.2694558182296864,-0.2599274683767859,0.3277527994484154,0.3715458384234629,0.17075893074136714,0.30620857242515664,0.2649896023793119,0.23388762031140764,0.1830951776739632,0.24127439480778207,0.2439845535228872,0.7319270984317463,0.8306729613410148,0.9704931334240697,0.9026576952093204,0.923529039980792,0.9254636743297125,0.8297880889099016,0.8636991950857212,0.941849183500454,0.49824781751122726,0.5783704400321744,0.24426426831046028,0.24724728484667213,0.478619426142851,0.4613749470407308,0.45135602718213214,0.4883319172501744,0.4341010433747823,0.4982478236663534,0.5783704364515587,0.24426426853477504,0.24724727585307305,0.4786194234725974,0.46137495210748813,0.45135603232118987,0.48833191632509393,0.3883505223242499,0.20663260957692894,0.3755812376663083,0.5242144368067077,0.49680284872761,0.46721589181497625,0.49178597456064094,0.5141933041765777,0.4874089962143296,0.4572232764773681,-0.047754578434797704,0.054568750595834735,0.2823319096525655,0.23954105912880472,0.1950432965443113,0.19579635152111766,0.26900601965953747,0.22964943444710686,0.20467983925967312,0.3112743589035703,0.40435402528442543,0.4635047748199836,0.46632142647330715,0.46065240515457395,0.5108780341598345,0.4599701664398254,0.4525838174092995,0.4918247024580305,0.07139577907745445,-0.007830194893914686,-0.1968727775285581,-0.16300874590564607,-0.1316246173099979,-0.11825750773575305,-0.09705285795125035,-0.09808455694413208,-0.11341737914732941,0.22256809084134635,0.34729852725908733,0.339052779273564,0.3744699193758982,0.3416709798814252,0.4168168712872301,0.3954256235511514,0.3884230563452786,0.39251953447185706,-0.007141847243569474,-0.08836543738305878,-0.24962527199891055,-0.21107538379940854,-0.19255081914895866,-0.18370047981125515,-0.2529619771142158,-0.2079700514290049,-0.202757007075778,0.15525318369810281,0.3139442831891721,0.28405362712261056,0.29768148071480394,0.3196766218821184,0.3162010713919534,0.32287718795301484,0.3116801358365897,0.32055399822216957,-0.06516991489660236,-0.15644605780389376,-0.36492701145448314,-0.3389801385557472,-0.28898155106187623,-0.32588924209675846,-0.37571798778912957,-0.34332206280701594,-0.3053336456744965
C4_std,0.03499331394085109,0.04622281374798155,0.06271357055572159,0.12267414530468236,0.012425329119316184,0.04336489170879303,-0.0230914155118671,0.056582698147777014,0.06079725979289038,0.7266673550282017,0.813279900720413,0.9305704313619394,1.0,0.8557251310355827,0.9351942354254025,0.7858988789176337,0.8167920286039905,0.9335845030203064,0.7266673562584367,0.8132798971737942,0.930570433899342,0.999999999998936,0.8557251286021734,0.9351942396018004,0.7858988764625356,0.816792024414691,0.9329758736861787,-0.16771326074703444,-0.18456520998339085,-0.09025478635650373,-0.18338978209335516,-0.2542852602295743,-0.29704738911460093,-0.21479468111313169,-0.19299211036956335,-0.2036863178180123,0.3178647889359483,0.3844309455829778,0.23479287474643795,0.33388435397581384,0.265836769155508,0.2667556754765318,0.22691336559400774,0.2844706792341531,0.29403900760312573,0.7385071216961328,0.8320231048144608,0.9071927420194285,0.9724054715205508,0.8375768734125496,0.9154963393302302,0.7591680580170379,0.7885707611266705,0.9118895648895642,0.3928363007768265,0.4906780605674767,0.17211604545672152,0.18655323370218604,0.37742774074131663,0.3562886596179998,0.3499324248969393,0.37127989169005843,0.33009206687948167,0.3928363040469153,0.490678058879659,0.1721160424435002,0.18655322872378602,0.37742774018635994,0.35628865988416375,0.34993242916148687,0.37127989200200334,0.28891425497430945,0.23881364452111467,0.39481825688621575,0.4619366604385636,0.46881799338225083,0.42731132491034984,0.46402329751403754,0.44402818559594504,0.41860523953406387,0.4115459544545541,-0.09964574234046839,-0.01355423847107696,0.19423260430815603,0.18983292749098893,0.11855576493099512,0.14482582523131096,0.2394420607693591,0.17176405116636126,0.1407355930834446,0.3632789026927832,0.45016337535840184,0.4192007791830197,0.4408704414100228,0.43523593302589947,0.48798462235543827,0.368249973347661,0.373916601305657,0.44838481380020156,0.0598954500848225,-0.013016538514349814,-0.20723284951349547,-0.19808744012600707,-0.15411012184126358,-0.14921947885439063,-0.13754712222785595,-0.1220888910997321,-0.1448916197215634,0.31528518591410964,0.4255884140292456,0.41536352548041783,0.44937666922181446,0.4334052376606378,0.4769091848635235,0.33977427440271524,0.3932771662158278,0.4592191987744281,0.0655736709225741,0.00011277726246481527,-0.1461188563392043,-0.1428998475840456,-0.09774363228992787,-0.11682091981415899,-0.19694345364356922,-0.1364653064312028,-0.11896073972040656,0.2558404217324738,0.39889516257742463,0.374888949586518,0.40064529904706053,0.4204619720979619,0.4000216163463515,0.26477508408638556,0.30828964620392374,0.41498986014173106,-0.03475997439989606,-0.10766361247987499,-0.2765863306882058,-0.273070856240736,-0.2176629351502499,-0.2646202081512534,-0.31846760740754027,-0.2719574024723357,-0.2398480392539654
T3_std,0.11341875038074387,0.09578457340848591,-0.03135134390035827,0.13382234051424943,0.040843239393919435,0.049319630292510276,-0.10015281601114967,0.033920587590396685,0.04202007328026171,0.7549949619237064,0.7899118448985039,0.9587547463695719,0.8557251310355827,1.0,0.9095561639212969,0.8874251576199271,0.9212751229674208,0.9484017533549748,0.7549949646434976,0.7899118515240301,0.9587547414419028,0.8557251283795098,0.9999999999991295,0.9095561647984802,0.8874251575846765,0.9212751251267824,0.921101280718511,-0.06950679476151843,-0.08343601036679926,-0.16622173610381866,-0.13334218758231864,-0.28672505391966985,-0.27649484082073533,-0.3130687012848713,-0.2491034264792721,-0.22954514231452552,0.37439188007222124,0.4118690192725937,0.1275330400264884,0.30018207498971233,0.31930732993619637,0.2584082892697831,0.204902498193913,0.2763596053957481,0.26742796529861645,0.7251480953755093,0.7821565624848831,0.9364245499163344,0.8376080979510154,0.9699252485329981,0.8952122303417497,0.8716276876209038,0.8946628265383096,0.9320682739589157,0.5290577993917478,0.5923005167994456,0.2998631160378247,0.29230648955594235,0.5102380547015233,0.48810497591320207,0.47214415784329866,0.5277726947370541,0.4636491008742386,0.529057805608359,0.5923005109171235,0.29986311730981324,0.2923064809414403,0.5102380524972691,0.48810498081472004,0.4721441624400911,0.5277726951194881,0.41524183515382035,0.2197595848943322,0.35590672852308125,0.548962000079065,0.5251079897285954,0.522410048539007,0.5181417809875584,0.5611664010353102,0.5339683231681748,0.49580011451889566,0.029575946199486624,0.12438775569254847,0.3290071035584832,0.2996746403194359,0.2692193249188174,0.26270969185823756,0.29406560326472136,0.28421312787833547,0.27414680472985464,0.2879899481393473,0.34605026946835404,0.48118922420847404,0.47089207310214454,0.4931137863748065,0.5035246503765638,0.5029670127069732,0.48599084551243393,0.5015003777467536,0.05620285839177933,-0.024360212402555634,-0.16667579314275402,-0.1532416999885075,-0.12479593319372106,-0.11766907845029341,-0.07527498001581565,-0.09281304713698157,-0.10413356471398494,0.1843647789109172,0.2660396263014782,0.2740121288189462,0.30011198084566093,0.29721655736687697,0.33564965368175015,0.426890725099935,0.3683010592439328,0.32778459219686307,-0.09589538632921721,-0.17172065746407736,-0.3105653802785177,-0.2830946753557731,-0.2769477588194315,-0.2644020517052983,-0.2897676904816845,-0.2639720681846304,-0.27949850242450724,0.1369373127712279,0.25361606500205064,0.22618651147095098,0.23049257765564832,0.27922250522731223,0.2485910243564838,0.37401743809707244,0.3127025834308838,0.26016858295758044,-0.11420224301994492,-0.18644682226042109,-0.40406095182042967,-0.38825701841317545,-0.35344076348046566,-0.3776370559565298,-0.4025180619433097,-0.3907700716985841,-0.358349730019495
T4_std,0.029213310909462102,0.02638325883034402,0.05785011306977288,0.15395721390589368,0.01922354021652824,0.01428498888607722,-0.043154449672779836,0.03989443464316735,0.05530810938263595,0.7779896994108559,0.8298315625927821,0.9475993199572225,0.9351942354254025,0.9095561639212969,1.0,0.871456215559198,0.8753453255316174,0.9680652130964873,0.7779897025761459,0.8298315587985234,0.9475993196700063,0.9351942359623862,0.9095561636158175,0.9999999999988393,0.8714562163498035,0.875345321400513,0.9615509669344686,-0.1826468061218417,-0.18326045089207252,-0.08590202921161612,-0.13048030162488589,-0.2649609583093053,-0.3341817539903925,-0.2527349757955235,-0.22317150569535305,-0.2136027828187028,0.3243233114470975,0.35288810191837855,0.2219705307275303,0.3448109932147655,0.28119931445434937,0.2467418848439258,0.2374782656415534,0.2768972007164035,0.29115178739873443,0.7651238688240938,0.825254803525197,0.9107637015317981,0.8992474269296823,0.8713480705233286,0.9631859504127038,0.835038925665934,0.836772017599687,0.9316663632750548,0.49558902250980075,0.5539913453033282,0.1708740175036397,0.1726707515276157,0.3980057204696525,0.44121692244041405,0.387050594817506,0.41272399621769074,0.37210043985507574,0.49558902391547915,0.5539913437783545,0.1708740200857411,0.17267074830414086,0.39800571786021316,0.4412169243891286,0.38705060030309296,0.4127239940516715,0.32653207671475276,0.23351689598049702,0.3629453891294698,0.44848341166710165,0.449560827545472,0.40797837774371787,0.4713985543082585,0.45158204166839583,0.42777508705710016,0.4087378624674644,-0.044104012147485286,0.02532556778064279,0.24116228265936657,0.21747625030121784,0.1569019594520946,0.2007338414298714,0.22448048844888638,0.18964237131532674,0.17315356666780568,0.3043965649497601,0.38384849865007653,0.37602969927551083,0.40009817636031814,0.3852370931590445,0.44887327633335133,0.3908977459747922,0.3821685541997358,0.42099127541876563,0.02822263898104692,-0.02090905843040587,-0.2072743434491249,-0.18670726377860036,-0.15231376621671258,-0.17208648806645324,-0.11318193281027135,-0.1170563245212895,-0.1455051025190313,0.2726885900009313,0.3636884699744537,0.332483823878221,0.381299996688704,0.35590036940888264,0.42044911465535834,0.3982232032182875,0.39856504938996645,0.41949025220564623,0.011908396181402141,-0.034877233954171416,-0.1764361091036383,-0.15664936530727203,-0.12235578666065583,-0.1564292733157673,-0.1788431306687706,-0.14289370480039076,-0.1337360549903531,0.22637922680634318,0.33971889595587723,0.27635709922937784,0.30391468949080735,0.3319325316723547,0.3207107524157811,0.3028975536547478,0.30450782748091454,0.3370724296149241,-0.04829940906099941,-0.11667236627075238,-0.291142502988006,-0.2876589864267151,-0.22350387636757038,-0.30114415351417156,-0.32121086136070137,-0.28644814929476775,-0.2498937359456455
O1_std,0.03176032397726158,0.02951711295583795,0.03655497507847478,0.11561991737450811,-0.007597383848308152,0.03276518338941617,-0.05066011750549509,0.037617110709769856,0.035345463502334716,0.6423252585178846,0.637268911605405,0.8520432540494017,0.7858988789176337,0.8874251576199271,0.871456215559198,1.0,0.9206395335833503,0.8930379567989314,0.6423252608350168,0.6372689120510919,0.8520432501004356,0.7858988810766524,0.8874251606706732,0.8714562215321412,0.9999999999987426,0.920639528202517,0.8921851246806262,-0.1302686033916407,-0.10684468347554085,-0.09773304299728737,-0.13515955994882614,-0.2908094939920149,-0.28277261007081184,-0.31039129202335713,-0.25310644965444634,-0.21921430115412413,0.2557556286729081,0.2672188417656105,0.1838755325694869,0.27652069453908196,0.24980967175064087,0.23260237498426845,0.2767463062179298,0.29384134719658983,0.2562183149039396,0.631357281166647,0.6384174203386378,0.8367895657059086,0.7729733715734144,0.8662030632134147,0.8443717021624726,0.9736983830968184,0.8929666673102071,0.876576058407976,0.40215106936517675,0.4165186149377011,0.18625129314145192,0.1572412124274497,0.4287567461150101,0.3641247784851204,0.4446619186455245,0.43399936799466576,0.35797137045678706,0.40215107219592516,0.41651861075362345,0.18625129513534336,0.15724120539424338,0.4287567411814065,0.36412478175172236,0.44466192308080815,0.4339993675809221,0.31636119115564765,0.22692212668403158,0.2871073300184775,0.5280077439347417,0.5164914921743217,0.49850169326318633,0.4981605986233468,0.6143421853134231,0.5556459950575385,0.5005240899220341,0.09901364545168449,0.13236248816974494,0.33760316448261934,0.31771848072652153,0.26948440387314765,0.2879554432683089,0.3098894014335613,0.29158715579402944,0.2920247985697617,0.2016246452968786,0.24735452602297328,0.4294733006876208,0.42829376815974557,0.4370592432923714,0.43526707702465717,0.5218125521753358,0.48215323696204965,0.46478968181564606,-0.030074273483735096,-0.055611829813520836,-0.19009651435532002,-0.18057559971754575,-0.1501839636973512,-0.15680472296692344,-0.1307239433258964,-0.1279712621411645,-0.1510731868789964,0.15477398015383848,0.2014599395997668,0.26581329333945036,0.29445636523827823,0.3047618017606527,0.30505892477100455,0.5222022032620962,0.413913866463021,0.36112979705393616,-0.13585634626420215,-0.1451387870490683,-0.2886696073536256,-0.27158480532563906,-0.2401961609571231,-0.25580847571871324,-0.27123667481856717,-0.24844015319582913,-0.2549503555273523,0.10029635757554661,0.16210678206043797,0.1841910735665421,0.1939247563528359,0.24607910577384365,0.18545552035921625,0.43288172490667004,0.3620715247790057,0.24417424530665585,-0.14027507985328022,-0.16276899463237438,-0.3947502469862659,-0.3905314668837529,-0.33892189202012685,-0.3808686234851831,-0.44354807130045104,-0.39206477792180905,-0.36039512144768937
O2_std,0.0826333382326113,0.05292968421471817,-0.03747562915339,0.09260840043721083,-0.0031962392328427824,0.029142251716517752,-0.0943384542508825,0.023986280181899314,0.006994769747704207,0.6545217042925622,0.6976682971276655,0.8947584256773948,0.8167920286039905,0.9212751229674208,0.8753453255316174,0.9206395335833503,1.0,0.9229109733538788,0.6545217051469888,0.697668295743023,0.8947584223524567,0.816792029890125,0.921275123646604,0.8753453270760445,0.9206395319851814,0.9999999999988393,0.9130179048927359,-0.07588281065227001,-0.099237728652751,-0.16812124182412397,-0.1633215214164788,-0.30648445780374867,-0.28792352266360005,-0.32941566955050616,-0.28816973715442695,-0.2561679173925399,0.3038437852547176,0.3268879060281046,0.11161587632185405,0.2543973910959856,0.2574417126318205,0.2314408695966342,0.2159330806364941,0.2864861079993189,0.22916817887742985,0.6373291477871003,0.6984006408432558,0.8854304217761644,0.8119047900528075,0.9037799214043083,0.8669364044146277,0.913906972822686,0.9781257016033643,0.9153010064805068,0.4411152912762286,0.4881959557349305,0.2707152450912949,0.2594325613745832,0.4836827515256913,0.4231610780384805,0.4886651988047486,0.5009974430954713,0.42527769152909023,0.44111529672550764,0.4881959513654769,0.2707152469510258,0.25943255305166474,0.4836827512675916,0.4231610770927808,0.48866520571637845,0.5009974478629123,0.3855953840931036,0.20575092929977065,0.33011963444724446,0.5607287241901896,0.5546755368423104,0.5206056325725842,0.5394512723238771,0.6298635405298315,0.6524623947298704,0.5538740536127141,0.06798944905655643,0.15060550692953026,0.33738972043002485,0.3242618177982815,0.2692438168544393,0.2896471970135745,0.3184929141149847,0.3564788868254683,0.30590921744383825,0.23519108759286034,0.305869483656713,0.4941649178085438,0.4929202448609344,0.49297467261748396,0.5105725137463376,0.5593733453478565,0.5603118356441771,0.5348722185223713,0.028617396040664215,-0.04030402044280898,-0.1577126186733548,-0.159051206495215,-0.1103341026446121,-0.12834092108382003,-0.09123825227721535,-0.15394912021235738,-0.11794641754234293,0.13524486519726042,0.2244574651734571,0.27027618774801393,0.30304957535188715,0.2885121936386299,0.3241065586250708,0.48435146706069626,0.4154978122986352,0.3462222815333242,-0.13170984682916642,-0.1909944073421997,-0.3280453042143566,-0.3122682754421075,-0.2824929347548643,-0.2926999310955091,-0.31564649397634137,-0.33189010030341726,-0.3111298445002688,0.07333143928303973,0.19105761233436883,0.22101597164639655,0.22875929862996827,0.26521130635946605,0.23212540572134122,0.4405155340309945,0.3902423843668781,0.27255220471654623,-0.13840643569673744,-0.20369005902234058,-0.41807729227245294,-0.4194539185475234,-0.3571198743711944,-0.40715554998348713,-0.4504176023682955,-0.48145879981549927,-0.3950135056040738
avg_std,0.06546443291478052,0.05321993441511821,0.023692569116995917,0.1515958405904618,0.025432206842295735,0.04441928369308158,-0.05805536800919197,0.04956586740132042,0.05759521426102696,0.8112330862711522,0.8572158143597136,0.96719144051191,0.9335845030203064,0.9484017533549748,0.9680652130964873,0.8930379567989314,0.9229109733538788,1.0,0.8112330883613948,0.857215812629171,0.9671914384661886,0.9335845033781545,0.9484017516759494,0.9680652140666759,0.8930379558176956,0.9229109709860659,0.9929773427069918,-0.15076915839985372,-0.16556398453361074,-0.12007242832888904,-0.13257190057469706,-0.2737586084154107,-0.2978209976768985,-0.2725868031116124,-0.23226047511412215,-0.22167515219551878,0.3620364141832839,0.3961398869403428,0.18992620800292365,0.3377007790064328,0.29731327109398176,0.26782237878211357,0.23618649522523247,0.2959537823469895,0.3004586454143985,0.797025759460845,0.8580080688717702,0.9408491956135775,0.9071582345672763,0.9189527183904733,0.9456019116537486,0.8669366912816907,0.89073943186975,0.9732114267241257,0.5168260876505171,0.5786058312863078,0.22649924921252945,0.21111950119230222,0.4415272313615264,0.4406639547587231,0.41137543885903727,0.46203075596635046,0.4052267306415003,0.5168260916213521,0.5786058281278051,0.22649924666778679,0.21111949445789652,0.4415272295183142,0.4406639564130037,0.4113754452085616,0.46203075421331397,0.361040443995598,0.26662364480529277,0.4118978025928714,0.500355639963226,0.4905832210030056,0.4640308814683778,0.4946964143526818,0.5148404227953871,0.49533444135192184,0.4809867949253515,0.0005640468300590319,0.07970275991569534,0.273329926723865,0.24862161892685772,0.19969178196656298,0.2163005933933322,0.27382263899966947,0.24673198332732976,0.22164236732833142,0.3331822759153552,0.41244941410032027,0.43055813644042595,0.44004649825794934,0.4407098396671621,0.48285176719512723,0.43674870606603167,0.4296773082718578,0.47248153812297333,0.019314694488950034,-0.04426689823266922,-0.19986608017145016,-0.18192797415153145,-0.14893710118035153,-0.1497644466817383,-0.12518752779515632,-0.1384635432252493,-0.1466827120203986,0.2680378012059146,0.36780394215855783,0.3340416674628545,0.36968366935091396,0.35274109074257926,0.4058921513415725,0.4037673649734418,0.3954339846274647,0.40756155446199144,-0.04441356241073679,-0.10065493597661196,-0.22654036756927826,-0.20612532575471829,-0.18229629339819992,-0.19171342063208938,-0.24038742587898135,-0.20585557223660111,-0.19709339299021086,0.2195221845499961,0.350501509868613,0.28208905465439527,0.3006553586908912,0.33162704077073546,0.3146882315495061,0.32560136522415023,0.31544658487042615,0.33956697490185017,-0.10010066774313384,-0.16860542448128107,-0.34159121126119385,-0.33092516478648576,-0.28182292584328317,-0.3289785878905312,-0.3779311127571691,-0.353316331032718,-0.30842277401583407
Fp1_variance,0.15852069897308194,0.14540186321371865,0.07670573304246923,0.2276903623409292,0.1678071576024156,0.08622991100606542,0.054395261980546554,0.1778794073447264,0.19061101694613125,0.9999999999988393,0.8686224231908295,0.7527172690020585,0.7266673562584367,0.7549949646434976,0.7779897025761459,0.6423252608350168,0.6545217051469888,0.8112330883613948,1.0,0.8686224183011944,0.7527172634448441,0.7266673561129082,0.7549949616483902,0.7779896976227748,0.6423252612864175,0.6545217033120996,0.799245403528434,-0.0960416406785939,-0.06694830546624761,-0.023168364618678435,0.013838635561470223,-0.055569455579808365,-0.17333730321357868,-0.06953402371988605,-0.006657202296895579,-0.026695629089759056,0.519257413740105,0.488195271718802,0.19584753398409746,0.3625751877858123,0.37458669975829667,0.2414558765936367,0.25253153043030024,0.33286431649661263,0.3715519883038981,0.9593578201932882,0.8421856751242303,0.7146869329493147,0.6861341050291521,0.7177593261938535,0.7502251100955728,0.608203057211446,0.6189140909571569,0.7746896831070389,0.6248747846655655,0.6000973116365194,0.15252339030606454,0.14571369984521798,0.25634678661978516,0.38642352003414965,0.22508391896744886,0.28594411690064253,0.29314866627250935,0.6248747815636647,0.6000973137909796,0.15252337861594423,0.14571369459043765,0.25634678472140676,0.386423519653954,0.22508392477682276,0.28594410700919864,0.2567787803156742,0.33856430889915873,0.36005144708603803,0.23000165288061056,0.2097768504656471,0.23367901012362668,0.2459937948098295,0.20059777957456634,0.17776134298790291,0.2554912132395209,0.035358264884930164,-0.0014040909113814187,0.10371595657671631,0.07868973175769198,0.07417728220086559,0.07135833407839395,0.09041625365403187,0.06451551202700498,0.07114202802276898,0.3885004009625946,0.37105938083407897,0.18696147045930667,0.1863559139031403,0.2204152705240374,0.24736072656747132,0.1561670654706254,0.14696264717386423,0.21449581630424663,-0.03260593540545373,0.0018323692000935792,-0.12339316938648459,-0.10153397508272644,-0.09971084964130357,-0.08329762704419592,-0.08466800226468027,-0.08006686222662683,-0.09892055612060843,0.39471483023143983,0.38267177362908344,0.25139113320232087,0.2518290295821442,0.27221052393166545,0.30072563743121034,0.22127592900847215,0.23971627633295858,0.3073165989308794,-0.037080850706929805,0.003735446066585119,-0.019640323646259537,-0.012065412423382996,-0.019595426745861656,-0.02341493434134263,-0.02443538601726418,0.004213754614586074,-0.0032903075187123727,0.3966519730639831,0.41139445056479507,0.20526609172148838,0.2008014058467734,0.26062077850502746,0.24579159046957588,0.12151894981424631,0.11397555008939822,0.24685983927475133,-0.11565102343286882,-0.07618238114168159,-0.11992387146362106,-0.11071298716196022,-0.10162300966492979,-0.13035683582179824,-0.1447933115573998,-0.12369564344392517,-0.12065790000875401
Fp2_variance,0.09672467981247469,0.08079924917524853,-0.012074573395151332,0.18537772045235099,0.07678462081890848,0.03698222639388229,-0.027104959449624398,0.07338801949412424,0.0730995339443264,0.8686224164023317,0.9999999999985492,0.8337538667077913,0.8132798971737942,0.7899118515240301,0.8298315587985234,0.6372689120510919,0.697668295743023,0.857215812629171,0.8686224183011944,1.0,0.8337538638240922,0.8132798958301395,0.7899118460542488,0.8298315554337435,0.6372689110806198,0.6976682949972459,0.8326927411765745,-0.1228117944245609,-0.18007329656239854,-0.11623586852748354,-0.06051706952563131,-0.1623831394594847,-0.247590632977253,-0.1501662054878856,-0.12761022230325836,-0.1572111926160042,0.41078339050849416,0.47952284748407314,0.12073045524181236,0.3345549349289671,0.28854533768050433,0.2064495712927525,0.1682781247909591,0.23589680536107088,0.2609039890159794,0.8231659409479836,0.9693564913685789,0.7910475269238639,0.7678101000747365,0.7441609873523038,0.7977480868093123,0.6038638903319978,0.6609552652571717,0.8155264808898693,0.6185256478656116,0.713983153176565,0.25141663408750925,0.20780325556808302,0.3866094510989433,0.4595212074933466,0.3198924591468746,0.40772641283225314,0.40931851532902586,0.6185256553451786,0.713983153540546,0.251416622224908,0.20780324795676255,0.3866094494387849,0.45952120510019356,0.3198924647420141,0.4077264037431557,0.3739015766948309,0.17246756606489214,0.4260272472452123,0.2456090645271026,0.2368408517899482,0.21446813104186283,0.26034651166776696,0.23022463057928674,0.21708695313018822,0.2332250070161772,-0.11740925839847358,0.00691901791532434,0.07262402588272432,0.04541663058844855,0.01821444945097104,0.02568057216387493,0.09789178549031552,0.060253291349906694,0.03236776957035624,0.3210509701212073,0.46312599743008265,0.2655854694603835,0.28562827036408717,0.2740562205403081,0.34860457760305635,0.23882338347973145,0.23962921648772698,0.30686986515241865,0.10662383051436512,0.009870293913334282,-0.0660685595831131,-0.04171798666319757,-0.024182477665837167,-0.01185039805304359,-0.018973481150232036,-0.021816160196094215,-0.014623868044759802,0.29028813714024515,0.4443439419372892,0.27312068351608876,0.30416055992647967,0.2711472704008517,0.3529750855832098,0.23598506156308122,0.2792365267618311,0.33230200896722645,0.08170777859387734,-0.02315058796629804,-0.03875417459320275,-0.018563292982484242,-0.014207447249893337,-0.014013131067152892,-0.07200136188330364,-0.031180810478729407,-0.021355997787040233,0.27800656020636866,0.46322362915434623,0.24568091146255544,0.267025254901135,0.27817071514978553,0.29685498694144385,0.14986998180295186,0.16936374667276158,0.29077224485730335,0.009127626832589086,-0.11630699548355686,-0.14075190936706414,-0.12788889245839732,-0.09610312629102823,-0.1418964318833561,-0.1887129465312799,-0.16559498376854467,-0.13373203226334204
C3_variance,0.04943880032712705,0.030778819696142518,-0.00015259683066147118,0.11843012703556152,-0.00982422733225979,0.010904886612344998,-0.1010605118554453,0.001326930749873276,0.009711943325330307,0.7527172601506905,0.8337538651114058,0.9999999999986459,0.930570433899342,0.9587547414419028,0.9475993196700063,0.8520432501004356,0.8947584223524567,0.9671914384661886,0.7527172634448441,0.8337538638240922,1.0,0.930570433556508,0.9587547415317973,0.9475993205111781,0.8520432460899482,0.8947584221915653,0.9468477460539034,-0.14821196864192765,-0.1809202552269541,-0.14777003037470895,-0.1665015404650099,-0.31467722912895496,-0.3245618416643519,-0.303176379168943,-0.26945581703490157,-0.2599274593610207,0.3277527998309741,0.3715458384063947,0.1707589449705625,0.30620857910751875,0.264989600586861,0.23388763223564069,0.1830951720128489,0.2412743944146001,0.24398456358077608,0.7319270918066019,0.8306729583610766,0.9704931334024371,0.9026576966843147,0.9235290324274339,0.9254636727487126,0.8297880825012136,0.8636991918038622,0.9418491814169422,0.49824781596244916,0.5783704391812797,0.24426425367066434,0.2472472863527992,0.4786194154416679,0.46137494122927125,0.4513560228442114,0.48833191350669003,0.43410103454588345,0.4982478221175753,0.578370435600664,0.24426425389497908,0.2472472773592001,0.47861941277141434,0.4613749462960286,0.45135602798326907,0.4883319125816095,0.38835051157993494,0.20663260512573567,0.37558122429386026,0.5242144306930024,0.49680284493091637,0.4672158821994614,0.4917859629714959,0.5141932986668427,0.487408989513539,0.4572232673654215,-0.047754578558938734,0.0545687417818853,0.28233189925339597,0.23954105038718523,0.19504328228122425,0.19579633534420487,0.26900600787100803,0.22964941761125574,0.20467982554462563,0.311274348354635,0.40435401387026293,0.46350477663441625,0.4663214291903856,0.46065240208723796,0.5108780352470245,0.45997016808692587,0.45258381468670505,0.49182470091583724,0.07139577513945396,-0.00783018898818986,-0.196872767415217,-0.16300873705984456,-0.13162460614048224,-0.11825749216762835,-0.0970528484040669,-0.09808454772156058,-0.11341736932368346,0.2225680911066982,0.34729851820549756,0.33905278339099876,0.37446992950443914,0.34167098288844006,0.41681688191889166,0.39542563394566516,0.3884230733365282,0.3925195502468665,-0.0071418412192591095,-0.08836543064907064,-0.24962526228034462,-0.21107537418980105,-0.19255080467946079,-0.18370046484710967,-0.25296196853063135,-0.20797003310920534,-0.2027569924867147,0.1552531815492465,0.3139442856665464,0.2840536343746189,0.29768148796196015,0.3196766310120248,0.31620107770007,0.3228771937039807,0.3116801425426432,0.32055400624156133,-0.06516990912990328,-0.15644604346927413,-0.364927002394102,-0.33898013200660215,-0.28898153636824847,-0.32588922884130994,-0.3757179827072786,-0.3433220525865256,-0.3053336343629786
C4_variance,0.0349933125440941,0.04622280844444303,0.06271356008669872,0.12267414068106255,0.012425327998442004,0.043364883617510785,-0.023091413401377745,0.05658269602652189,0.06079725125597529,0.7266673548826733,0.8132798993767583,0.9305704310191054,0.999999999998936,0.8557251283795098,0.9351942359623862,0.7858988810766524,0.816792029890125,0.9335845033781545,0.7266673561129082,0.8132798958301395,0.930570433556508,1.0,0.8557251259461005,0.935194240138784,0.7858988786215544,0.8167920257008255,0.9329758740043695,-0.16771326189067595,-0.1845652129577548,-0.09025479733968687,-0.18338978609620993,-0.25428525869972457,-0.2970473993515548,-0.2147946804288969,-0.19299211516430728,-0.20368632641863316,0.3178647868309091,0.3844309410486017,0.2347928641054793,0.33388434950609497,0.2658367678287733,0.26675566865033057,0.2269133677197557,0.2844706757665608,0.29403899990965365,0.7385071211643662,0.8320231022833787,0.9071927442799043,0.9724054718721746,0.8375768712859717,0.9154963401475436,0.7591680604822185,0.7885707621504113,0.91188956590604,0.3928363032890447,0.49067806202103803,0.17211605372627606,0.18655323783184607,0.3774277422421789,0.35628866809013215,0.3499324287091951,0.37127989344299456,0.33009207307605587,0.39283630655913343,0.49067806033322026,0.17211605071305472,0.18655323285344605,0.3774277416872222,0.3562886683562961,0.3499324329737427,0.3712798937549395,0.28891426119626185,0.23881365050071476,0.39481826035582823,0.4619366651827757,0.46881800272075863,0.4273113247295835,0.46402330324659624,0.4440281901786399,0.41860523959715185,0.4115459572226935,-0.09964573421499275,-0.013554230266554217,0.1942326076284044,0.18983293876058835,0.11855576162798188,0.14482583342002617,0.23944206415611574,0.17176405185451546,0.1407355987174306,0.3632788981993409,0.4501633684653,0.41920077282870977,0.44087043009673454,0.43523592599642663,0.4879846088789239,0.36824996531287424,0.37391659114308207,0.4483848040807613,0.05989543845286274,-0.013016550915606408,-0.20723285928208235,-0.19808745859493143,-0.15411012896714307,-0.14921949777700347,-0.13754713715491249,-0.12208889972431547,-0.14489163399048838,0.31528518331131966,0.4255884058141112,0.4153635287432118,0.4493766658166605,0.43340524123758284,0.4769091790399968,0.33977427608352107,0.3932771630788478,0.4592191968803225,0.06557366587379554,0.00011276969499262011,-0.14611885551361556,-0.14289985394057453,-0.09774362380869486,-0.11682092382722792,-0.19694345007013794,-0.13646530300407422,-0.1189607401704668,0.2558404189283516,0.3988951562082366,0.3748889491571142,0.40064530285250133,0.4204619689329076,0.4000216167452891,0.2647750831921147,0.30828964405033643,0.41498985998583404,-0.034759980375611316,-0.10766361764225278,-0.27658633253446846,-0.2730708552300963,-0.21766293168977685,-0.264620206408597,-0.3184676070495695,-0.2719573965986897,-0.23984803942070604
T3_variance,0.11341875242427657,0.09578457397009164,-0.031351350661686754,0.1338223428386573,0.040843246360105785,0.04931963180284717,-0.10015281154792154,0.03392058522463742,0.042020075995716846,0.754994958928599,0.7899118394287227,0.9587547464593698,0.8557251286021734,0.9999999999991295,0.9095561636158175,0.8874251606706732,0.921275123646604,0.9484017516759494,0.7549949616483902,0.7899118460542488,0.9587547415317973,0.8557251259461005,1.0,0.9095561644930008,0.8874251606354226,0.9212751258059657,0.9211012777576936,-0.06950679078320535,-0.08343600707610074,-0.16622174233825887,-0.1333421837679977,-0.28672504934891313,-0.27649483875732445,-0.31306869853409214,-0.24910342920934614,-0.2295451404036928,0.3743918788569173,0.41186901877661,0.12753303395448592,0.3001820794623614,0.3193073354638217,0.25840829206494575,0.20490250287634745,0.2763596031897629,0.2674279668800507,0.725148092631529,0.7821565563537913,0.9364245503956681,0.8376080966868484,0.9699252508536796,0.8952122330739696,0.8716276901757484,0.8946628261202538,0.9320682725915563,0.5290578033145025,0.5923005202365796,0.29986312459377107,0.2923064891782622,0.5102380530414508,0.48810498004646863,0.47214415753142924,0.5277726987308069,0.4636491030584933,0.5290578095311137,0.5923005143542576,0.2998631258657596,0.29230648056376013,0.5102380508371965,0.48810498494798654,0.4721441621282217,0.5277726991132409,0.4152418392422694,0.21975958299521187,0.35590672539445223,0.5489620018569953,0.5251079889332423,0.5224100495580465,0.5181417783178507,0.5611664062270849,0.5339683244452698,0.49580011392978834,0.029575944826915897,0.12438774952362913,0.3290071049003698,0.29967463418344437,0.26921932634045836,0.26270968254888455,0.29406560189056624,0.2842131203558838,0.27414680012796305,0.2879899475136649,0.34605026824872215,0.4811892271632344,0.47089207856038173,0.4931137880742437,0.5035246593470949,0.5029670208170284,0.48599085366661104,0.5015003821287883,0.05620285998558496,-0.024360203952532352,-0.16667579113244474,-0.15324169073341648,-0.1247959328651302,-0.11766906559527711,-0.07527497765176144,-0.0928130378132675,-0.10413355668252326,0.18436477610995247,0.26603962120435554,0.27401212875003206,0.3001119802803251,0.29721655406496567,0.33564965866943536,0.42689073272004135,0.3683010646442236,0.3277845954914595,-0.09589538321609725,-0.17172065408237944,-0.31056538088626834,-0.2830946751941873,-0.27694776139597677,-0.26440204643561743,-0.2897676912701378,-0.2639720636417507,-0.2794985015020762,0.13693730961802758,0.2536160581375574,0.22618650242704658,0.23049257672223317,0.27922250092933004,0.2485910259170416,0.3740174436428345,0.31270258498983816,0.26016857836227847,-0.11420224421170591,-0.18644682357805673,-0.4040609583601242,-0.38825701964716064,-0.3534407672954268,-0.3776370548751889,-0.4025180643135253,-0.390770071441726,-0.35834973265226405
T4_variance,0.029213309765748745,0.026383250876527063,0.05785010657901228,0.1539572091762496,0.019223526390661848,0.014284983421325278,-0.043154459961610506,0.03989441967533529,0.05530809964226344,0.7779896944574849,0.8298315592280022,0.9475993207983942,0.9351942396018004,0.9095561647984802,0.9999999999988393,0.8714562215321412,0.8753453270760445,0.9680652140666759,0.7779896976227748,0.8298315554337435,0.9475993205111781,0.935194240138784,0.9095561644930008,1.0,0.8714562223227468,0.8753453229449403,0.9615509687355406,-0.18264681224630766,-0.1832604588413748,-0.085902036993754,-0.13048030685206302,-0.26496097266762336,-0.3341817598302693,-0.2527349901051977,-0.223171518647014,-0.21360279417187356,0.32432330916420454,0.352888093339554,0.2219705247722156,0.34481099140252647,0.28119930149891254,0.24674188374473158,0.23747826007380862,0.2768971916822509,0.29115178245696033,0.7651238659281959,0.8252548018240148,0.9107637050547325,0.8992474328836456,0.8713480736031909,0.9631859536798539,0.8350389330327301,0.8367720226447626,0.9316663665109864,0.4955890213645658,0.5539913409740145,0.17087401914369388,0.17267074937938634,0.3980057236379018,0.441216915641574,0.38705060352295256,0.41272399989161335,0.3721004400308295,0.4955890227702442,0.5539913394490408,0.170874021725892,0.1726707461559115,0.39800572102846243,0.4412169175902885,0.3870506090085396,0.41272399772559404,0.32653207743433654,0.23351690190247545,0.3629453983083131,0.44848342717099937,0.44956083828347493,0.40797839276788495,0.47139855762637667,0.4515820593287054,0.42777509832672717,0.40873787644331216,-0.044104005312583405,0.02532557347866775,0.24116229763549316,0.2174762590878523,0.15690197254135138,0.2007338403548944,0.22448050869263877,0.18964238095414074,0.17315357827771918,0.3043965690315642,0.3838485074387102,0.37602970524999807,0.4000981834908584,0.38523709897856917,0.44887328519583347,0.3908977498661722,0.3821685573111223,0.42099128145086695,0.02822263420294355,-0.020909062883277686,-0.2072743583838789,-0.18670727360661307,-0.15231377853448466,-0.17208648559032244,-0.11318195350088825,-0.11705633375274885,-0.1455051133006029,0.27268859256996203,0.3636884768136828,0.3324838301754206,0.38130000382777074,0.355900379097672,0.420449123479172,0.39822320659256355,0.3985650496200599,0.4194902569946234,0.01190839129381732,-0.0348772408942503,-0.17643612052203136,-0.1566493748139835,-0.12235579392721473,-0.15642927576823615,-0.17884314726046666,-0.14289371397863068,-0.13373606688834777,0.22637923218840145,0.33971890841433755,0.27635711261007495,0.303914702650367,0.3319325414971597,0.32071075749133776,0.30289756525159955,0.30450783367773393,0.3370724420468835,-0.0482994118706651,-0.11667237167049972,-0.29114251298424143,-0.2876589920457052,-0.22350388803954316,-0.3011441591695203,-0.3212108725234318,-0.28644815796547085,-0.24989374439622802
O1_variance,0.031760322030534444,0.029517114655303246,0.03655498049763994,0.11561992560198392,-0.007597378956859857,0.032765188315666376,-0.05066011748438427,0.03761711782106289,0.03534546819682767,0.6423252589692854,0.6372689106349329,0.8520432500389143,0.7858988764625356,0.8874251575846765,0.8714562163498035,0.9999999999987426,0.9206395319851814,0.8930379558176956,0.6423252612864175,0.6372689110806198,0.8520432460899482,0.7858988786215544,0.8874251606354226,0.8714562223227468,1.0,0.9206395266043481,0.8921851239905367,-0.1302686031215181,-0.10684468135679813,-0.0977330363797161,-0.1351595516817646,-0.29080948547909674,-0.2827726067965894,-0.3103912900867482,-0.2531064401638379,-0.21921429496325026,0.2557556285334986,0.2672188416736881,0.18387553937505452,0.2765207036185414,0.24980967469709078,0.23260238286676213,0.2767463066217246,0.29384135449908355,0.25621832136309547,0.6313572823534626,0.6384174205436788,0.8367895587323175,0.7729733675495201,0.8662030588699886,0.8443717035255169,0.973698378788839,0.8929666640254365,0.8765760551169263,0.40215107712610015,0.4165186210177094,0.18625129353368336,0.1572412036916424,0.4287567483505324,0.3641247859406009,0.4446619153976301,0.433999368589709,0.35797137318061756,0.40215107995684857,0.4165186168336318,0.1862512955275748,0.15724119665843608,0.4287567434169288,0.3641247892072028,0.44466191983291375,0.4339993681759653,0.3163611921749889,0.22692213223542615,0.28710733224226775,0.528007742796986,0.5164914941010516,0.4985016943482134,0.49816060388636607,0.6143421897567283,0.5556460007617949,0.5005240941912872,0.09901365294559678,0.13236249381191448,0.3376031773475262,0.31771848978671235,0.26948441703223186,0.2879554582947805,0.3098894161307662,0.291587170431273,0.2920248115116847,0.20162464226944404,0.2473545229562458,0.4294732828280785,0.4282937549836871,0.4370592277571563,0.4352670639132084,0.5218125386486964,0.4821532245402361,0.46478966730029875,-0.030074282283678068,-0.05561183770132326,-0.19009652872081195,-0.18057561089030344,-0.15018397876896383,-0.15680473995564642,-0.13072396175527223,-0.12797128229014038,-0.15107320404415078,0.1547739756225274,0.20145993921508595,0.26581327621684747,0.29445635822896743,0.30476178690239164,0.3050589177631396,0.522202195532452,0.4139138649333859,0.36112979133434053,-0.1358563525650755,-0.14513879034639474,-0.2886696106073559,-0.27158480481498676,-0.24019616483147216,-0.2558084783044682,-0.2712366785650292,-0.248440155727034,-0.25495035784981884,0.10029635915155502,0.1621067836803302,0.18419105914631564,0.19392474342934615,0.24607909438711478,0.18545551336291954,0.43288171152806465,0.3620715101455087,0.2441742320339602,-0.14027508534493993,-0.16276900147625567,-0.39475024700000355,-0.3905314722350386,-0.33892189421139207,-0.3808686274058927,-0.4435480780136162,-0.3920647878060713,-0.36039512651248656
O2_variance,0.08263333634640216,0.052929684100260346,-0.03747563639293846,0.09260839642379302,-0.003196239797625291,0.02914224987580099,-0.0943384560361035,0.023986273048714014,0.006994764582713773,0.6545217024576729,0.6976682963818884,0.8947584255165035,0.816792024414691,0.9212751251267824,0.875345321400513,0.920639528202517,0.9999999999988393,0.9229109709860659,0.6545217033120996,0.6976682949972459,0.8947584221915653,0.8167920257008255,0.9212751258059657,0.8753453229449403,0.9206395266043481,1.0,0.9130179014793183,-0.07588281135726337,-0.09923772965555082,-0.16812124833824682,-0.1633215218226341,-0.30648445772512584,-0.2879235234167367,-0.3294156677701657,-0.28816974377294446,-0.2561679207820647,0.30384378353426555,0.32688790458543676,0.11161586876099115,0.2543973873843563,0.25744171326841975,0.23144086500181119,0.2159330791484294,0.2864861005401105,0.22916817128003308,0.6373291435001146,0.6984006372810043,0.8854304195116767,0.8119047817398788,0.903779920310681,0.8669363973031033,0.9139069661032624,0.9781256992508022,0.9153010016522736,0.4411152871846472,0.488195955737549,0.27071525202311864,0.2594325606108759,0.48368275362494967,0.42316107995999136,0.4886651992107151,0.500997451692013,0.42527769340494503,0.44111529263392624,0.48819595136809535,0.2707152538828495,0.2594325522879575,0.48368275336684996,0.4231610790142916,0.488665206122345,0.5009974564594539,0.3855953877940117,0.2057509264007666,0.33011962006309103,0.5607287195096696,0.554675535003997,0.5206056301578023,0.5394512712381024,0.6298635421792284,0.6524623952278252,0.5538740517072732,0.06798944808693341,0.15060549191018316,0.3373897123431306,0.324261816563093,0.26924381742709574,0.28964719612023654,0.3184929071741136,0.3564788838393232,0.305909211622,0.23519108574680078,0.3058694794611327,0.4941649161542388,0.49292024195905537,0.49297466898570885,0.5105725114667847,0.5593733531500487,0.5603118378269626,0.5348722190629539,0.02861739555682308,-0.04030400826824385,-0.15771262049403753,-0.15905120798219152,-0.11033410562178096,-0.12834092231023395,-0.09123824522524099,-0.1539491234731022,-0.11794641513514591,0.13524486025834145,0.22445746343090087,0.2702761946403736,0.30304958252531417,0.28851218979707755,0.32410656674872396,0.48435147175241033,0.41549782144521175,0.34622228946564,-0.13170984929270668,-0.19099439560300854,-0.32804529162950535,-0.31226826668201335,-0.2824929323938069,-0.2926999240314238,-0.31564649108597886,-0.33189009509722633,-0.31112983721176796,0.07333143693777339,0.1910576134152701,0.22101597453412608,0.22875930035833297,0.2652113050004056,0.23212541142882692,0.44051554528889636,0.39024239142205513,0.27255220903714805,-0.13840643648865136,-0.2036900453130225,-0.4180772879249473,-0.4194539168572795,-0.3571198725337694,-0.4071555483079528,-0.45041759649211,-0.4814587966048768,-0.39501350105132854
avg_variance,0.04269086995434334,0.041184347498344945,0.06197839742693909,0.15421386087313357,0.01971647627000092,0.048762340017230406,-0.0377487194763149,0.057622681980590854,0.07090813942815474,0.7992454024338794,0.8326927437282918,0.9468477481883958,0.9329758736861787,0.921101280718511,0.9615509669344686,0.8921851246806262,0.9130179048927359,0.9929773427069918,0.799245403528434,0.8326927411765745,0.9468477460539034,0.9329758740043695,0.9211012777576936,0.9615509687355406,0.8921851239905367,0.9130179014793183,1.0,-0.17549832092839457,-0.17682628829073058,-0.08343715957168862,-0.12846832246394985,-0.26518457570516657,-0.2916187112178393,-0.25314434474920416,-0.21625900683492538,-0.2048454782078991,0.34104356440809297,0.3731467791357381,0.22789267195471893,0.34270115118860145,0.28790584526778806,0.2714575517523388,0.2517235108341241,0.3054977173131124,0.31597174998134375,0.7949026390701602,0.8410990918432292,0.92262787998365,0.9073085274381283,0.8943995491395338,0.9378224690260386,0.8634930936999239,0.8794365037622994,0.965389079410079,0.48099364340915735,0.5364200011833655,0.18040285853423677,0.17094586141749518,0.4090885367199514,0.39892837928378905,0.3788874017878917,0.42763366060823416,0.36716024937720215,0.48099364397236594,0.5364199981835225,0.18040285547805937,0.17094585461157424,0.409088535078635,0.3989283811743235,0.37888740845199803,0.42763365987162333,0.32273197273191667,0.29212476136279636,0.41899289911692217,0.4960526210880851,0.48617231233516456,0.4636888755133122,0.4936575891924104,0.5087064760301463,0.4898536702094184,0.49297883163595113,0.013666392654602717,0.07571124338414535,0.26998573521058256,0.24581690350211388,0.199277779777043,0.21825236688358285,0.2735820106415422,0.24722428823351578,0.2214310655114713,0.345067588619102,0.4187357173833923,0.4181828939641178,0.42780005100952984,0.4296240119018362,0.46942321960200356,0.418574838691602,0.41201040269817046,0.4642227263759509,-0.008766095870931568,-0.05895482725264546,-0.219118313652623,-0.19990738607880512,-0.17219712801765502,-0.17245888224198277,-0.1478022412275823,-0.15949730365725256,-0.1726840075391469,0.292661445856391,0.3875364859304544,0.34681523961259464,0.3810275410967431,0.36813304882220316,0.41494933357825636,0.39108952788021606,0.3877524883524039,0.41842649976773233,-0.04718605087237847,-0.08475290782711405,-0.21454307174179837,-0.19495489768761914,-0.17079017072765815,-0.18340598172549183,-0.234102695583195,-0.2026992200051027,-0.18651500834280946,0.24141934182934915,0.36341177046005135,0.2941676837103114,0.31293991181880726,0.3440351585588258,0.3220080176704449,0.31261071323100975,0.3104997797331297,0.35555943551479374,-0.11154685408402756,-0.16596375675435693,-0.3314056895061316,-0.3193432144894705,-0.27535398958366664,-0.3218555984468603,-0.37038639694916664,-0.34348353975436385,-0.29848314199565207
Fp1_min,0.9024891104246798,0.7657148169449053,-0.023585469045336063,0.37574730424630826,0.6326249883183198,0.49380539765384,0.3307747086700131,0.4171925520787743,0.5797479373081524,-0.09604163863273386,-0.1228117946832645,-0.148211970809444,-0.16771326074703444,-0.06950679476151843,-0.1826468061218417,-0.1302686033916407,-0.07588281065227001,-0.15076915839985372,-0.0960416406785939,-0.1228117944245609,-0.14821196864192765,-0.16771326189067595,-0.06950679078320535,-0.18264681224630766,-0.1302686031215181,-0.07588281135726337,-0.17549832092839457,1.0,0.8609084384992708,0.0343914703417804,0.365209496293146,0.5816295353012726,0.5047433923063679,0.37890138015411273,0.42961374799465973,0.5776689458191264,0.6733222640163028,0.5843740187986419,-0.08712742440924817,0.32380104656839637,0.5178224587347552,0.42355948081027744,0.2580180191339887,0.3075105019052188,0.46827943568768254,-0.10978785944805208,-0.13458989842207192,-0.12809740384615195,-0.1452561541885279,-0.03259583319731239,-0.14942809104933608,-0.10521882860044292,-0.0515516894377835,-0.12077971565234107,0.1273539200623693,0.16993888683108546,0.23713258190228617,0.1096052971478979,-0.20166503410179262,-0.02811220321895035,-0.0074265023311753525,-0.024151700778040585,-0.02229389154796698,0.12735392510418456,0.16993887964866194,0.23713258156598407,0.10960529512266821,-0.2016650350011709,-0.028112207569856374,-0.007426493609656161,-0.02415169934008997,0.0042011949214740465,-0.10089238655776908,-0.10456596577507651,-0.0022160529368921685,0.00939883474533334,0.058088286520070594,-0.00010021667233279197,-0.01042819754221353,0.03187140680055155,-0.016748260070208736,-0.02612892951785555,0.009722323156924537,-0.03570718427169818,0.00352214220521271,-0.005917352959764924,-0.0006523926835563549,-0.019761834999500176,-6.40638267462488e-05,0.01563200081536339,-0.011522144619208557,-0.08835274524659671,0.056006923650918576,0.046157195702426816,0.1256140988189567,0.03509931418800847,0.02097419465316812,0.05260155575280358,0.015204684083063231,0.16857664386154814,0.09434379620872912,0.14456372436681214,0.11955769923497025,0.14500254164562626,0.12055111547739801,0.1335893880230706,0.08390382989843534,0.1431486649739461,-0.047922007991370204,-0.14725279819836415,-0.03832385210313536,-0.06607068148615655,0.03149119137114489,-0.09024820238207897,0.028061507438617784,0.04833369010591472,-0.03399436961598503,-0.008729166205435856,-0.06375839569688599,-0.00836943485016341,-0.04116755123540458,-0.04276189637904421,-0.06019014844008382,0.004208138284690927,0.01025085034644301,-0.042336711122461096,-0.04846370252044903,-0.10567917224499596,0.07758152531863902,0.016661199089242795,0.11175802299592291,0.054331354309342474,0.12574828167358412,0.10306962446518464,0.03865983505797826,-0.004030298363462532,0.012867588308646791,0.01413105673276084,-0.033636149569023104,-0.03879875039989583,0.002133828801506031,0.04518913346772087,-0.03155294166256826,-0.04686346241085087
Fp2_min,0.7959444993464501,0.8882236676862245,0.09150452642264158,0.40813901287488275,0.7435797099183435,0.46761346794384867,0.48066249446089826,0.494238877259424,0.6708866370214366,-0.06694830503133456,-0.18007329850053475,-0.18092025075425364,-0.18456520998339085,-0.08343601036679926,-0.18326045089207252,-0.10684468347554085,-0.099237728652751,-0.16556398453361074,-0.06694830546624761,-0.18007329656239854,-0.1809202552269541,-0.1845652129577548,-0.08343600707610074,-0.1832604588413748,-0.10684468135679813,-0.09923772965555082,-0.17682628829073058,0.8609084384992708,1.0,0.139811826913968,0.3955867516865486,0.7017147351147274,0.48126580850622613,0.5013638686991814,0.5313497335226771,0.6599700649146667,0.6010166898426265,0.6294786875112796,0.03446828263347419,0.3582845329727257,0.6219774523067849,0.38206348424377984,0.4061103739340397,0.39503552869959774,0.5603127317367275,-0.061548405988928065,-0.18829615556362597,-0.16401774804146205,-0.16762912719971773,-0.050907811559670835,-0.1620495711502465,-0.10046084352577297,-0.08779972049707996,-0.14400145980802231,0.10390936879910022,0.16009728127693248,0.14762831294796744,0.025455974558900373,-0.2672952544944341,0.0011983437498352565,-0.13623836246130208,-0.08485740152929828,-0.0560594476553316,0.10390936843075296,0.1600972781317712,0.14762831893485867,0.0254559752049921,-0.26729525815074257,0.0011983452346780036,-0.1362383635846585,-0.08485740090380091,-0.04440879194476093,-0.021285993407831383,-0.1466915977168423,-0.0280849759479986,-0.02385695443667639,0.04823406056460807,-0.02693319306120807,-0.0556822708574546,-0.010618299185189953,-0.04031736285805273,0.022903599490886432,0.0008413814016999451,-0.02884426816620923,0.01323470765461974,0.006025262810574556,0.020813685336203355,-0.025601524289043505,0.016554088165936492,0.0242527089045757,0.005126575836307899,-0.14828950256770113,0.00027016104292106616,-0.019347004749923524,0.07834148090107333,-0.0403193769986985,-0.03568901600302299,-0.013714860077849436,-0.04952138575098513,0.07711432717715341,0.05385881365914624,0.10662199895042689,0.08685857455586454,0.09332367964169969,0.06880922001409442,0.11717781504665654,0.0675941192096282,0.09325257967589624,0.042853242855031344,-0.15650970264482944,-0.06958835691018644,-0.12672165883355696,0.026974373467364504,-0.1439875957973757,-0.049244781108902395,-0.05261322782988526,-0.11500432481872191,-0.01604482182673444,-0.021158737956413525,0.0022545514739370966,-0.04625990876345291,-0.02407796294598568,-0.06461007568121338,-0.003512222887893686,-0.022230939114398288,-0.045792134680197494,0.07582912981048494,-0.10663813893693755,0.0667720510555157,-0.01942963032164727,0.11431173807924412,0.014503270703851498,0.07248415946922812,0.019310166276556053,-0.001914424537567825,-0.0024530286471969647,0.062472288243899644,0.0538253743215996,0.00046832310559911206,-0.0116431839101577,0.02706176070872345,0.09252757164350356,0.0035163162317342627,-0.0009449858351153577
C3_min,-0.03461854568532264,0.07086656846656192,0.9697629447970705,0.3786437453480364,0.22493984124667094,0.3796057775663343,0.33282047967850004,0.3769320211980735,0.578057611201838,-0.023168356731741994,-0.116235886681109,-0.14777004347576922,-0.09025478635650373,-0.16622173610381866,-0.08590202921161612,-0.09773304299728737,-0.16812124182412397,-0.12007242832888904,-0.023168364618678435,-0.11623586852748354,-0.14777003037470895,-0.09025479733968687,-0.16622174233825887,-0.085902036993754,-0.0977330363797161,-0.16812124833824682,-0.08343715957168862,0.0343914703417804,0.139811826913968,1.0,0.4166737269237023,0.4223409086674579,0.3926562853859463,0.4276416521406793,0.5447648853507012,0.7028222525868024,-0.09331557885491595,-0.10579341442346146,0.8917764146023733,0.3174213631115928,0.16599790022215805,0.29016576588202275,0.2602920884042531,0.31743743951166886,0.48166045256002143,-0.02432590880568523,-0.12369482438261073,-0.1980775287067099,-0.14917184970996453,-0.2111013645426645,-0.14983733278089986,-0.15839307577541153,-0.20768112080603002,-0.17763002684573975,-0.2377435863719135,-0.2218476790672782,-0.8392934336519191,-0.6092473331223693,-0.38507695429194216,-0.5108416477629144,-0.4944432238622795,-0.27112722598283373,-0.5116019849528279,-0.23774359308977977,-0.22184768076235162,-0.8392934381429105,-0.6092473343116426,-0.3850769428721101,-0.5108416441843221,-0.4944432190776738,-0.271127225650853,-0.5694553225380582,0.04025435614878422,-0.09575291490456579,-0.20573430031522777,-0.23962019313885186,-0.1867429699110826,-0.20550987930372872,-0.2628018667872759,-0.23767328094853943,-0.19136931414770353,0.0021964410760864327,-0.11276233872404168,-0.14985713946780427,-0.18579723050863894,-0.11344941653412903,-0.1296681058719871,-0.18681397912950196,-0.17615636708643648,-0.167062743235697,-0.0208374756801786,-0.0680939141658019,-0.2316907618454368,-0.2437736243930808,-0.24547288743965423,-0.2588282864721902,-0.21567669709945966,-0.19608748850181137,-0.20872317155364284,-0.1426787325448933,-0.0425452439502245,-0.06981279634780028,-0.03006485762181666,-0.11061563376819275,-0.07846729694544798,-0.0035733415053140656,0.014668319167484768,-0.07423794211620574,0.16079950618765387,0.12509810447641853,0.09129724045087137,0.09378672659741441,0.06863446253900907,0.07471630828902145,-0.1175851599460322,-0.06323040087790706,0.04444803176753807,0.14273982312335773,0.26404259360987853,0.2936737861094076,0.32180694447549846,0.2721440067200376,0.2680272414876616,0.22097867926088224,0.20304407825708526,0.28722272650813524,0.08365870479113052,0.03794338246139184,-0.02036803632027504,-0.028243462997712018,-0.04683580771531916,-0.04032238343556969,-0.1973499639711562,-0.12194336257836946,-0.030887062806697913,0.029831004189261427,0.1250819235226326,0.18312321637087936,0.21442289503814263,0.15747381092490967,0.1830643235130443,0.18377077612385595,0.20366871958931176,0.19419335547471367
C4_min,0.3224688764958699,0.331859912484067,0.3549822330669217,0.9214359764480184,0.373906706124319,0.656336007430541,0.14359098394334976,0.026590894305665427,0.7073989863280956,0.013838635480813946,-0.06051707633223443,-0.16650154594213162,-0.18338978209335516,-0.13334218758231864,-0.13048030162488589,-0.13515955994882614,-0.1633215214164788,-0.13257190057469706,0.013838635561470223,-0.06051706952563131,-0.1665015404650099,-0.18338978609620993,-0.1333421837679977,-0.13048030685206302,-0.1351595516817646,-0.1633215218226341,-0.12846832246394985,0.365209496293146,0.3955867516865486,0.4166737269237023,1.0,0.39268615716405547,0.7636377573567918,0.23586229646861562,0.17792222665661594,0.7237201670449764,0.19770625722285168,0.12347236820249285,0.2899124136691972,0.8108061896412098,0.3060958608093755,0.5342980114910357,0.11432486734657352,-0.030001538179547375,0.6022153358289363,-0.022617842040754656,-0.08131846724614347,-0.21170684599870906,-0.23188497816800305,-0.15895713831493913,-0.17277184461270398,-0.1826678902069116,-0.20346466106860592,-0.1780884192491853,0.10958123775239138,0.10567399164938238,-0.3046474766995113,-0.6268289613744701,-0.5559966804180791,-0.3663008673683229,-0.4286726996241169,-0.12333008832240723,-0.45867616705099745,0.10958123593256452,0.10567399146920661,-0.30464747431446965,-0.6268289543239001,-0.5559966823691432,-0.36630086872022694,-0.4286726904431685,-0.1233300885134428,-0.49346249625551525,-0.01908447525154931,-0.031137483946115787,-0.21660023822679966,-0.2437865662110492,-0.1542103981038501,-0.197062098468369,-0.27620398262241846,-0.27090804486657516,-0.2159282207744358,0.006036215925877237,-0.025077281245027276,-0.1314156971417662,-0.16446431040143916,-0.08482506265417185,-0.11683339867919704,-0.20086089924335543,-0.1802751773941957,-0.13714864238227484,-0.05317389329498744,-0.05568943956831401,-0.21707013989080384,-0.23516595702163542,-0.1817066954947516,-0.22469872949928188,-0.22335432393471089,-0.24634615366929352,-0.2374689833891818,-0.05461234122126078,-0.040134617274479006,0.03708991547633607,0.05458117809464887,-0.0015874460437760069,0.014524729982434755,0.05364703999748059,0.024968318272086697,0.01045285384071326,0.0821551854645853,0.058073280488280726,-0.07528264516902872,-0.04198312887554799,-0.028300714645307107,-0.04955558970605748,-0.10547555165176925,-0.07154013343170594,-0.045183002902473283,0.0601614751061728,0.07575345190794483,0.17565172441397786,0.2291873160063917,0.1429534812936431,0.1650556060735917,0.21741121559553248,0.21780250852120753,0.20220571612714477,0.12403137590167929,0.13378206886378566,-0.022239296438756197,-0.007339342130725039,0.003774592404581116,0.001378861562619211,-0.09520501662067501,-0.09239681090763338,-0.01590975846209832,0.06739636254497472,0.1141719314592894,0.20055871689231675,0.23595372172698229,0.15194326377689885,0.19324505764641464,0.22538204513415103,0.2204392489547624,0.19388999823314965
T3_min,0.5228385507108053,0.6462886719398232,0.3659186359338356,0.35069724728495877,0.8842930524231776,0.32281719485072563,0.8054816198461515,0.7111730976582111,0.7081968153145977,-0.055569449527992996,-0.16238314334305304,-0.314677231266099,-0.2542852602295743,-0.28672505391966985,-0.2649609583093053,-0.2908094939920149,-0.30648445780374867,-0.2737586084154107,-0.055569455579808365,-0.1623831394594847,-0.31467722912895496,-0.25428525869972457,-0.28672504934891313,-0.26496097266762336,-0.29080948547909674,-0.30648445772512584,-0.26518457570516657,0.5816295353012726,0.7017147351147274,0.4223409086674579,0.39268615716405547,1.0,0.3607567806183627,0.8870676510649509,0.830311074640059,0.793092312126112,0.39390909760266307,0.41496264709971037,0.28740891414188596,0.28484623606352044,0.7209794914669163,0.19656794119052717,0.6561373707299518,0.5275345286475852,0.5662265135507094,-0.03950016497132589,-0.16958867698220534,-0.32789600770704247,-0.27148209551434066,-0.30085967077453096,-0.27975048451998874,-0.31121839938107226,-0.31460578678932594,-0.2866215582907555,-0.04657312980967126,0.050227682632587284,-0.15748992718417612,-0.22731605737383703,-0.5298998725954136,-0.07570635952310911,-0.562180640857416,-0.383345838866021,-0.3062165418618645,-0.04657313084536602,0.05022768627980866,-0.15748993467389105,-0.22731606147206512,-0.5298998701899518,-0.07570636390481551,-0.5621806425671428,-0.3833458442098478,-0.2634785899849993,0.007306606235615326,-0.12098400802738746,-0.27076778952686115,-0.24736919719410053,-0.21960901541861946,-0.23136578317198989,-0.2981737744489605,-0.2550947372070386,-0.23359266146423585,-0.02201066689978443,-0.08489876459069973,-0.1707759950717145,-0.13488075852609274,-0.12142046006452205,-0.11341956169035002,-0.15747800135455353,-0.12633182479645436,-0.13054204207228437,0.017882525860346422,-0.10352189641726214,-0.2537464534466106,-0.24820473482374472,-0.22200150985015374,-0.25546652890846977,-0.2700942905186618,-0.25253703405356087,-0.263379667988258,-0.024298345946171866,0.014998159207457062,0.043976571211370816,0.03338331896949417,0.012567124388514341,0.008889416373444087,0.045615278522455935,0.021558116914103028,0.014129351989401422,0.13574960009240003,-0.021606004673427825,-0.09020420960815531,-0.12271332807037211,-0.06708820543660923,-0.10953886956264139,-0.2017517840475805,-0.14333743114201317,-0.11407046199217756,0.09563270176674199,0.14697000791936973,0.21684507244257684,0.16579868338694675,0.1819123807451073,0.15243978276810793,0.17336613765250886,0.1519339694972811,0.17640460967668428,0.1761581119113272,-0.013039204781108385,-0.023651513214925323,-0.06829867557742975,-0.05065665278425631,-0.055706429398278384,-0.1915526711535013,-0.1781035910219725,-0.07970166544489542,0.06933337665815932,0.12393199911500846,0.25396146047353896,0.2040830241806635,0.1821585469620023,0.1978597625836279,0.2311985222512937,0.1820558451541679,0.19087243284365313
T4_min,0.4207204387000377,0.3882353429689328,0.31777643363213315,0.6746565191519677,0.25069326015365123,0.8833402804546032,0.029708472783503484,0.005641943243100285,0.6191583831629327,-0.17333730164649147,-0.24759064449649587,-0.3245618520218816,-0.29704738911460093,-0.27649484082073533,-0.3341817539903925,-0.28277261007081184,-0.28792352266360005,-0.2978209976768985,-0.17333730321357868,-0.247590632977253,-0.3245618416643519,-0.2970473993515548,-0.27649483875732445,-0.3341817598302693,-0.2827726067965894,-0.2879235234167367,-0.2916187112178393,0.5047433923063679,0.48126580850622613,0.3926562853859463,0.7636377573567918,0.3607567806183627,1.0,0.17139107778564044,0.1885505820117846,0.7090939669314996,0.24122900237225708,0.20431508748157093,0.2309742944138847,0.5723222752333494,0.14323663566127642,0.7315364475782413,-0.05529249517121602,-0.08000736881196031,0.48896758568967275,-0.18387716592804604,-0.24432068344974356,-0.3237721090026408,-0.30279084622593744,-0.2425682413350777,-0.3355042263473709,-0.2877704491360834,-0.28459220435901306,-0.29774385124882613,-0.1556782327943707,-0.1701219846067641,-0.2138053025784325,-0.4443770446077887,-0.4715894125556963,-0.5849429514579642,-0.3329787008910259,-0.04792985642179325,-0.42735228218025484,-0.1556782282484599,-0.17012198630806302,-0.21380529983406163,-0.4443770412861998,-0.47158940883151995,-0.5849429553306864,-0.3329786890280396,-0.04792985398232103,-0.4417585735999305,-0.0008754263953291567,-0.02695131753384552,-0.12106157742686434,-0.14923649569948408,-0.03440718149620379,-0.13159897725331418,-0.19713096120972964,-0.17630480318126332,-0.11896608494061596,0.031983328654125696,-0.007762100526398025,-0.1273606792174145,-0.11743418965079912,-0.06245726383616978,-0.08368720581857163,-0.1499204006258423,-0.13460051382343152,-0.08951838920687817,0.0020432177569368105,-0.03403459893716706,-0.07591933240148423,-0.11953636059279577,-0.005852805540103237,-0.13297024907295502,-0.1475578334430659,-0.14646456800377394,-0.12203218397392442,-0.0028612627170836427,-0.01700352083239931,0.0896783051026459,0.07754790885028003,0.0510223685892901,0.04820531502187306,0.06721919409002997,0.03653620813629237,0.049802922124713676,0.057979615457599894,0.018067198457637598,0.002479565796887207,-0.033350120304292775,0.07190490973824146,-0.067676262965736,-0.1267262573892151,-0.06811794558081823,-0.03462273264334725,0.00846059255588567,0.02508050316110071,0.12079822688220686,0.1253537417805819,0.0694651240636094,0.07870020547412403,0.1265564426448079,0.13937856207265337,0.1082903343709616,0.05443641907714031,0.07229501921138676,0.08053284181780089,0.04524242553081321,0.12182961135277337,0.052344320057795005,-0.05027340457256274,-0.026555776332855895,0.05467863575544724,-0.029975872351643007,0.05949519699602161,0.12338795971943793,0.1433675065323876,0.05282637396340116,0.13732830223861794,0.15964725898125745,0.14046557396254475,0.09176858836698765
O1_min,0.31359132294952013,0.46269802477486566,0.38899406171710205,0.1993924068566537,0.7535940918660952,0.14669898133480022,0.9209926046031137,0.6653111365056317,0.5913225299010507,-0.06953401593329953,-0.15016620433142233,-0.30317637678093123,-0.21479468111313169,-0.3130687012848713,-0.2527349757955235,-0.31039129202335713,-0.32941566955050616,-0.2725868031116124,-0.06953402371988605,-0.1501662054878856,-0.303176379168943,-0.2147946804288969,-0.31306869853409214,-0.2527349901051977,-0.3103912900867482,-0.3294156677701657,-0.25314434474920416,0.37890138015411273,0.5013638686991814,0.4276416521406793,0.23586229646861562,0.8870676510649509,0.17139107778564044,1.0,0.7920757830746165,0.6861405535582367,0.2114376248068189,0.2551770869567471,0.32232896339587064,0.14708763265367533,0.6301518160776145,0.037047322825168434,0.7383615377719328,0.47965312507434227,0.4632486247597413,-0.03896210046322647,-0.14648375509459266,-0.31481607868699774,-0.23329158579240722,-0.32754924718496864,-0.27134986404168754,-0.3375917159250982,-0.3453811361529548,-0.2877128695481962,-0.12609971306450452,-0.04709664852497277,-0.2671897222041028,-0.2921180158209181,-0.5582064722869958,-0.1589494486159052,-0.6383939619107262,-0.5017890920727094,-0.39677893602191366,-0.12609971866888067,-0.04709665099542513,-0.2671897348340116,-0.2921180224161299,-0.5582064667637332,-0.15894945193352658,-0.6383939687137956,-0.501789097782263,-0.3312821486957316,0.026587820491540036,-0.09114249533556926,-0.2735170286283533,-0.2554225476810037,-0.23024185099593628,-0.23910596810383344,-0.31280237544861234,-0.2925232501361091,-0.23730152916644492,-0.0292727333639728,-0.11873018692349453,-0.20161041298364327,-0.1703388281257791,-0.14153074486611938,-0.1474585413307089,-0.15782664126470486,-0.14282534525207935,-0.16212465245495278,0.037545337409179196,-0.05456697455439494,-0.24373065538766855,-0.23428575475005392,-0.23034530154416114,-0.2388144970981612,-0.28683516893278194,-0.2818732553460697,-0.25565966815119306,-0.05465378359230956,0.014966856991481477,0.016109339958591484,0.01705117250570919,-0.02561493157399667,-0.005579268094086664,0.009304683471415593,0.016086594551731722,-0.011715825774786236,0.14859205818704238,0.04884320636503922,-0.02078864061296498,-0.05830651660008307,-0.028498820110310845,-0.03183453518771602,-0.24741445949986773,-0.18858671328414145,-0.09717979873323945,0.12401123082687812,0.20709460979853056,0.26433324185065465,0.20764469827741186,0.22294465421189702,0.20511959898258625,0.16963495952339752,0.15262753788194375,0.210560637628077,0.1444011863960265,0.008576323553165779,-0.012481004019905572,-0.052800748376103025,-0.06478863846501244,-0.05088014967515264,-0.25346837888374296,-0.21651166404204425,-0.07744736655842116,0.047887389657804466,0.11713873204352204,0.25293193294346544,0.20943646383041156,0.17934266285715667,0.19836283526823273,0.2307570315587077,0.2224066284502031,0.20374577382808634
O2_min,0.3772881823705643,0.5089320195909657,0.5077282004848914,0.14711686494124626,0.688631488249659,0.15114487553141623,0.7138318767225433,0.8977412306454383,0.6003209338910579,-0.006657191120574757,-0.12761022858568977,-0.2694558182296864,-0.19299211036956335,-0.2491034264792721,-0.22317150569535305,-0.25310644965444634,-0.28816973715442695,-0.23226047511412215,-0.006657202296895579,-0.12761022230325836,-0.26945581703490157,-0.19299211516430728,-0.24910342920934614,-0.223171518647014,-0.2531064401638379,-0.28816974377294446,-0.21625900683492538,0.42961374799465973,0.5313497335226771,0.5447648853507012,0.17792222665661594,0.830311074640059,0.1885505820117846,0.7920757830746165,1.0,0.6986570185350253,0.3280372266921008,0.3574152219631027,0.44133270544432807,0.10524128389644884,0.5425318394659053,0.04847791362117172,0.5396109493403322,0.7490594954068149,0.4978535999090241,0.03195741590956757,-0.11027417172361668,-0.2796011755005463,-0.21117513495589918,-0.2570550557327649,-0.2348473698393207,-0.2774704951907948,-0.29878760282195815,-0.2403669811520631,-0.0632948162685399,-0.03547059315219166,-0.31540070503352247,-0.20618689025854509,-0.3793270211263604,-0.10106268824007544,-0.4748835113396569,-0.5255310253580056,-0.28536506019570257,-0.06329482247616756,-0.03547059684043492,-0.3154007153927274,-0.20618689806654636,-0.37932701001634733,-0.10106268611923588,-0.4748835137580759,-0.5255310280511338,-0.2740841463316971,0.10669284337091904,-0.06553881394741902,-0.2583796535979816,-0.256385104589356,-0.1972217297679135,-0.2241430992255681,-0.2935677213640278,-0.25659966405124435,-0.20968286470059527,0.04727295473806214,-0.06985798626417453,-0.11374462400097247,-0.09403370433500499,-0.05609440365446482,-0.05923894061396081,-0.09462379508148361,-0.08886553697213977,-0.0736936846851969,0.08105094058538033,-0.04561359850078774,-0.3043026468367078,-0.31661544592752583,-0.2702701925401667,-0.3113147430714913,-0.34062880902992176,-0.30502273506005007,-0.31184630292936316,-0.10534866286008993,-0.016602440712812905,-0.04864434113061406,-0.047764773965875765,-0.09249736540261355,-0.07330936200680771,-0.05472543735237032,-0.046443369869781086,-0.08434368820072373,0.15430079357968915,0.023417863418191548,-0.11716088201778857,-0.15541198899186134,-0.10566177532951206,-0.14503220536961986,-0.259817357809746,-0.17837607637030303,-0.13465514442051466,0.03298787911231295,0.1414099555076215,0.1885801943264017,0.15745635398825664,0.14349386064117414,0.12545272952357833,0.15629288382824966,0.14881530063055018,0.15485835202568876,0.18667595463355546,0.013393263056230948,-0.12129338418982921,-0.17222988407550793,-0.11391192510750485,-0.15523389543297725,-0.32903691620291825,-0.2984707012703091,-0.16858422920035016,-0.00851869910693475,0.08873739530681839,0.20831710484837954,0.1829943449921646,0.14787581680280673,0.16219166699497242,0.1909590400227989,0.14804826655261255,0.15747616904845013
avg_min,0.5088562032900393,0.5816820788717902,0.6487983623226881,0.6863948771896379,0.6779369138390255,0.6662401856035203,0.5793172595094728,0.5347814444636122,0.917342610496628,-0.02669562196851085,-0.15721120041746117,-0.2599274683767859,-0.2036863178180123,-0.22954514231452552,-0.2136027828187028,-0.21921430115412413,-0.2561679173925399,-0.22167515219551878,-0.026695629089759056,-0.1572111926160042,-0.2599274593610207,-0.20368632641863316,-0.2295451404036928,-0.21360279417187356,-0.21921429496325026,-0.2561679207820647,-0.2048454782078991,0.5776689458191264,0.6599700649146667,0.7028222525868024,0.7237201670449764,0.793092312126112,0.7090939669314996,0.6861405535582367,0.6986570185350253,1.0,0.3752814847098723,0.3410092912803564,0.5672673674786662,0.6046006119270414,0.559219820395568,0.5385753830727131,0.46525521813770526,0.41576781554642545,0.7779982954089242,-0.01756847399661647,-0.16098019927106755,-0.28679911988847523,-0.23942070868723092,-0.23551058191313612,-0.24413865472016105,-0.25653086508752176,-0.2785970490352548,-0.24908291819645334,-0.06312318768590831,-0.03734146029208507,-0.46785083707000474,-0.513937398508688,-0.650549056199751,-0.4388542829075991,-0.5840750315321155,-0.36351474732924954,-0.5447944034175879,-0.06312319098178687,-0.03734146291353361,-0.46785084023676154,-0.5139373994689642,-0.6505490505458277,-0.4388542829765391,-0.58407502533668,-0.3635147490594002,-0.5544233691819902,0.05945339957302927,-0.09219946306819449,-0.22004120147313305,-0.24145412837261926,-0.13584633104362878,-0.20372952697481211,-0.2892594498858194,-0.2614246807820866,-0.2078741697446393,0.0071564957736346005,-0.09012803511441513,-0.16797934497883593,-0.166352188399119,-0.10163566736803466,-0.11980767178217208,-0.1814531748557105,-0.1706957805550861,-0.14478529611717128,0.0541282199470397,-0.07245404326594239,-0.21267864201018385,-0.23702201237182485,-0.15551904359376856,-0.2395712715651138,-0.25509133112911264,-0.24419649264192017,-0.2360886141991646,-0.0659975598859044,-0.01394721682427089,0.007026634364477882,0.019461752762028547,-0.040390842367800564,-0.022852141888646236,0.02604196555190969,0.010370510519520029,-0.021749495091043344,0.19396036907931177,0.047449322674352507,0.010631773312307677,-0.018948900875707244,0.06035897188611375,-0.02356522022029427,-0.16396640245887897,-0.08221523951933551,-0.01794623613336704,0.09308232609222808,0.17060316331025038,0.24666522199188695,0.24014788473400844,0.195469089966192,0.18751906779869426,0.2052471827858809,0.21031117826350254,0.22612763859772336,0.19012816895634188,0.0573835680442006,0.05169670555780526,0.0029642640899977873,0.06850854466602682,0.02066536380541637,-0.15560500586821696,-0.11494532347240471,0.008740314083754494,0.021787658788216473,0.1384534165783587,0.23227576842347594,0.22868277317980665,0.15344607159411885,0.2077775983878617,0.23803906890287804,0.2170950744575038,0.19444686584913098
Fp1_max,0.8640924677198502,0.7440922794534738,-0.04755632287816177,0.35359401662372636,0.603299631043124,0.4022488967549744,0.28097300109503853,0.4598503260644193,0.5549354332401801,0.5192574167512108,0.41078339243067047,0.3277527994484154,0.3178647889359483,0.37439188007222124,0.3243233114470975,0.2557556286729081,0.3038437852547176,0.3620364141832839,0.519257413740105,0.41078339050849416,0.3277527998309741,0.3178647868309091,0.3743918788569173,0.32432330916420454,0.2557556285334986,0.30384378353426555,0.34104356440809297,0.6733222640163028,0.6010166898426265,-0.09331557885491595,0.19770625722285168,0.39390909760266307,0.24122900237225708,0.2114376248068189,0.3280372266921008,0.3752814847098723,1.0,0.8787216182069851,0.024438705904675874,0.4395306252620882,0.6598064319532855,0.5046799734393176,0.355013285576317,0.502677692087404,0.6313359986032028,0.5386533465251152,0.41980947280953973,0.34688439097405177,0.3328148764940604,0.41168188597189076,0.35961771834402734,0.27436962251582253,0.3239828648612548,0.39260115675734913,0.4532504655048187,0.47036869755105754,0.316824665448432,0.2598427368486301,-0.039901052036939035,0.2266700574803337,0.12428970868595247,0.0566123191466055,0.14413379943721483,0.4532504635502735,0.4703686975855604,0.3168246628570592,0.2598427344458389,-0.03990105376346726,0.2266700555603454,0.12428971592483432,0.056612313865987376,0.1493335882732123,0.2846722023057261,0.25348779690116807,0.2075377745706475,0.2042020977715351,0.27206868128762274,0.22749593459013098,0.15775385115554014,0.18362336000770088,0.22176751404310843,0.017603736878658866,0.0018585782387032141,0.0718253759082205,0.0937517065934477,0.07236556209162562,0.08408585804342719,0.0885034674815086,0.07022608105406117,0.09059412185205945,0.39977981931609424,0.2829266781541735,0.2110195522241641,0.20032684356375002,0.3089782192585973,0.2395761505783797,0.12036296788239509,0.14882894528608448,0.1971704297426855,0.08146245998163901,0.06135134063946652,-0.025255327485070974,-0.02866526271842117,-0.004929883622784472,-0.01654414628278213,-0.019113203648469013,-0.054047928273815125,-0.014926253696407436,0.3350652113281399,0.20431216892914844,0.16589019438090852,0.12807120302170114,0.2553767114458026,0.15712495427437675,0.14208913330742778,0.22091941643041502,0.22277718781786604,-0.05881636971042039,-0.06021562155809869,-0.06787421046963561,-0.09832564648893562,-0.09062623403998843,-0.11270067544149964,-0.05265648521658354,-0.00789756959947584,-0.07508655601727598,0.33363021107457436,0.24808808912982283,0.25499868135487735,0.18480826351981727,0.339170856809223,0.25465669436348803,0.150908689047298,0.15439822374152123,0.25363120318956706,-0.13405788828755613,-0.07750320773105959,-0.07945024780838936,-0.11667130816766115,-0.11393771058408839,-0.09998858466207262,-0.07031496446167951,-0.1179224434995312,-0.1359335669447535
Fp2_max,0.746110348353901,0.8267314470957253,-0.048443168484662645,0.2995925778629631,0.6136386521181472,0.38219066884488884,0.3294547005694925,0.48794628457596867,0.5286053244567607,0.48819527378186406,0.47952284098593184,0.3715458384234629,0.3844309455829778,0.4118690192725937,0.35288810191837855,0.2672188417656105,0.3268879060281046,0.3961398869403428,0.488195271718802,0.47952284748407314,0.3715458384063947,0.3844309410486017,0.41186901877661,0.352888093339554,0.2672188416736881,0.32688790458543676,0.3731467791357381,0.5843740187986419,0.6294786875112796,-0.10579341442346146,0.12347236820249285,0.41496264709971037,0.20431508748157093,0.2551770869567471,0.3574152219631027,0.3410092912803564,0.8787216182069851,1.0,0.04204329173308932,0.4041916660746554,0.6762256297973244,0.47439098418942616,0.39407096429632865,0.5527700634463493,0.6213295982505551,0.5132316751313224,0.5015513014883927,0.3903028103555487,0.39647192644509344,0.44657765998806576,0.38466655724692617,0.27654418707121353,0.34047413431585394,0.42279866598902766,0.4014491755131482,0.5082845962449555,0.36333723441701765,0.28758855161538854,0.03320673109240269,0.2776960965389595,0.09206108606903941,0.08979875301007595,0.20977331801659616,0.4014491808523951,0.5082845978583915,0.36333723259291983,0.2875885468711029,0.033206730488415284,0.27769609938770784,0.09206108945592446,0.08979875327532648,0.20785671477375295,0.2516037643037157,0.2969063300604581,0.20936186413786456,0.20518368354872285,0.27363970979752206,0.22613425061601256,0.15377530863584263,0.18778272575001684,0.2056279308940384,-0.03069830237993354,0.016500653251497684,0.06298453141046771,0.09848948572036065,0.06258028778959955,0.0867179230089245,0.11524218462337307,0.1039789883032618,0.09371279785092738,0.4029373962716644,0.33364965994793905,0.23962292609577476,0.2200733229892411,0.33762464567096134,0.2583533181066795,0.1267077228941121,0.15696430180729173,0.21492228550212528,0.11683938694435339,0.0374567655815637,-0.010439583375235224,-0.021044380962475205,0.006217667680228208,-0.010615705111717512,-0.004958637172277106,-0.04329955674641048,-0.0003599028828022557,0.3348552594150555,0.2494184111163957,0.14877128837288084,0.0887657569209975,0.2453142973970569,0.13286465237652198,0.06374426914469032,0.14833358367616445,0.1558513146152197,-0.012045132401022266,-0.07480598452876344,-0.09415833674198947,-0.14182440539540214,-0.1061311586207817,-0.13917164737811527,-0.11738967131689598,-0.07818407331252472,-0.12225306349512997,0.34470156166567406,0.2952418780954658,0.26641681233361014,0.17882776704833364,0.3560159334114901,0.2433680078985784,0.09932783092342785,0.0911949110857381,0.23013536930028297,-0.08513867651919667,-0.09225943510734652,-0.08171549356268387,-0.12293737102020758,-0.1153958647920493,-0.10822356769633543,-0.08588525300871543,-0.14693090405581938,-0.13886014120997464
C3_max,-0.04477632158501207,0.08772613591318015,0.9572807597749685,0.3707867863208592,0.21719512611003003,0.34476739742179596,0.3353796412863672,0.39556715345208965,0.5729857629213787,0.19584754141179622,0.12073043917090343,0.17075893074136714,0.23479287474643795,0.1275330400264884,0.2219705307275303,0.1838755325694869,0.11161587632185405,0.18992620800292365,0.19584753398409746,0.12073045524181236,0.1707589449705625,0.2347928641054793,0.12753303395448592,0.2219705247722156,0.18387553937505452,0.11161586876099115,0.22789267195471893,-0.08712742440924817,0.03446828263347419,0.8917764146023733,0.2899124136691972,0.28740891414188596,0.2309742944138847,0.32232896339587064,0.44133270544432807,0.5672673674786662,0.024438705904675874,0.04204329173308932,1.0,0.4218960086247476,0.28927256485891945,0.3896846565444459,0.3880546681962422,0.46004453690875907,0.6137477375709206,0.22486501350081972,0.14307868417473735,0.13598385447359895,0.1861715465127852,0.09589986641626379,0.17000000913880228,0.12825283083447883,0.0757852188834012,0.1457385686170994,-0.15087772435182475,-0.10538258693928372,-0.7675780249822224,-0.5381066907120092,-0.26644202831257474,-0.3886203684572579,-0.38769054092946686,-0.19182435428002176,-0.4197497199667593,-0.15087773257029724,-0.10538258698786566,-0.7675780263084151,-0.5381066941458277,-0.2664420155684705,-0.3886203586367746,-0.3876905353050803,-0.191824353720022,-0.4898145807647657,0.2310288851670142,0.11482523523351677,0.062070971788293856,0.01779463497411289,0.07059986155120572,0.05104239938309675,-0.01445415168989471,-0.0019812149289829906,0.054259073087656685,0.03303043532166733,-0.05390399511719775,0.004318937417299717,-0.03571038898984384,0.014344895606658331,0.0021576912442562244,-0.014359932846466363,-0.032870601724361966,-0.028924894332236665,0.18864815748776528,0.14010305053785113,-0.012648922917059997,-0.03535123855523617,-0.02001679146787509,-0.03252119702028468,-0.03978428738108368,-0.02095944999567741,0.006388723275313177,-0.18596717427533407,-0.11200621773730318,-0.21994959175257156,-0.17198472928058206,-0.24177733671879184,-0.2045894208986047,-0.13226451703656658,-0.10496236732624516,-0.21123934030513428,0.3165665945109167,0.2914852672044694,0.26274016283214935,0.2589661771669589,0.24702052465490387,0.26336514474981526,0.013396673413082143,0.08979557183982365,0.2209276852480732,0.09687136588239433,0.1980112991655056,0.1557680475504137,0.18507344675054158,0.1531422430034707,0.1471902836959229,0.06769063488523018,0.07789367876404571,0.16001180496345943,0.208535826679913,0.17647751847361393,0.1316539046613563,0.11714889127467437,0.12191245896425341,0.11469527445988498,-0.09413354480586608,-0.010688606618489303,0.12469724384711756,-0.053818444828888166,0.022898076151947326,0.015119243352005965,0.05444806092967655,0.009626007926925662,0.03033716799104486,0.0097090173176671,0.04833007100387763,0.042699187903386435
C4_max,0.41633010053376907,0.4396931768863234,0.3608587461723869,0.9467095577665539,0.42480131993215203,0.6940722983785135,0.1785967685245962,0.10157684834660598,0.7459434661296567,0.3625751853906416,0.334554930939915,0.30620857242515664,0.33388435397581384,0.30018207498971233,0.3448109932147655,0.27652069453908196,0.2543973910959856,0.3377007790064328,0.3625751877858123,0.3345549349289671,0.30620857910751875,0.33388434950609497,0.3001820794623614,0.34481099140252647,0.2765207036185414,0.2543973873843563,0.34270115118860145,0.32380104656839637,0.3582845329727257,0.3174213631115928,0.8108061896412098,0.28484623606352044,0.5723222752333494,0.14708763265367533,0.10524128389644884,0.6046006119270414,0.4395306252620882,0.4041916660746554,0.4218960086247476,1.0,0.49809759045689866,0.7363103346781131,0.2907037964485011,0.1801885846907718,0.7966126902935182,0.35270632243247263,0.34027243490762354,0.2697859085543628,0.29532692413216194,0.28504940030834913,0.31471757004904777,0.23042764990048634,0.21661772088489417,0.30223120730939895,0.33111112797922443,0.3751466195150406,-0.12988599146736216,-0.4868532637708833,-0.31020635147513226,-0.1270530908172499,-0.15955122185569148,0.10419727498575504,-0.20294066032331773,0.33111112562755457,0.3751466212304195,-0.12988598710969537,-0.4868532583790942,-0.3102063536599074,-0.12705308750229505,-0.159551212105937,0.10419727461676061,-0.24973762237425912,0.17234183381949225,0.22526926373451092,0.11469677510040782,0.09974016706040298,0.16397223249649354,0.14046404994612782,0.040223214207302176,0.03534529586159374,0.08871067116327166,-0.020161778237181998,0.0035188105212730636,0.028174895030636235,0.003605873161670998,0.03102535198132144,0.02454006246504162,-0.0013053406986946055,-0.02417434404376142,0.006911696491211145,0.20402640764413593,0.22806696586318603,0.07761920596518035,0.07351799269848716,0.13238877485934258,0.10872195688784496,0.02248365186369172,0.009928111136710513,0.06755189931937587,-0.039072958453320164,-0.07171683609200873,-0.10752434545879502,-0.08957728697925672,-0.11285237738165294,-0.0996764595505748,-0.058848802096755734,-0.07616372090188693,-0.1055403798927147,0.2880615401457758,0.3000356548681677,0.18022993880300647,0.22695388101822173,0.25125308349284325,0.23171771071322558,0.09466539904619137,0.16764737389762865,0.23146340750094652,0.0641572815184768,0.03788689596308537,0.038848858656209455,0.08439089116755699,0.03684778177888161,0.03312702877300459,0.04367517169912168,0.08188818387241546,0.07119881681237905,0.28606351519335704,0.3433678887955541,0.2144538525149733,0.23617611238201017,0.2701684443088557,0.249335948538057,0.058183617311658754,0.08924790381779964,0.23041716122980027,0.003926143556705159,0.0061744596267778755,-0.00976592715298907,0.01768433468846135,-0.0318814545611269,-0.01483415223885586,-0.01313631445111375,0.004699372437347589,-0.005859286375024115
T3_max,0.6213722994958751,0.7175281564673407,0.22443563983876574,0.43675478586332483,0.9164889471247069,0.3053042500739588,0.7460905321250629,0.6472035968908976,0.7205003707356489,0.3745867036760708,0.2885453336132396,0.2649896023793119,0.265836769155508,0.31930732993619637,0.28119931445434937,0.24980967175064087,0.2574417126318205,0.29731327109398176,0.37458669975829667,0.28854533768050433,0.264989600586861,0.2658367678287733,0.3193073354638217,0.28119930149891254,0.24980967469709078,0.25744171326841975,0.28790584526778806,0.5178224587347552,0.6219774523067849,0.16599790022215805,0.3060958608093755,0.7209794914669163,0.14323663566127642,0.6301518160776145,0.5425318394659053,0.559219820395568,0.6598064319532855,0.6762256297973244,0.28927256485891945,0.49809759045689866,1.0,0.3703634348333263,0.8490103940403374,0.6443128751521094,0.7630371993221675,0.3916905160083828,0.29470188918480245,0.2646676906941473,0.25941752527020756,0.321852373387817,0.2803449101142041,0.24174062212863406,0.25071788649516075,0.3017209323443785,0.23568992646809606,0.3862742728770917,0.07379189333726106,-0.006119534487404633,-0.2792220951308268,0.2085343264394027,-0.29923441923299227,-0.10189891831552154,-0.09689206080602669,0.2356899255178004,0.38627427171505163,0.07379189384779311,-0.006119537966637139,-0.27922209088933264,0.20853432667449553,-0.2992344175219352,-0.10189892204888117,-0.07552763955817393,0.21026628911321113,0.1619716768461885,0.16322829857570315,0.17338605328290402,0.20403376541027776,0.1784732100589596,0.1375082080032519,0.15532660232371873,0.15838028431758333,0.01980738488635377,0.03730090047805388,0.0701312911579398,0.0990483904626489,0.0825965262680897,0.08887485852154678,0.08796593035361748,0.09998255198691355,0.08976746662794623,0.2662761578622386,0.15864465782249879,0.14571880693819872,0.1366743501838408,0.1963818250350864,0.1484289914579864,0.11058359644320256,0.1111569364483818,0.13294476561017834,-0.0020143454691791828,-0.034683707542818805,-0.08268200710730958,-0.0906447809574187,-0.08381220903212244,-0.09069016361599716,-0.03522688890367482,-0.0700216615241365,-0.08140020240960567,0.27244692549237237,0.149049596229592,0.13796250076449434,0.1133552302669761,0.18673958385009817,0.15679921578978112,0.10186224116529896,0.12911667521426598,0.13585381759478782,-0.010838822431962295,-0.026271035427219033,-0.031128672009615433,-0.07586904631881625,-0.048814016054852125,-0.06818492151178643,-0.07670807055229882,-0.06590560628927773,-0.06321649471534002,0.2628717152331387,0.1403643646147575,0.17375855436339435,0.12849255971672735,0.17953379115455723,0.15425447293770223,0.10011445660787871,0.07364337842843913,0.1415184636525794,-0.053054026637110965,-0.047035507352439186,-0.04765991796460273,-0.0912819109797333,-0.09381405417131604,-0.08060645307717883,-0.0644745098721318,-0.09646894865601385,-0.09044636149316303
T4_max,0.5103170482407239,0.45345740115657573,0.3340456694973187,0.6747819117566742,0.28709965050781433,0.9212777110995065,0.05206212531510821,0.05114970257897709,0.6414488896891013,0.24145587447131014,0.20644955860291953,0.23388762031140764,0.2667556754765318,0.2584082892697831,0.2467418848439258,0.23260237498426845,0.2314408695966342,0.26782237878211357,0.2414558765936367,0.2064495712927525,0.23388763223564069,0.26675566865033057,0.25840829206494575,0.24674188374473158,0.23260238286676213,0.23144086500181119,0.2714575517523388,0.42355948081027744,0.38206348424377984,0.29016576588202275,0.5342980114910357,0.19656794119052717,0.7315364475782413,0.037047322825168434,0.04847791362117172,0.5385753830727131,0.5046799734393176,0.47439098418942616,0.3896846565444459,0.7363103346781131,0.3703634348333263,1.0,0.1680636617793869,0.1175658313701762,0.6915396577626419,0.25489167730414475,0.23263105976205678,0.2444193923705952,0.2732371732996647,0.3013107598160119,0.26572944552645295,0.23206485583503914,0.23931942171080833,0.28079548020182254,0.10235234185202843,0.13545244751323166,-0.0445577667254434,-0.24931046218932867,-0.17918968614949815,-0.31776442246671394,-0.037658308515486495,0.2540834509852076,-0.15283157622799287,0.10235234434087849,0.1354524447737568,-0.04455775903962338,-0.24931046067701537,-0.17918968250711653,-0.31776442261288534,-0.03765829610161132,0.2540834545256741,-0.1780550983492784,0.2435568521901865,0.29131301719718883,0.29931729356167475,0.28424507141774946,0.36270939019821624,0.30765564913387666,0.2174789440408118,0.22780192873569155,0.2809850371321261,0.032932524971312466,0.05591898920225932,0.08834307933398085,0.10497869594651793,0.10181305740287581,0.11781994498182115,0.0943837599514834,0.07696213826625885,0.10694517137094356,0.29956086959447364,0.29426269633901053,0.29138658166953274,0.26300892255921654,0.37618690235868657,0.28006575118806465,0.19076179893822695,0.1968488513615128,0.2672857258551236,0.0008886561585033944,-0.0587301916098723,-0.08255895804738597,-0.09449360138395284,-0.07969288269862312,-0.10558754619575257,-0.059794299095128116,-0.09067382274043463,-0.09196288368612077,0.28923552445379347,0.28935374598775365,0.30438367799356814,0.28689224106993244,0.39167588073134474,0.27833082214084665,0.15966950805313193,0.23687940517546346,0.3021074363922234,-0.02165147300641019,-0.048587908008504405,-0.06035810387452871,-0.06624038947936883,-0.0794583533129932,-0.10498237609065218,-0.09158963664845389,-0.04524210536412992,-0.06758189280370476,0.223385365869658,0.2971139768049954,0.342744574059246,0.3197041454929837,0.4022522067173995,0.34103859264018865,0.1858379911416689,0.2309977621134212,0.34658293265017853,-0.13328242735478943,-0.09508667131655255,-0.15150606952702647,-0.14418604443136193,-0.19200604039707073,-0.143073151903491,-0.14187148331961877,-0.13434812697100823,-0.17005048299792258
O1_max,0.33238123393458324,0.47792690910147473,0.3275132110503963,0.23071213342131994,0.7694749314742714,0.10604246512439515,0.8980110195950676,0.6385893280673653,0.5865550259524157,0.25253153844469833,0.16827812629458627,0.1830951776739632,0.22691336559400774,0.204902498193913,0.2374782656415534,0.2767463062179298,0.2159330806364941,0.23618649522523247,0.25253153043030024,0.1682781247909591,0.1830951720128489,0.2269133677197557,0.20490250287634745,0.23747826007380862,0.2767463066217246,0.2159330791484294,0.2517235108341241,0.2580180191339887,0.4061103739340397,0.2602920884042531,0.11432486734657352,0.6561373707299518,-0.05529249517121602,0.7383615377719328,0.5396109493403322,0.46525521813770526,0.355013285576317,0.39407096429632865,0.3880546681962422,0.2907037964485011,0.8490103940403374,0.1680636617793869,1.0,0.6344581469703608,0.6250737169309039,0.2918956819573308,0.1865078329879293,0.1862915124987497,0.2232864816944885,0.20006858481382836,0.22312677442575887,0.26717850412110933,0.2065935343268348,0.23727832712771418,0.042497169205519485,0.164286754321448,-0.12360706974888523,-0.14153523747140462,-0.32718341539790724,0.06405032879857492,-0.4215164945328266,-0.2528449588108189,-0.23527152245319322,0.042497165729907915,0.16428675189612038,-0.12360707360966536,-0.14153524504678272,-0.3271834097021894,0.06405032948022693,-0.4215164979322894,-0.25284496678047647,-0.18877329317191677,0.21127424283777207,0.1153283749931125,0.1439507624733187,0.16119366992469725,0.16208089150355626,0.15062272558886614,0.16519222825972682,0.1492016219395504,0.15709348010013385,0.05929556199119012,0.01625406715503761,0.054403888184898705,0.08601509167135263,0.06986749486976986,0.0789251160404519,0.0953596423820791,0.09931060382667696,0.07461355890528287,0.19617282391323834,0.10665129578508208,0.11141763807822344,0.11616117276693866,0.12628085294537877,0.10308373144448367,0.12420413909647052,0.10016863702462785,0.11772927816013941,-0.09161583780804498,-0.06154283867254268,-0.12507824513393212,-0.12576148840266202,-0.13529321687306806,-0.13082708845671417,-0.0910527241302009,-0.09348506575623554,-0.1323648643341884,0.24240619514596373,0.14536150800523592,0.18205015911932398,0.15420744098388262,0.19469143561657457,0.18657163194484983,0.1293771373530761,0.11372480963324634,0.15588110381374384,-0.009610503557138455,0.04695546385316499,0.02205090364119082,-0.03848268682529812,0.011306336423736041,-0.01728281925781441,-0.0764236841096234,-0.07381573146901793,-0.023056508346286156,0.19460895686747823,0.07155499978736728,0.1427354013477802,0.10987843799254428,0.107024804347142,0.09866020734008192,0.09810113942991894,0.08135051093037404,0.11879283383220048,-0.0733628680632623,-0.028901940476981348,-0.04218271157135841,-0.08993106529949436,-0.08415681052109397,-0.08073309639022995,-0.09134179785629734,-0.06862774271591877,-0.07521399715705541
O2_max,0.3858134943439125,0.500959253578917,0.38990795189514366,0.09503872982962379,0.6069169311043262,0.04906143392356897,0.5939268232989331,0.9168793492080666,0.5212461405077247,0.3328643262569966,0.23589679667661081,0.24127439480778207,0.2844706792341531,0.2763596053957481,0.2768972007164035,0.29384134719658983,0.2864861079993189,0.2959537823469895,0.33286431649661263,0.23589680536107088,0.2412743944146001,0.2844706757665608,0.2763596031897629,0.2768971916822509,0.29384135449908355,0.2864861005401105,0.3054977173131124,0.3075105019052188,0.39503552869959774,0.31743743951166886,-0.030001538179547375,0.5275345286475852,-0.08000736881196031,0.47965312507434227,0.7490594954068149,0.41576781554642545,0.502677692087404,0.5527700634463493,0.46004453690875907,0.1801885846907718,0.6443128751521094,0.1175658313701762,0.6344581469703608,1.0,0.6084776002813019,0.3848720873239264,0.2760420612492984,0.2439561012119731,0.2803259591329499,0.2795396927147936,0.277454211664119,0.28134598494499075,0.2881047006088673,0.3038624370340086,0.14951038242644688,0.191502026714904,-0.12627012666034457,0.013717411909702432,-0.06405845868320718,0.1563317798629587,-0.16139470749973553,-0.3134404626475574,-0.04895297133677879,0.14951037724534155,0.19150202294438648,-0.1262701322583244,0.01371740144525895,-0.0640584475587662,0.1563317889342453,-0.16139470849800303,-0.3134404618465185,-0.0634220323943431,0.28001830497449404,0.14601186683047884,0.12083707189005893,0.11896676600734969,0.16376146075343798,0.13779134523474593,0.1354863590978923,0.1789401706625454,0.15991324230108203,0.11034627656406813,0.037813278780722624,0.12241341560834956,0.14171728079969806,0.1355272551347057,0.1474381637178958,0.147678136727897,0.150347128585769,0.1447131158144179,0.2671413486211679,0.14874739787686997,0.03373953467922112,0.012327022874767746,0.07343301485676695,0.02849279907755634,0.02118722949757086,0.06488021460211015,0.044051020674489016,-0.10951764582095581,-0.06126426994740124,-0.17121247796288658,-0.17330017037979326,-0.18759180506637377,-0.17736645448474891,-0.15283829963033202,-0.1728105523597181,-0.18799264159193063,0.23955908287686584,0.12540389069555766,0.04741686720797422,0.018860285963981458,0.079921170268343,0.04837018187969305,0.06909445960547246,0.13224044475726013,0.1054921955501678,-0.08736259595023974,-0.013616253345268456,-0.054112032818845655,-0.08295596131605083,-0.06818816015999797,-0.09321600847786651,-0.067461273418272,-0.06304957296741169,-0.07032832399366194,0.23164309396320568,0.0907118406882496,0.00893416332534026,-0.04860493228483684,0.06602045583011819,-0.021445006323647132,-0.047029865400384174,-0.03754492242209933,-3.4287917898672e-05,-0.12379249593494146,-0.05485297548667934,-0.06347117929647784,-0.09212672396122457,-0.07995776471866069,-0.09676051335518843,-0.10524712080063052,-0.160195843277551,-0.10451434845802464
avg_max,0.5773376036614186,0.6614865821320693,0.5435741534951885,0.7349217607570074,0.6888334356857574,0.6267493185536598,0.5325608328194398,0.5435437088829955,0.9252708193425058,0.3715519932128226,0.26090398125199754,0.2439845535228872,0.29403900760312573,0.26742796529861645,0.29115178739873443,0.2562183149039396,0.22916817887742985,0.3004586454143985,0.3715519883038981,0.2609039890159794,0.24398456358077608,0.29403899990965365,0.2674279668800507,0.29115178245696033,0.25621832136309547,0.22916817128003308,0.31597174998134375,0.46827943568768254,0.5603127317367275,0.48166045256002143,0.6022153358289363,0.5662265135507094,0.48896758568967275,0.4632486247597413,0.4978535999090241,0.7779982954089242,0.6313359986032028,0.6213295982505551,0.6137477375709206,0.7966126902935182,0.7630371993221675,0.6915396577626419,0.6250737169309039,0.6084776002813019,1.0,0.4086251948303417,0.29046441968177333,0.23283393275950043,0.2727924943849775,0.27766364599628995,0.2782582885548654,0.22468197258573314,0.2100969674554727,0.28987495488618,0.18430497627550224,0.2479822674174561,-0.28171906768736665,-0.3458729369971146,-0.4353061948550079,-0.18861144746257888,-0.3685229763689584,-0.18244874468902125,-0.35142763037051433,0.18430497146211305,0.24798226676071067,-0.28171906608680114,-0.3458729366887965,-0.43530618918366776,-0.18861144198349705,-0.36852296794155975,-0.18244874401160313,-0.3851300046669065,0.3272089522913368,0.22965527949984907,0.1570879472015325,0.13261704871362054,0.23595100405288136,0.17227846184823156,0.08091513130783262,0.09926403208845881,0.15980121972571368,0.06700397988644592,0.020679225846805087,0.05705655506828546,0.0570009761558439,0.08573105115976662,0.08282664436792646,0.06917735154191777,0.05488308137968347,0.06975500254307906,0.3440015988156597,0.22913901423132857,0.1029263327954227,0.07542032412499546,0.1827452924897415,0.097326416777297,0.01872844233614497,0.031963733426587905,0.0886139225598637,-0.10795457251132243,-0.10292220685177726,-0.16635988497928159,-0.14951837622169747,-0.1852191124010793,-0.1743699866204835,-0.12115227837003814,-0.14215947980023194,-0.18103216863794416,0.40253242105805415,0.27998014455078785,0.21725996713384563,0.19435189133174147,0.2980120864742923,0.21605437988703213,0.047836930775373016,0.14417059364109328,0.2190482926304059,-0.006780566633002946,0.03132890485218073,0.026926154948294045,0.02145956778619287,-0.0004986132816701338,-0.018884871342152866,-0.028158919436060352,0.008857023055896996,0.012259033671431946,0.37264746552497247,0.2806035999548498,0.25375208512932335,0.20460866290124785,0.31259113364332863,0.23596768932153792,0.04334701732242346,0.07701738471606835,0.24207790086348469,-0.10723860288037852,-0.024311180130455374,-0.01693846976675336,-0.01922368051438853,-0.0703486269478129,-0.03397851466624096,-0.01995852468934328,-0.032494858822277914,-0.04409827641583998
Fp1_amplitude,0.1665418081167441,0.17535213596936453,0.09081339932453505,0.20117873964773206,0.18203420882640722,0.0791396867098029,0.10052094653782115,0.22161906299343934,0.20908593147517315,0.9593578240605565,0.8231659497460745,0.7319270984317463,0.7385071216961328,0.7251480953755093,0.7651238688240938,0.631357281166647,0.6373291477871003,0.797025759460845,0.9593578201932882,0.8231659409479836,0.7319270918066019,0.7385071211643662,0.725148092631529,0.7651238659281959,0.6313572823534626,0.6373291435001146,0.7949026390701602,-0.10978785944805208,-0.061548405988928065,-0.02432590880568523,-0.022617842040754656,-0.03950016497132589,-0.18387716592804604,-0.03896210046322647,0.03195741590956757,-0.01756847399661647,0.5386533465251152,0.5132316751313224,0.22486501350081972,0.35270632243247263,0.3916905160083828,0.25489167730414475,0.2918956819573308,0.3848720873239264,0.4086251948303417,1.0,0.847459482879642,0.730273824066399,0.7295006533218278,0.7266789873435202,0.7726989101960687,0.6177783210320785,0.6213209390640215,0.8000023155829031,0.5568258923432438,0.531864547787176,0.13388499767324324,0.13651740420817096,0.22278347208538096,0.3415388929135072,0.1929159286311333,0.21802293568918257,0.25336571075442027,0.5568258868811022,0.5318645478660347,0.13388498443958738,0.1365174008050347,0.22278347281044017,0.3415388928708414,0.19291593358799047,0.2180229298469439,0.21496366641431647,0.4862733876399043,0.46021535958883986,0.3084423557114595,0.28683199527043807,0.3293911955552328,0.33057362082991126,0.25793071817142194,0.2348771450034375,0.34053284974424386,0.07579695099377295,0.024095599517609218,0.13483262296341608,0.12245810945312917,0.11524546962184597,0.115129101152198,0.1422274278787776,0.10646460238719258,0.11952679795591228,0.5308555536122816,0.4657380504516082,0.2470416091220479,0.2348419373147468,0.29379621730620353,0.30325730727834865,0.17032553167003842,0.165218291221454,0.2648109515627522,-0.08675428351379036,-0.04921090606478353,-0.18473741285483622,-0.16934840805598658,-0.1676308002413258,-0.1515764208538324,-0.1549653167029581,-0.14266697426931077,-0.17945325624355954,0.526258154230962,0.46425845401447235,0.3236760922099321,0.30460268794397966,0.35471140258670725,0.3582223521405015,0.21026139823385,0.25009442479545174,0.3578686376126694,-0.06878609431712684,-0.015605552038653478,-0.045126294776397784,-0.049354585131386554,-0.05203925500758471,-0.061494236609296635,-0.0659045078933067,-0.030329571182171514,-0.04066355100481291,0.5167385574585195,0.4785261653931004,0.2830515662021701,0.26636597122907396,0.34405473828216526,0.31219955083525425,0.11710755926747346,0.12413870978240697,0.3213378730567222,-0.18488742738152822,-0.12634108384654252,-0.1515434775241758,-0.1424985622322691,-0.14633607504595392,-0.16398234423291533,-0.17438449489169758,-0.14938973694672464,-0.1629653529891604
Fp2_amplitude,0.10339220677251093,0.10150656634490787,-0.0056235893756163115,0.17600541045224508,0.07591335206931052,0.04490637133234202,-0.007028364751132272,0.09972346335627079,0.08171665086367237,0.842185677069919,0.969356492038176,0.8306729613410148,0.8320231048144608,0.7821565624848831,0.825254803525197,0.6384174203386378,0.6984006408432558,0.8580080688717702,0.8421856751242303,0.9693564913685789,0.8306729583610766,0.8320231022833787,0.7821565563537913,0.8252548018240148,0.6384174205436788,0.6984006372810043,0.8410990918432292,-0.13458989842207192,-0.18829615556362597,-0.12369482438261073,-0.08131846724614347,-0.16958867698220534,-0.24432068344974356,-0.14648375509459266,-0.11027417172361668,-0.16098019927106755,0.41980947280953973,0.5015513014883927,0.14307868417473735,0.34027243490762354,0.29470188918480245,0.23263105976205678,0.1865078329879293,0.2760420612492984,0.29046441968177333,0.847459482879642,1.0,0.8183086726797324,0.8139266031474988,0.7677965020703534,0.8243511388473657,0.6224936000811857,0.6787498761630255,0.8496666772739235,0.5717282432083111,0.6662493124137903,0.2507690293568631,0.1851593696564699,0.385209288599981,0.420005740824008,0.3096913635725589,0.3765615443269455,0.3911217225153447,0.571728250602035,0.6662493111080189,0.2507690162201847,0.18515936203531827,0.3852092909965213,0.42000573962730736,0.3096913693596122,0.3765615368830882,0.35343986931520466,0.30185407879336423,0.5540240033316675,0.3343064362027341,0.3242688002580488,0.3168901242895168,0.3551273449963523,0.3001770096218392,0.28668270775418214,0.3329501198794263,-0.06692794389775875,0.048953856526817406,0.12001832135871598,0.10156773613246098,0.07631771915921805,0.08413044840675508,0.16083021082386909,0.11786238370440814,0.09651171394707751,0.44055105979103953,0.5817360128699389,0.3336903991303281,0.34332044584994525,0.3506024656245978,0.41265528530212875,0.2652121909269837,0.26951082147635697,0.3663294478236751,0.05339901567157289,-0.04601866457755096,-0.1273096951144107,-0.10958502737295521,-0.09258409461266424,-0.07997522364522819,-0.08837284304857514,-0.08452343981516934,-0.09362140755136963,0.3854001448863057,0.5457393456648852,0.32981527636132696,0.3514908277816424,0.33317698589462175,0.402877373282273,0.22474906241156434,0.2810109929090041,0.3659337223691993,0.03706147710634312,-0.0610746812661166,-0.08396321534672668,-0.06855293584223761,-0.06536856978660387,-0.06746030134763713,-0.12839142404349044,-0.08406479369998897,-0.07710843146733488,0.358674241631439,0.5517634334458825,0.29857728672664535,0.3158645571202511,0.33420776112402184,0.34420706949397756,0.1426053425595237,0.17077974529778603,0.34144473424785826,-0.06527839371062992,-0.1780519017228325,-0.19245007130007946,-0.175745876091633,-0.15818733214881814,-0.1939691533761869,-0.23279731854637933,-0.20702819907589606,-0.19059883192590588
C3_amplitude,0.07702231684342302,0.05343414306949122,-0.04368822396925847,0.07554766581260833,-0.01306246998382524,0.011292943092280731,-0.0989663886575871,0.0021887408332329013,-0.009086972159152773,0.7146869319778107,0.791047529395246,0.9704931334240697,0.9071927420194285,0.9364245499163344,0.9107637015317981,0.8367895657059086,0.8854304217761644,0.9408491956135775,0.7146869329493147,0.7910475269238639,0.9704931334024371,0.9071927442799043,0.9364245503956681,0.9107637050547325,0.8367895587323175,0.8854304195116767,0.92262787998365,-0.12809740384615195,-0.16401774804146205,-0.1980775287067099,-0.21170684599870906,-0.32789600770704247,-0.3237721090026408,-0.31481607868699774,-0.2796011755005463,-0.28679911988847523,0.34688439097405177,0.3903028103555487,0.13598385447359895,0.2697859085543628,0.2646676906941473,0.2444193923705952,0.1862915124987497,0.2439561012119731,0.23283393275950043,0.730273824066399,0.8183086726797324,1.0,0.9253798584383349,0.9464973546939075,0.9369474821118984,0.8486509409876883,0.88288124090326,0.9643509112461061,0.4577820000362086,0.5353181741896246,0.285663622925541,0.2830586112094466,0.49410188683147444,0.44119982937484337,0.47208259660792334,0.4873040244541356,0.44311877332759886,0.4577820066465714,0.5353181693392163,0.28566362207111695,0.28305860034317243,0.4941018849588117,0.44119983439867777,0.4720826028899767,0.4873040229048817,0.4022280054109871,0.2819487310124114,0.4380843866493056,0.6128515673806427,0.580958125876954,0.55818271577895,0.5725136407453402,0.5896303957651886,0.5608599596990161,0.5481688845341559,-0.008855544386357819,0.09520322485214144,0.31521296488222267,0.28339290939302614,0.23478681384684313,0.23650745352927421,0.31475669472962403,0.27535909907077605,0.2556440899750712,0.3888390401263765,0.46123467083813663,0.5545839020267328,0.5449177663566468,0.5533134941304191,0.5882747381265769,0.5182115845414701,0.5115116018052794,0.5721231727431324,0.05734305499720076,-0.02931083489107285,-0.20750916263135846,-0.1825285666513452,-0.14283278856500653,-0.13513468519831565,-0.11782066872193861,-0.11826823369083776,-0.13547501491257385,0.2712981793217397,0.3739333979120629,0.39339989590136365,0.40763991195984894,0.39522362324335364,0.44837120276424336,0.4125577910789012,0.4016095847265632,0.4213630556322657,-0.05481228416397766,-0.13804695083644608,-0.2988354330259971,-0.27113245943589914,-0.24706275061698113,-0.24103235575453627,-0.30840540163429697,-0.2612146207303818,-0.2654314764546839,0.18525326826101549,0.32444998620520976,0.3432649540461128,0.343461153098713,0.3697808920975953,0.3608988245184739,0.362167049506692,0.34942770555260405,0.37383584567043115,-0.13446925525603326,-0.2213549534883248,-0.42552363580959063,-0.40002458973321586,-0.35766832156604367,-0.38138108575887825,-0.4265227904250476,-0.3937611115875724,-0.3751605694729436
C4_amplitude,0.0624330705529819,0.06444225161573745,0.007833136896534065,0.07760798359381045,0.005628463395115839,0.03852377028968841,-0.028290087487097146,0.05116628432329207,0.03249823125259825,0.6861341047916757,0.7678101021912009,0.9026576952093204,0.9724054715205508,0.8376080979510154,0.8992474269296823,0.7729733715734144,0.8119047900528075,0.9071582345672763,0.6861341050291521,0.7678101000747365,0.9026576966843147,0.9724054718721746,0.8376080966868484,0.8992474328836456,0.7729733675495201,0.8119047817398788,0.9073085274381283,-0.1452561541885279,-0.16762912719971773,-0.14917184970996453,-0.23188497816800305,-0.27148209551434066,-0.30279084622593744,-0.23329158579240722,-0.21117513495589918,-0.23942070868723092,0.3328148764940604,0.39647192644509344,0.1861715465127852,0.29532692413216194,0.25941752527020756,0.2732371732996647,0.2232864816944885,0.2803259591329499,0.2727924943849775,0.7295006533218278,0.8139266031474988,0.9253798584383349,1.0,0.8576673095659294,0.9315341293866546,0.7800807818269382,0.8132199373670911,0.9317602217493886,0.3633072578304207,0.45546943675059687,0.2259420505041572,0.2270420266644947,0.4046498560275122,0.348059607016131,0.3819607515436927,0.38069139572181665,0.35180325968789744,0.36330726107722994,0.4554694341433235,0.22594204824262948,0.22704202051545125,0.40464985397327546,0.3480596054897742,0.3819607557752288,0.38069139622111303,0.3161492126519701,0.31104759880250665,0.45603276980059493,0.5496831798294501,0.562669038294317,0.518487696181456,0.5536167866842262,0.5251318238395242,0.4990925468152244,0.5080432215167004,-0.05326703293487559,0.03492335296961504,0.2338826961002686,0.24202824240016926,0.16671939070328717,0.1943463891508757,0.28985990096398656,0.22501057564905608,0.20056513465600548,0.4316722051844214,0.502321501427681,0.504844884414837,0.5243025176794942,0.5210205208156176,0.5689320090065384,0.42820763919889354,0.43576207437276593,0.5276854927815158,0.04373218128809139,-0.03521243706069791,-0.21671877838243092,-0.21944993053352496,-0.16652565175943695,-0.16706435712361886,-0.15951897798192488,-0.14466784840186575,-0.16772932097137982,0.3540292805313319,0.4467272412992632,0.45713101855835603,0.48252973474205385,0.47530490179292345,0.5051836595333086,0.35732024215140606,0.40260733038050706,0.48049757278877153,0.009867295293706982,-0.05861839277517339,-0.20356692462177525,-0.21121411579002863,-0.16098242788467917,-0.1840465198604391,-0.257705824063074,-0.19787155103425755,-0.1910126150658582,0.278769547484072,0.40709911685922745,0.42309124290012706,0.44680197453352083,0.4612521425011081,0.44291849907651376,0.3085488847362029,0.3484150743311582,0.4623439161884146,-0.10652671685430075,-0.1769155717674806,-0.34236718016140116,-0.3440782175750465,-0.29077687063140295,-0.3306457540803322,-0.37320524102208213,-0.32848144598495266,-0.3163735014262253
T3_amplitude,0.15912913196271503,0.13400759127218392,-0.06984462775745412,0.11237868779431136,0.03864378222362055,0.08218461240808782,-0.10382570686239143,0.03371231919518143,0.04482340549656575,0.7177593257729181,0.7441609811976799,0.923529039980792,0.8375768734125496,0.9699252485329981,0.8713480705233286,0.8662030632134147,0.9037799214043083,0.9189527183904733,0.7177593261938535,0.7441609873523038,0.9235290324274339,0.8375768712859717,0.9699252508536796,0.8713480736031909,0.8662030588699886,0.903779920310681,0.8943995491395338,-0.03259583319731239,-0.050907811559670835,-0.2111013645426645,-0.15895713831493913,-0.30085967077453096,-0.2425682413350777,-0.32754924718496864,-0.2570550557327649,-0.23551058191313612,0.41168188597189076,0.44657765998806576,0.09589986641626379,0.28504940030834913,0.321852373387817,0.3013107598160119,0.20006858481382836,0.2795396927147936,0.27766364599628995,0.7266789873435202,0.7677965020703534,0.9464973546939075,0.8576673095659294,1.0,0.8998323443362266,0.8833440257087866,0.905024878806223,0.9473108638683172,0.48226342551580853,0.5373873806087893,0.3364330271687212,0.32334659371340524,0.5033392262556758,0.44277546426252784,0.48707946410763625,0.5158988009675564,0.45429887122583634,0.4822634308924024,0.5373873740067646,0.3364330290943431,0.32334658417057344,0.5033392251935707,0.4427754687628782,0.487079468064862,0.5158988018132213,0.4084810952185745,0.30747310402541905,0.4241599529228226,0.6300727050615713,0.6039688964712084,0.619403381554674,0.5971129040764966,0.6287135418584074,0.6003280432561259,0.581143785815801,0.0669729830001714,0.15786878966862133,0.35020465261775247,0.3377613799655164,0.2985224696700242,0.297320395720574,0.335782269750954,0.3211791963776063,0.31811523472547565,0.3804544533491841,0.4094623288191178,0.5701794482507002,0.5446136484232295,0.5976617949374101,0.5786577038105108,0.551160498392329,0.5353822728060267,0.5765783065121747,0.04098607792328425,-0.047468762749090475,-0.17565868252180813,-0.1762379573438886,-0.1390994227523507,-0.13981741268441333,-0.10144159309525974,-0.11899238934910669,-0.13094017801146335,0.2501151668926569,0.2990417626489472,0.33450079062410293,0.33659141852176155,0.3737713903367219,0.3711690427691058,0.439758949291191,0.38713977427599144,0.36641290047388264,-0.14149786234910317,-0.21706439586015167,-0.349814012335314,-0.3368494342075719,-0.32433679723799114,-0.31762410465820134,-0.33694531312170645,-0.30436614146330665,-0.33383059209673366,0.18903879517401473,0.2795901209906307,0.29922823690552386,0.28690293819676355,0.3665932385075722,0.30940850973207923,0.4122823465375829,0.35314798351632115,0.3308781836099746,-0.1846992582645518,-0.2420171915778334,-0.4505842644114479,-0.43750732789949487,-0.40754141213443695,-0.4191428395767601,-0.4408321236745463,-0.43042012551221376,-0.41820371475821266
T4_amplitude,0.07118957226261777,0.05561863575992022,-0.0020323332599561806,0.11602266487779943,0.017145475319035635,0.016129665168488683,-0.05457490578548572,0.040177992715943245,0.03393594946832636,0.7502251071828083,0.7977480885020569,0.9254636743297125,0.9154963393302302,0.8952122303417497,0.9631859504127038,0.8443717021624726,0.8669364044146277,0.9456019116537486,0.7502251100955728,0.7977480868093123,0.9254636727487126,0.9154963401475436,0.8952122330739696,0.9631859536798539,0.8443717035255169,0.8669363973031033,0.9378224690260386,-0.14942809104933608,-0.1620495711502465,-0.14983733278089986,-0.17277184461270398,-0.27975048451998874,-0.3355042263473709,-0.27134986404168754,-0.2348473698393207,-0.24413865472016105,0.35961771834402734,0.38466655724692617,0.17000000913880228,0.31471757004904777,0.2803449101142041,0.26572944552645295,0.22312677442575887,0.277454211664119,0.2782582885548654,0.7726989101960687,0.8243511388473657,0.9369474821118984,0.9315341293866546,0.8998323443362266,1.0,0.8437536181361177,0.859967277606961,0.9615086548401761,0.4783094724707242,0.5312628655579572,0.2335316970261318,0.22268268664405577,0.4258314498830684,0.438147961725355,0.42117048553700487,0.4218607318440584,0.3990707353428478,0.47830947391665907,0.5312628629909674,0.23353169909589847,0.22268268503350985,0.4258314462599141,0.4381479635437829,0.4211704896524354,0.4218607307494683,0.3577311931727601,0.3156864823536133,0.4395058218951096,0.5373811509183702,0.5429803659861947,0.5037401598830483,0.5665677638080943,0.5297700303178065,0.5081218682704691,0.5086759240747896,-0.005109609422843636,0.07303397383525488,0.2770340666338615,0.26634305590626833,0.2018232095314758,0.24157820711831957,0.27864608852169276,0.24222816876194075,0.23058028804590777,0.39258620040521475,0.45286535088879526,0.46443347756006115,0.4831852927499196,0.47738306011984527,0.5387276449137972,0.44291719310740957,0.4400311695913229,0.5020210332636312,0.01671001834977135,-0.04460618465210894,-0.21829170123351221,-0.21070589242495902,-0.16700205050205846,-0.1898420000213063,-0.1399528043905872,-0.1434360212207214,-0.1709358727241159,0.3258893865414159,0.3965746280875828,0.37869865663296576,0.4160167311888985,0.4032083066846668,0.4593378266494497,0.40562721484538306,0.4096103640964037,0.44588318775524244,-0.038897002520539854,-0.09660779675017225,-0.23237279084739548,-0.22319199248334667,-0.18652345850881344,-0.221167531028034,-0.24065699987728434,-0.2005751519483039,-0.20509715621451857,0.2669484777498235,0.3658802941687518,0.3388261820372123,0.36209011538613467,0.39144709197241845,0.39166789012550696,0.3393180753643805,0.3425205393165099,0.40171066173668535,-0.11963956379512028,-0.19027940268045582,-0.3508797790553859,-0.3518912021200931,-0.28974003789075065,-0.35362878599878694,-0.3733661021822313,-0.3427782630736472,-0.32111053222542474
O1_amplitude,0.05962613394144479,0.03655836475033029,-0.022983661255440126,0.06667487401481542,-0.017122542917753017,0.02620764174810824,-0.06446722288908702,0.026000436897018524,0.0018315487424794231,0.6082030565855386,0.6038638911876234,0.8297880889099016,0.7591680580170379,0.8716276876209038,0.835038925665934,0.9736983830968184,0.913906972822686,0.8669366912816907,0.608203057211446,0.6038638903319978,0.8297880825012136,0.7591680604822185,0.8716276901757484,0.8350389330327301,0.973698378788839,0.9139069661032624,0.8634930936999239,-0.10521882860044292,-0.10046084352577297,-0.15839307577541153,-0.1826678902069116,-0.31121839938107226,-0.2877704491360834,-0.3375917159250982,-0.2774704951907948,-0.25653086508752176,0.27436962251582253,0.27654418707121353,0.12825283083447883,0.23042764990048634,0.24174062212863406,0.23206485583503914,0.26717850412110933,0.28134598494499075,0.22468197258573314,0.6177783210320785,0.6224936000811857,0.8486509409876883,0.7800807818269382,0.8833440257087866,0.8437536181361177,1.0,0.919051848829991,0.8892649556268207,0.3791768579090586,0.3897351071445984,0.23775385965716997,0.20738101847757628,0.4481913078813842,0.3613265814417099,0.47675277470296135,0.44389413234008335,0.37726888877601134,0.37917686331922945,0.38973510186405047,0.23775386210590504,0.20738101286297564,0.44819130357135756,0.3613265835645277,0.4767527790232096,0.4438941318812576,0.3436350254028802,0.26484897643975475,0.32291753009050306,0.5899890097580655,0.5804170737653781,0.5598482910222665,0.5574177732928105,0.6807465737003906,0.6213293610960321,0.5706605683539187,0.1177445495314096,0.1556554572489034,0.3539975366456062,0.3446747123781022,0.29009304198728825,0.309503345880225,0.3264918126977693,0.3141470561023242,0.3184306296788475,0.2525672495533254,0.2877976681449009,0.5081531315407133,0.5013390042956211,0.5137583053540657,0.5070694861465818,0.5964529501318095,0.5548696607674375,0.5453835398840233,-0.0188003380470937,-0.05186385701263759,-0.17887365987938306,-0.18000575415621842,-0.13868511599833042,-0.15066830007108714,-0.1242550323068129,-0.12612375899624764,-0.14431419515006078,0.17310734150485935,0.21134413939353205,0.30391951680166523,0.32181795846869976,0.33926821716090877,0.3317864671594823,0.5626129805045625,0.44452074916045103,0.39453025723892204,-0.16989994615874174,-0.1845005735730189,-0.32549790733901474,-0.3181800066593915,-0.28203000104080084,-0.29813039096311,-0.30266105192542236,-0.2824382878974623,-0.2992723479062785,0.10140592380590666,0.15754382591924315,0.2222521803360968,0.22659127109857782,0.2767569197305014,0.2184139781884245,0.48756847343748283,0.40907144431293646,0.28433636803927026,-0.18539086581546474,-0.20884096710925734,-0.43956862554594195,-0.4395703460891058,-0.3867258329641937,-0.4234544391848239,-0.48059293276713083,-0.4345260015175822,-0.4121666749319101
O2_amplitude,0.11146889845710169,0.06670845357558074,-0.07637828260900904,0.05218146188183284,-0.007407238236523717,0.030861862535652446,-0.10284046177888616,0.02549929434262676,-0.01312579869144849,0.6189140915331799,0.6609552654977872,0.8636991950857212,0.7885707611266705,0.8946628265383096,0.836772017599687,0.8929666673102071,0.9781257016033643,0.89073943186975,0.6189140909571569,0.6609552652571717,0.8636991918038622,0.7885707621504113,0.8946628261202538,0.8367720226447626,0.8929666640254365,0.9781256992508022,0.8794365037622994,-0.0515516894377835,-0.08779972049707996,-0.20768112080603002,-0.20346466106860592,-0.31460578678932594,-0.28459220435901306,-0.3453811361529548,-0.29878760282195815,-0.2785970490352548,0.3239828648612548,0.34047413431585394,0.0757852188834012,0.21661772088489417,0.25071788649516075,0.23931942171080833,0.2065935343268348,0.2881047006088673,0.2100969674554727,0.6213209390640215,0.6787498761630255,0.88288124090326,0.8132199373670911,0.905024878806223,0.859967277606961,0.919051848829991,1.0,0.9167099653323852,0.4188258945875098,0.46320638685999294,0.30770161476779234,0.2981182546242996,0.4995098833643836,0.4139480623644949,0.5103138669611401,0.5016966180292397,0.43830797439714525,0.41882590022184973,0.46320638243368123,0.3077016184612159,0.29811824643296564,0.4995098812846253,0.41394806095597086,0.510313874120467,0.5016966216882944,0.4042168964192825,0.24543972634344244,0.36539591600846605,0.6080643813071711,0.6054307854980379,0.5686529001248866,0.5863878841233627,0.6761875491901694,0.6998244876351036,0.6077492683717861,0.08121558683075707,0.16441943736642936,0.3453422926756112,0.3411276878473531,0.28081973540076594,0.3038330531086087,0.3283536600364883,0.36091349486085106,0.3212637468917374,0.28685111971040883,0.34677068271985584,0.557346342958757,0.5541554887116601,0.5557743889206201,0.5694874256347562,0.6137591947003903,0.6222879441774753,0.6017242809906458,0.036215939343901125,-0.035783087396339466,-0.14845218707551075,-0.15753794842137936,-0.10112894960608389,-0.12353911352557378,-0.08716205863089398,-0.14635543132762147,-0.11173603052232786,0.16197994643118324,0.24120174096072472,0.3061324813420486,0.3325648002247241,0.32331778875984046,0.3511464796734481,0.5177802037304723,0.4548310858803391,0.3863030163225436,-0.1555773189908987,-0.21498228291853497,-0.3507562928773009,-0.34321255413381374,-0.30826690700789094,-0.3210007464264938,-0.33225671515234473,-0.3433570903040512,-0.3365375437139073,0.08401185896039455,0.19199147797650482,0.2511638207241525,0.2557364266444623,0.2906248602600893,0.25723612930392004,0.4728963432457584,0.4291735794429148,0.30561948330006905,-0.17780842276617928,-0.24195339177441175,-0.4516413487195003,-0.4576969847443695,-0.3944712066515709,-0.4405027823865321,-0.47897644447682625,-0.5105974933532728,-0.43666561502819484
avg_amplitude,0.10282720256178032,0.0814411761939769,-0.028613819176135355,0.10938903816416543,0.02634296830615969,0.0453025876715817,-0.058672982101401434,0.05587248928183428,0.03904959502481913,0.7746896833126543,0.8155264824416095,0.941849183500454,0.9118895648895642,0.9320682739589157,0.9316663632750548,0.876576058407976,0.9153010064805068,0.9732114267241257,0.7746896831070389,0.8155264808898693,0.9418491814169422,0.91188956590604,0.9320682725915563,0.9316663665109864,0.8765760551169263,0.9153010016522736,0.965389079410079,-0.12077971565234107,-0.14400145980802231,-0.17763002684573975,-0.1780884192491853,-0.2866215582907555,-0.29774385124882613,-0.2877128695481962,-0.2403669811520631,-0.24908291819645334,0.39260115675734913,0.42279866598902766,0.1457385686170994,0.30223120730939895,0.3017209323443785,0.28079548020182254,0.23727832712771418,0.3038624370340086,0.28987495488618,0.8000023155829031,0.8496666772739235,0.9643509112461061,0.9317602217493886,0.9473108638683172,0.9615086548401761,0.8892649556268207,0.9167099653323852,1.0,0.4832000712527032,0.5414050423700959,0.2792902540362626,0.25642442808963345,0.4612394853939014,0.42814794596305683,0.43946436351215973,0.4618900804356993,0.4197122360925232,0.4832000753209773,0.5414050380185007,0.27929025123397344,0.25642442116422004,0.4612394837121081,0.4281479470462804,0.43946436957738133,0.4618900793594562,0.3801976829969004,0.34392878087373646,0.47900718392112535,0.5865347852714334,0.5775127430093061,0.5568821958956147,0.5791258284363799,0.593681255672092,0.5731084517700894,0.5721901595229713,0.03752376997363108,0.1207319576712419,0.30457245182673803,0.2936657361770667,0.23926711166086634,0.25649817938411973,0.318834641144829,0.29037414837406106,0.2718762007934582,0.41472082781651387,0.4734789278630465,0.5201381077633782,0.5200567513043861,0.5350181973059396,0.5635290344472059,0.4988326860746453,0.49361946555546055,0.5550348523008914,0.008138724217876188,-0.0643585528439551,-0.20776859479453422,-0.20226832156841845,-0.15944901751596946,-0.165884002597963,-0.14495209235346587,-0.15747111353599968,-0.16730658054262645,0.31773581544604984,0.39583414132374495,0.3837568909699665,0.40329599813162664,0.4051472162529005,0.43861441271022245,0.4290321641223784,0.4187083650202359,0.4423607688551409,-0.09247875788921739,-0.15409066811774186,-0.27637162103512736,-0.26769206184972416,-0.23925351218037716,-0.25100404669916937,-0.2931117010534751,-0.25460599482435503,-0.25981206717559785,0.25388334479029573,0.36673552263673587,0.33872396077084577,0.3478653152114409,0.38447605898737863,0.36301723333952207,0.3696252682307837,0.35667802759643547,0.396499654349391,-0.16709259626764333,-0.23293063838801714,-0.39909413145718264,-0.39186466345708376,-0.3480273478572481,-0.38333331502256285,-0.4289944965403178,-0.40637263671867196,-0.37725942933310525
Fp1_rms,0.26818174915380266,0.2014377709304793,-0.2142171740990015,0.2796610901328667,0.16387591031296406,0.009895680381524162,-0.0630322018970883,0.07578019604993258,0.09538730084216573,0.6248747807928654,0.6185256589432819,0.49824781751122726,0.3928363007768265,0.5290577993917478,0.49558902250980075,0.40215106936517675,0.4411152912762286,0.5168260876505171,0.6248747846655655,0.6185256478656116,0.49824781596244916,0.3928363032890447,0.5290578033145025,0.4955890213645658,0.40215107712610015,0.4411152871846472,0.48099364340915735,0.1273539200623693,0.10390936879910022,-0.2377435863719135,0.10958123775239138,-0.04657312980967126,-0.1556782327943707,-0.12609971306450452,-0.0632948162685399,-0.06312318768590831,0.4532504655048187,0.4014491755131482,-0.15087772435182475,0.33111112797922443,0.23568992646809606,0.10235234185202843,0.042497169205519485,0.14951038242644688,0.18430497627550224,0.5568258923432438,0.5717282432083111,0.4577820000362086,0.3633072578304207,0.48226342551580853,0.4783094724707242,0.3791768579090586,0.4188258945875098,0.4832000712527032,1.0,0.8979221913020667,0.45637304809454954,0.2999042512733597,0.41479463405954115,0.6703832359290612,0.4230339423780621,0.42762336308668353,0.6016599639782001,0.999999999998936,0.8979221865146719,0.4563730493651957,0.2999042488680884,0.4147946322047451,0.670383229870804,0.42303393445388243,0.4276233608357271,0.5785215598548663,0.07787482624582624,0.20695095173710823,0.11297131993422137,0.1165991197068387,0.099726998530707,0.14166964348973216,0.1170619646463038,0.1236759349755479,0.12142970133174286,-0.02753882840581968,0.025356003358484897,0.10837907158945657,0.06132747119783301,0.05744699877501801,0.05973165727864896,0.0584800617496801,0.05924651584577724,0.06583265423014212,0.13361929491913596,0.21446312645944518,0.09354647777896656,0.13626193474581896,0.11328372600924398,0.18310864449433067,0.13100239834332633,0.12740194305248015,0.13295271869940314,0.08456849975558194,0.07201975900185581,0.014124193003431514,0.04634799667333619,0.05705855386297986,0.06548447557495055,0.07046421186089372,0.02991510003106232,0.06523988116656476,0.105696997971714,0.1680351461361383,-0.05175261528897307,0.019838438732599058,-0.015404485785692954,0.0354316759006176,0.11534310313202122,0.11802302884651648,0.0549610944534328,-0.03263581477649863,-0.0844908279216177,-0.12557128770451492,-0.07584484633673698,-0.09527789418035826,-0.1042680435220788,-0.05950421335758986,-0.04073398996330583,-0.08720249395149506,0.18920648119635886,0.25807576764682405,-0.013003389132821936,0.03188947514291013,0.030598335257402888,0.05426939455292875,0.06779008194295412,0.03581066183038766,0.031212520242824185,0.025632438252477338,-0.051327367585561785,-0.10906206521239013,-0.1029479188331516,-0.08563162011704564,-0.12930285418290138,-0.11088727267158713,-0.13921225182244495,-0.09426407066244094
Fp2_rms,0.31240873257904095,0.2960913043268366,-0.1858474647558708,0.3070583103625995,0.2974997756607894,0.028578668583667585,0.03306935678161708,0.11778732305183662,0.15798922370853263,0.6000973049297172,0.7139831555865258,0.5783704400321744,0.4906780605674767,0.5923005167994456,0.5539913453033282,0.4165186149377011,0.4881959557349305,0.5786058312863078,0.6000973116365194,0.713983153176565,0.5783704391812797,0.49067806202103803,0.5923005202365796,0.5539913409740145,0.4165186210177094,0.488195955737549,0.5364200011833655,0.16993888683108546,0.16009728127693248,-0.2218476790672782,0.10567399164938238,0.050227682632587284,-0.1701219846067641,-0.04709664852497277,-0.03547059315219166,-0.03734146029208507,0.47036869755105754,0.5082845962449555,-0.10538258693928372,0.3751466195150406,0.3862742728770917,0.13545244751323166,0.164286754321448,0.191502026714904,0.2479822674174561,0.531864547787176,0.6662493124137903,0.5353181741896246,0.45546943675059687,0.5373873806087893,0.5312628655579572,0.3897351071445984,0.46320638685999294,0.5414050423700959,0.8979221913020667,1.0,0.4899469002239407,0.325866874716322,0.4350518687283759,0.7150973367801075,0.3612165296562433,0.502019266783767,0.6136323848955187,0.8979221979316933,0.9999999999991295,0.4899468973173297,0.32586687418401694,0.4350518638377133,0.7150973333048719,0.3612165213920281,0.5020192604776033,0.5898041446802025,0.00928209876892272,0.2537663127831561,0.14522543815129765,0.1585388259744608,0.10974065753103486,0.17056733843717506,0.14392734915860494,0.16199748224030752,0.12684780751044797,-0.13245004052307532,0.018741118112182847,0.07464363978958775,0.04128385128972815,0.011054389076493386,0.027748868071486313,0.0633178990007545,0.0622418763220767,0.03573625673720846,0.14293049815146458,0.28435594559406824,0.17923702331790134,0.2278498445960456,0.1838819786167741,0.269164592640224,0.20183064880221865,0.20644651988800478,0.21955934876684263,0.17527671265093808,0.08275385703286275,0.05217615954205293,0.07756250932768714,0.10535592022189066,0.10155166009479163,0.123226402897648,0.07297489458843409,0.11995494887683335,0.10730791128173177,0.23246883695121784,0.01916046521679492,0.09292710915291699,0.04080105429030147,0.11531788866120082,0.13771972417981293,0.16031147825368178,0.10235343679257734,0.05989326430038768,-0.07746790415378248,-0.11744442810013879,-0.0795616502381029,-0.07377035832451316,-0.08754111348118158,-0.09580247223826678,-0.0718113604640507,-0.09322730799133272,0.16674879269507795,0.2987642752526947,0.07848735272599214,0.12448548564382943,0.0895592800923656,0.13365666512807978,0.11290995490378342,0.09498972253221398,0.1073803044606988,0.099118907144862,-0.07231327327188015,-0.11372364863125681,-0.11588118307971011,-0.08288138210503748,-0.1338540876613847,-0.1320310743814549,-0.16411463967264073,-0.10467570439489643
C3_rms,0.294635469696493,0.20505193837164706,-0.8262251322777678,-0.19597513864123775,0.04453849395730792,-0.10859437032026946,-0.19617468775979066,-0.15641143720172296,-0.3517857667584859,0.15252337995399234,0.251416642490625,0.24426426831046028,0.17211604545672152,0.2998631160378247,0.1708740175036397,0.18625129314145192,0.2707152450912949,0.22649924921252945,0.15252339030606454,0.25141663408750925,0.24426425367066434,0.17211605372627606,0.29986312459377107,0.17087401914369388,0.18625129353368336,0.27071525202311864,0.18040285853423677,0.23713258190228617,0.14762831294796744,-0.8392934336519191,-0.3046474766995113,-0.15748992718417612,-0.2138053025784325,-0.2671897222041028,-0.31540070503352247,-0.46785083707000474,0.316824665448432,0.36333723441701765,-0.7675780249822224,-0.12988599146736216,0.07379189333726106,-0.0445577667254434,-0.12360706974888523,-0.12627012666034457,-0.28171906768736665,0.13388499767324324,0.2507690293568631,0.285663622925541,0.2259420505041572,0.3364330271687212,0.2335316970261318,0.23775385965716997,0.30770161476779234,0.2792902540362626,0.45637304809454954,0.4899469002239407,1.0,0.6516664011064897,0.569477793861364,0.6782943950788052,0.6186043713739343,0.5499664759229814,0.7657766263725725,0.45637305929399213,0.48994689921939744,0.999999999998259,0.6516663996839926,0.5694777859790361,0.6782943888335671,0.6186043648418615,0.5499664748771389,0.8151114005030282,-0.051272325871577006,0.15387175467895003,0.25697805087035824,0.3021196077162306,0.24338267377516792,0.26784120126170247,0.3047416231971671,0.30670980742163784,0.24464388054711486,-0.01622361875435394,0.14106882046010233,0.17435790637774318,0.22368892539780208,0.13579249204026503,0.1683512971252906,0.20710436912030084,0.21837524198383582,0.2074824121975071,0.044374027134862166,0.1311874396699536,0.29114907527869593,0.30567813060563886,0.3186567828634049,0.3233546996046317,0.2756620874764177,0.27132219898210824,0.2717505698991938,0.2002460172488723,0.06579038357378064,0.10874067770154824,0.054099695881527333,0.15505919713908006,0.10672769641746573,0.06800805300538462,0.021141728992999112,0.12081012079747548,-0.128191409655985,-0.060011282268209024,-0.08397591065300924,-0.07970192951846615,-0.04026605631449823,-0.07053205972700187,0.14726184039795942,0.09302466115815257,-0.03549089498826237,-0.12843424943957452,-0.2856059414964641,-0.3219711601859905,-0.35608742616628,-0.2968535307720913,-0.3158926875967052,-0.25337609374014214,-0.24830604589657052,-0.330693230400234,-0.05387662546886886,0.028438271147200236,0.03154198577521903,0.040821733097834954,0.061624771577752584,0.05041580176748348,0.2055416727619529,0.12160721187517048,0.02890826985568693,-0.02325785940805585,-0.16271922772629707,-0.24591861487824554,-0.28665850859819036,-0.23044220606605473,-0.2581177197627416,-0.25522725450036915,-0.3069568761215639,-0.2729420986183143
C4_rms,0.14358220233181035,0.059569047325990755,-0.5830863958734263,-0.5435489484258185,-0.06410873033791636,-0.35067086029979766,-0.2297467251882412,-0.02144430996198509,-0.421627078337803,0.1457136973840637,0.207803259880012,0.24724728484667213,0.18655323370218604,0.29230648955594235,0.1726707515276157,0.1572412124274497,0.2594325613745832,0.21111950119230222,0.14571369984521798,0.20780325556808302,0.2472472863527992,0.18655323783184607,0.2923064891782622,0.17267074937938634,0.1572412036916424,0.2594325606108759,0.17094586141749518,0.1096052971478979,0.025455974558900373,-0.6092473331223693,-0.6268289613744701,-0.22731605737383703,-0.4443770446077887,-0.2921180158209181,-0.20618689025854509,-0.513937398508688,0.2598427368486301,0.28758855161538854,-0.5381066907120092,-0.4868532637708833,-0.006119534487404633,-0.24931046218932867,-0.14153523747140462,0.013717411909702432,-0.3458729369971146,0.13651740420817096,0.1851593696564699,0.2830586112094466,0.2270420266644947,0.32334659371340524,0.22268268664405577,0.20738101847757628,0.2981182546242996,0.25642442808963345,0.2999042512733597,0.325866874716322,0.6516664011064897,1.0,0.5454769689308643,0.633608843939435,0.5291074110654548,0.3406024950796772,0.6452701392482542,0.299904259753608,0.3258668767369054,0.6516663973918335,0.999999999997872,0.5454769660048083,0.633608835358891,0.5291074071744725,0.3406024954140863,0.6500378663758787,-0.07725618155269486,-0.01603070716720758,0.20143093393375527,0.21876214991995263,0.1778745841544825,0.18126016093480923,0.25498711132772744,0.2843574193800111,0.17653905720438692,-0.07342793409700551,0.04731413398629662,0.11516962423659527,0.1480424243866518,0.06554099097363826,0.09314749526521182,0.17946908728852448,0.17808262869204,0.13324169983412604,0.04700937007967205,-0.00019582230275647867,0.2665183309523941,0.271307798361272,0.29127182003791946,0.2781143583176719,0.2669496189067788,0.30262545291674703,0.26455526000626434,0.2229009062499543,0.11519621691029593,0.12370930487524245,0.09739381028825804,0.17705485370755225,0.13748089371904956,0.12550188901337517,0.08658971042579588,0.16566356918793462,-0.11151037453065435,-0.19214658211338254,-0.05826993108303655,-0.0987510252199726,-0.026340111959308604,-0.07934330755392226,0.10049708511395884,0.08434964157221113,-0.05175768091969147,-0.07200942772743785,-0.20396202482694387,-0.2624751352063209,-0.30793009338605987,-0.2370257268819449,-0.2520220096801461,-0.2598985328432885,-0.2417672916135662,-0.29363015560551375,-0.049155241188023766,-0.12767505726321987,0.09624329259640534,0.06238538597335968,0.12508395721115345,0.08747663305620801,0.24856618909097714,0.20088991066104014,0.09242300341194151,0.019494217709022807,-0.0731605540797626,-0.1512472706412913,-0.19058332885585075,-0.12631720015560968,-0.14311385856701342,-0.15110838414523092,-0.2235357262649459,-0.16771247773936881
T3_rms,-0.1402606027599014,-0.2020138616368227,-0.33342904821335784,-0.39839364735259697,-0.37875147961187555,-0.2969625286536651,-0.4639804323652561,-0.1955037963134169,-0.5510277246496702,0.25634678159452595,0.38660944636448785,0.478619426142851,0.37742774074131663,0.5102380547015233,0.3980057204696525,0.4287567461150101,0.4836827515256913,0.4415272313615264,0.25634678661978516,0.3866094510989433,0.4786194154416679,0.3774277422421789,0.5102380530414508,0.3980057236379018,0.4287567483505324,0.48368275362494967,0.4090885367199514,-0.20166503410179262,-0.2672952544944341,-0.38507695429194216,-0.5559966804180791,-0.5298998725954136,-0.4715894125556963,-0.5582064722869958,-0.3793270211263604,-0.650549056199751,-0.039901052036939035,0.03320673109240269,-0.26644202831257474,-0.31020635147513226,-0.2792220951308268,-0.17918968614949815,-0.32718341539790724,-0.06405845868320718,-0.4353061948550079,0.22278347208538096,0.385209288599981,0.49410188683147444,0.4046498560275122,0.5033392262556758,0.4258314498830684,0.4481913078813842,0.4995098833643836,0.4612394853939014,0.41479463405954115,0.4350518687283759,0.569477793861364,0.5454769689308643,1.0,0.6139678154365472,0.8218856539945371,0.753722013291973,0.8764857361566283,0.41479464393155746,0.4350518637695088,0.5694777932346909,0.5454769637701603,0.9999999999985492,0.613967817184451,0.8218856471858438,0.7537220149264496,0.8432175708592762,-0.02938786295905023,0.19474913662191717,0.35419783656691406,0.36526671975154423,0.27744229747695914,0.33254582820511236,0.3983240798000164,0.4041994664894006,0.32774919978847794,0.0010058922704564782,0.14052655144189405,0.2377706044635982,0.23392668314076182,0.17086925153852273,0.1951452645637388,0.23370628247713746,0.24755887610519065,0.22519781702987515,0.025937774345410454,0.18950679168085077,0.3492595559213194,0.36164981149135006,0.3048649279462485,0.3679867930153082,0.3813064391340716,0.39614298620735466,0.3681363035467523,0.1379076473450001,0.05196435530250591,0.02057143254253775,0.005322679363815699,0.07213044256544092,0.04986195739204217,0.0464841025481807,0.02631487113633794,0.07071606248609541,-0.11057262780219992,0.07083497793333861,0.0522775603085443,0.08599747261750278,0.023690674913816035,0.07311074596460412,0.2575504683266609,0.17311301616339522,0.07671630793934497,-0.09300859161709892,-0.2059415633998028,-0.30330411219950876,-0.2841529147771174,-0.24902190352539966,-0.2609454527049024,-0.2617407560858944,-0.27870057279487154,-0.2938844778428541,-0.15535405365757576,0.02876852166008596,-0.02768575689030275,0.004894694459829803,-0.030674948884571986,-0.005425243252354583,0.19858352140071636,0.14636305291665663,-0.007621227445914847,-0.0642850522920482,-0.2222794269810092,-0.3747130748108093,-0.3681260939637176,-0.3021546758020686,-0.3501858873306478,-0.3673272779222638,-0.38750603999547767,-0.3484886994294918
T4_rms,0.06150324204156839,0.08408398234751,-0.4659822614236738,-0.21852086271542828,0.13728868902684266,-0.42357076073419025,-0.05482677459041327,0.08893095639167448,-0.3002872134490473,0.3864235127926318,0.459521212940384,0.4613749470407308,0.3562886596179998,0.48810497591320207,0.44121692244041405,0.3641247784851204,0.4231610780384805,0.4406639547587231,0.38642352003414965,0.4595212074933466,0.46137494122927125,0.35628866809013215,0.48810498004646863,0.441216915641574,0.3641247859406009,0.42316107995999136,0.39892837928378905,-0.02811220321895035,0.0011983437498352565,-0.5108416477629144,-0.3663008673683229,-0.07570635952310911,-0.5849429514579642,-0.1589494486159052,-0.10106268824007544,-0.4388542829075991,0.2266700574803337,0.2776960965389595,-0.3886203684572579,-0.1270530908172499,0.2085343264394027,-0.31776442246671394,0.06405032879857492,0.1563317798629587,-0.18861144746257888,0.3415388929135072,0.420005740824008,0.44119982937484337,0.348059607016131,0.44277546426252784,0.438147961725355,0.3613265814417099,0.4139480623644949,0.42814794596305683,0.6703832359290612,0.7150973367801075,0.6782943950788052,0.633608843939435,0.6139678154365472,1.0,0.5392029715575023,0.45411013330014316,0.8218015307810687,0.6703832403598594,0.7150973382044004,0.6782943953659718,0.6336088468342437,0.6139678098328567,0.9999999999984523,0.5392029597527593,0.4541101292516063,0.8151832358656327,-0.06615991691532208,0.061967679392150844,0.14822661637346557,0.18517709006896046,0.08774808532453054,0.1756572102554764,0.20462318796068057,0.22895779726734794,0.13339365978403647,-0.07836751606058492,0.06659436542863865,0.1825286347028601,0.17696381631990352,0.09689933455507653,0.13768693326045642,0.15828973636803087,0.17821486942634016,0.1456235271926255,-0.00221763726921789,0.04900748476826009,0.11586594563344964,0.15815191592912597,0.1002712491725582,0.1899287253901476,0.19455822156414623,0.20663425341954741,0.15551273193790996,0.1368991284188458,0.05151122067092893,0.011379767672001917,0.006812538775707642,0.07399538219934476,0.04293958631771987,0.07211081536855753,0.030442469444108295,0.06792293256625198,-0.08080646928534108,-0.06039952210328378,-0.16237490337209334,-0.10689280823842928,-0.15182565400565173,-0.07108959685774442,0.1207784625449787,0.07876430862218255,-0.06349188412384328,-0.024615347357167385,-0.15740245764523017,-0.24999759926669615,-0.24099823804741088,-0.18536264448227735,-0.21455300953349268,-0.18209925991139478,-0.19414807767389322,-0.22464535329112703,0.033398858719209744,0.015158395464777832,-0.09848861481205594,-0.060306968024932225,-0.07793916507412435,-0.04365886199808234,0.08753966534395706,0.01128654441211421,-0.08120254667044167,0.1149848828695896,-0.05898057170825426,-0.1585092433242901,-0.1851447659799148,-0.09752049469975928,-0.18471070667175055,-0.18977150022446337,-0.25399562745979876,-0.13947893062484057
O1_rms,0.0535746443028916,-0.09747947896224765,-0.4466103138839861,-0.26028151045475467,-0.38467592863622463,-0.15371161128777533,-0.5467961450070545,-0.29266482265320726,-0.4773706222065754,0.22508391030177166,0.31989246488217404,0.45135602718213214,0.3499324248969393,0.47214415784329866,0.387050594817506,0.4446619186455245,0.4886651988047486,0.41137543885903727,0.22508391896744886,0.3198924591468746,0.4513560228442114,0.3499324287091951,0.47214415753142924,0.38705060352295256,0.4446619153976301,0.4886651992107151,0.3788874017878917,-0.0074265023311753525,-0.13623836246130208,-0.4944432238622795,-0.4286726996241169,-0.562180640857416,-0.3329787008910259,-0.6383939619107262,-0.4748835113396569,-0.5840750315321155,0.12428970868595247,0.09206108606903941,-0.38769054092946686,-0.15955122185569148,-0.29923441923299227,-0.037658308515486495,-0.4215164945328266,-0.16139470749973553,-0.3685229763689584,0.1929159286311333,0.3096913635725589,0.47208259660792334,0.3819607515436927,0.48707946410763625,0.42117048553700487,0.47675277470296135,0.5103138669611401,0.43946436351215973,0.4230339423780621,0.3612165296562433,0.6186043713739343,0.5291074110654548,0.8218856539945371,0.5392029715575023,1.0,0.6952771046346269,0.8172398075189476,0.4230339475238334,0.36121652530293225,0.6186043745106277,0.5291074091525522,0.8218856466151592,0.5392029736457757,0.9999999999991295,0.6952771093876019,0.7919444018155262,-0.04572385227250569,0.1137165382653664,0.36074510917850716,0.37261936951249175,0.3115928191534392,0.34299439015653044,0.42115591465272234,0.41011524322582366,0.3251660492422529,0.006165940726369555,0.12065536307768543,0.23898868057331815,0.23727145728246013,0.16825966658895106,0.19599395266622655,0.21863539101358084,0.2118821616324466,0.22071085806539387,-0.0013330335700561392,0.09982419136845652,0.3552477382295137,0.36572243849063185,0.34738396129352844,0.37753226041185967,0.40361958613798926,0.4154118713627035,0.37067199484150964,0.14803714051058564,0.06384571951171569,0.0306424362751066,0.011438085536372655,0.08817752899164766,0.05927926798481259,0.04703817934791316,0.03840799760798683,0.07803801918161259,-0.13257862276295757,-0.027860033091342603,0.06437017622771528,0.10195929748542457,0.08028791508965501,0.07972752736797023,0.33905588142337806,0.2492011409650358,0.13903848950115133,-0.10500861571530351,-0.2094343024665187,-0.30109768927853353,-0.27552390736906496,-0.24920415334964638,-0.26598054994980985,-0.22711749887450433,-0.2286534340591371,-0.27276496378923093,-0.16090629250038407,-0.027893370772074433,0.04582240188093945,0.061094760963521316,0.09269234751309349,0.0747822043832594,0.30999433992283376,0.2544332584416706,0.0766048863170735,-0.06145352758803726,-0.16706433545324553,-0.3454444221362936,-0.35015531170704584,-0.2762153634012968,-0.32350004355125955,-0.346412427028519,-0.35818962094039775,-0.32406543798171056
O2_rms,0.03023080693527049,-0.06010615556045399,-0.23952129098203623,0.039014246709671616,-0.21694741024196026,0.16437804506320455,-0.4453947800797802,-0.41298508413250573,-0.2586081500208601,0.28594410600587183,0.40772640492385026,0.4883319172501744,0.37127989169005843,0.5277726947370541,0.41272399621769074,0.43399936799466576,0.5009974430954713,0.46203075596635046,0.28594411690064253,0.40772641283225314,0.48833191350669003,0.37127989344299456,0.5277726987308069,0.41272399989161335,0.433999368589709,0.500997451692013,0.42763366060823416,-0.024151700778040585,-0.08485740152929828,-0.27112722598283373,-0.12333008832240723,-0.383345838866021,-0.04792985642179325,-0.5017890920727094,-0.5255310253580056,-0.36351474732924954,0.0566123191466055,0.08979875301007595,-0.19182435428002176,0.10419727498575504,-0.10189891831552154,0.2540834509852076,-0.2528449588108189,-0.3134404626475574,-0.18244874468902125,0.21802293568918257,0.3765615443269455,0.4873040244541356,0.38069139572181665,0.5158988009675564,0.4218607318440584,0.44389413234008335,0.5016966180292397,0.4618900804356993,0.42762336308668353,0.502019266783767,0.5499664759229814,0.3406024950796772,0.753722013291973,0.45411013330014316,0.6952771046346269,1.0,0.7491830155925102,0.4276233770678092,0.5020192663909121,0.5499664778148882,0.3406024960802664,0.7537220063030414,0.4541101303320559,0.6952771070514031,0.9999999999988393,0.7176744254817801,-0.09485720967225306,0.1748693506403022,0.3687077683513324,0.3767590889467663,0.2967560864692517,0.34188114907109124,0.3847175766088954,0.3945607077295702,0.3204120081875736,-0.07277037319254835,0.11511355226620172,0.17477529627640906,0.1712365751630262,0.1052475244322947,0.13291665234502825,0.1445993412715372,0.1815274507883458,0.15160799640751174,-0.0013927499709044421,0.1689311596537497,0.417288045019376,0.42776123820616097,0.38842212573613993,0.4283595579360701,0.45335064783005247,0.44866654814235946,0.4319475008398363,0.19955461819142892,0.05507082723679303,0.08542626264794353,0.06753444639416657,0.1459722074598531,0.10352263173142022,0.14438711899502274,0.09142972103017388,0.1428044162507171,-0.05773442256028407,0.10812644425290455,0.16091107346517955,0.19524961677611655,0.1572113960888851,0.17623916096437592,0.32517229746861065,0.2362364344185024,0.1651714124483023,-0.0014431317331806966,-0.1673969067976769,-0.23635658143740437,-0.21753852701763227,-0.18196302486287186,-0.20119068784188607,-0.21877100165630947,-0.24108864056670104,-0.22822357607495714,-0.10559120193760528,0.10051170497242255,0.1451974525589505,0.18659784542366245,0.12379002614152872,0.17496177404011995,0.34835041197181754,0.29447124377309036,0.16415014025992272,0.015374393279588325,-0.15970408564782548,-0.328352069684303,-0.31713653079221904,-0.2728104799050982,-0.29499958183559555,-0.3175627274968966,-0.33616349800164425,-0.2951001064904475
avg_rms,0.04287043098660719,0.00710638249419172,-0.47907365320459655,-0.2957918366574922,-0.1509348142434982,-0.24407343317686536,-0.3355100665646131,-0.12866718533894683,-0.4543261325928819,0.2931486589599043,0.40931851966674393,0.4341010433747823,0.33009206687948167,0.4636491008742386,0.37210043985507574,0.35797137045678706,0.42527769152909023,0.4052267306415003,0.29314866627250935,0.40931851532902586,0.43410103454588345,0.33009207307605587,0.4636491030584933,0.3721004400308295,0.35797137318061756,0.42527769340494503,0.36716024937720215,-0.02229389154796698,-0.0560594476553316,-0.5116019849528279,-0.45867616705099745,-0.3062165418618645,-0.42735228218025484,-0.39677893602191366,-0.28536506019570257,-0.5447944034175879,0.14413379943721483,0.20977331801659616,-0.4197497199667593,-0.20294066032331773,-0.09689206080602669,-0.15283157622799287,-0.23527152245319322,-0.04895297133677879,-0.35142763037051433,0.25336571075442027,0.3911217225153447,0.44311877332759886,0.35180325968789744,0.45429887122583634,0.3990707353428478,0.37726888877601134,0.43830797439714525,0.4197122360925232,0.6016599639782001,0.6136323848955187,0.7657766263725725,0.6452701392482542,0.8764857361566283,0.8218015307810687,0.8172398075189476,0.7491830155925102,1.0,0.6016599719946154,0.6136323829941429,0.7657766253933947,0.6452701368815258,0.8764857309715337,0.821801530240189,0.8172397967406148,0.7491830154926894,0.9845482973997188,-0.059877893388234245,0.15122742058012187,0.2712923423474595,0.3003571047734532,0.2102925764799256,0.2754634190653033,0.31572034810362254,0.3379218244050528,0.2575313220083136,-0.03654690643858834,0.11859561197325875,0.21265244803070343,0.21626643810835236,0.1358179365193155,0.1732254290329625,0.2020031429057547,0.22664012054576338,0.20037750679734354,0.01172419009522261,0.143503212736638,0.2740395371662756,0.30259619568421264,0.25640669222177126,0.32226107880712307,0.31572314933291434,0.3336713414922835,0.30133389811561384,0.160089323249082,0.05591543689386251,0.05164719797168345,0.0328717768110904,0.11257660466589191,0.07931668482373642,0.09010501406101737,0.05153070995239973,0.10149725709373972,-0.1023475165570473,0.01662706224931541,-0.06018484578596931,-0.020891835923956138,-0.04994912401234434,-0.018113408695926786,0.16903700185917203,0.10355116257189736,-0.012357884939433749,-0.06775498997636582,-0.20854027428657795,-0.3064476704777749,-0.29682902692087954,-0.24424627141757002,-0.27305353756427597,-0.25229916928687046,-0.2732617464404335,-0.29801527792114735,-0.05928000315224884,0.04990304812101074,-0.02716433471472034,0.005243664295737742,-0.00718995010419875,0.012847124433058533,0.16401042953035055,0.09795404696815939,-0.011822698317209836,0.017716196547909326,-0.15798912507124244,-0.28625701795375036,-0.29997461539122794,-0.22431393200369387,-0.2838340492212521,-0.29291189822438984,-0.34783487498966037,-0.2681907463594721
Fp1_energy,0.26818174909799647,0.2014377716160538,-0.21421718222164748,0.2796610888817058,0.16387590749496167,0.009895685380130862,-0.06303220939852595,0.07578018959192635,0.09538729506460755,0.6248747776909647,0.6185256664228488,0.4982478236663534,0.3928363040469153,0.529057805608359,0.49558902391547915,0.40215107219592516,0.44111529672550764,0.5168260916213521,0.6248747815636647,0.6185256553451786,0.4982478221175753,0.39283630655913343,0.5290578095311137,0.4955890227702442,0.40215107995684857,0.44111529263392624,0.48099364397236594,0.12735392510418456,0.10390936843075296,-0.23774359308977977,0.10958123593256452,-0.04657313084536602,-0.1556782282484599,-0.12609971866888067,-0.06329482247616756,-0.06312319098178687,0.4532504635502735,0.4014491808523951,-0.15087773257029724,0.33111112562755457,0.2356899255178004,0.10235234434087849,0.042497165729907915,0.14951037724534155,0.18430497146211305,0.5568258868811022,0.571728250602035,0.4577820066465714,0.36330726107722994,0.4822634308924024,0.47830947391665907,0.37917686331922945,0.41882590022184973,0.4832000753209773,0.999999999998936,0.8979221979316933,0.45637305929399213,0.299904259753608,0.41479464393155746,0.6703832403598594,0.4230339475238334,0.4276233770678092,0.6016599719946154,1.0,0.8979221931442984,0.45637306056463833,0.29990425734833676,0.4147946420767614,0.6703832343015055,0.4230339395996538,0.42762337481685275,0.578521568414714,0.07787481420700548,0.2069509477618276,0.11297132075143766,0.11659911887622339,0.0997269948911804,0.14166963782026462,0.11706196497001863,0.12367593342682964,0.12142969417967747,-0.027538841805369474,0.02535600040308519,0.10837907100260005,0.06132747309630988,0.057446991422410484,0.05973165473981248,0.05848006172891847,0.05924651609468748,0.06583265321057778,0.13361929351955892,0.21446312917625632,0.09354648486599665,0.13626193361262315,0.11328373215936297,0.1831086424152961,0.13100240365539056,0.12740194626694354,0.13295271904418735,0.08456851740280272,0.0720197692129721,0.014124198493209462,0.0463480006290021,0.05705856707243123,0.06548448388830547,0.07046421701187652,0.02991510451777266,0.06523988950545567,0.10569698864777498,0.1680351430430421,-0.05175261552879901,0.01983843230260622,-0.01540448556997711,0.03543166727840528,0.11534310408697312,0.11802302291397881,0.05496108500361022,-0.032635810038233605,-0.08449083377636551,-0.12557129174502216,-0.0758448489358831,-0.09527789378870917,-0.10426804558978085,-0.059504217246307244,-0.040733994139320044,-0.08720249896220704,0.18920647180791134,0.2580757655444954,-0.013003388546840702,0.031889471886298065,0.030598336392355714,0.054269390183747976,0.06779008978157429,0.035810663785573224,0.031212513460058745,0.02563244611880611,-0.05132736776551466,-0.1090620710224243,-0.10294791900347365,-0.08563161996857652,-0.1293028547824663,-0.11088727137804621,-0.13921225186272837,-0.09426407106820384
Fp2_energy,0.31240873251440976,0.2960913076932887,-0.1858474673222783,0.30705830776258447,0.29749977136110783,0.028578663579033978,0.03306935040056642,0.11778731633779697,0.1579892201661183,0.6000973070841775,0.7139831559505068,0.5783704364515587,0.490678058879659,0.5923005109171235,0.5539913437783545,0.41651861075362345,0.4881959513654769,0.5786058281278051,0.6000973137909796,0.713983153540546,0.578370435600664,0.49067806033322026,0.5923005143542576,0.5539913394490408,0.4165186168336318,0.48819595136809535,0.5364199981835225,0.16993887964866194,0.1600972781317712,-0.22184768076235162,0.10567399146920661,0.05022768627980866,-0.17012198630806302,-0.04709665099542513,-0.03547059684043492,-0.03734146291353361,0.4703686975855604,0.5082845978583915,-0.10538258698786566,0.3751466212304195,0.38627427171505163,0.1354524447737568,0.16428675189612038,0.19150202294438648,0.24798226676071067,0.5318645478660347,0.6662493111080189,0.5353181693392163,0.4554694341433235,0.5373873740067646,0.5312628629909674,0.38973510186405047,0.46320638243368123,0.5414050380185007,0.8979221865146719,0.9999999999991295,0.48994689921939744,0.3258668767369054,0.4350518637695088,0.7150973382044004,0.36121652530293225,0.5020192663909121,0.6136323829941429,0.8979221931442984,1.0,0.48994689631278643,0.32586687620460036,0.4350518588788462,0.7150973347291648,0.36121651703871704,0.5020192600847484,0.5898041424065437,0.00928209803089543,0.2537663119261835,0.14522543106194172,0.15853881893887564,0.10974065099961976,0.17056733292269818,0.14392734110721098,0.16199747535213074,0.12684780287098602,-0.13245004534246596,0.018741114918850946,0.07464362924483231,0.04128384034706365,0.01105437956597768,0.027748860501287147,0.06331789591901447,0.06224187119902736,0.03573624873995765,0.14293050049949335,0.2843559454093221,0.1792370205786871,0.22784984151477455,0.18388197607526507,0.2691645891105023,0.20183064061082265,0.2064465164705279,0.21955934600748203,0.17527671456232283,0.08275385595643742,0.052176166923775316,0.07756251494123716,0.10535592698743106,0.10155166153226787,0.12322640425405297,0.07297489898923396,0.11995495338264607,0.10730792447356693,0.23246884396051892,0.01916047155447687,0.09292711610611461,0.0408010578114949,0.11531789496728491,0.13771971468410737,0.16031146866626447,0.10235343662865383,0.0598932714472536,-0.07746789758253797,-0.11744441753388116,-0.07956163982411797,-0.07377034947885099,-0.0875411027688876,-0.09580246764448057,-0.07181135790946279,-0.09322729873341025,0.1667488042138963,0.29876428585794135,0.07848736126957193,0.1244854969361436,0.08955929026983708,0.13365667572511972,0.11290995472147478,0.09498971997722347,0.10738031347396151,0.09911890996417057,-0.07231326822775261,-0.1137236412672197,-0.11588117239351303,-0.08288137410978601,-0.13385407951830106,-0.1320310680425098,-0.1641146346419927,-0.10467569698753211
C3_energy,0.2946354708851096,0.20505194062870868,-0.826225134520857,-0.19597513223463975,0.044538493071147385,-0.10859436272181575,-0.19617469555066594,-0.15641144525457898,-0.3517857648266486,0.15252336826387203,0.2514166306280238,0.24426426853477504,0.1721160424435002,0.29986311730981324,0.1708740200857411,0.18625129513534336,0.2707152469510258,0.22649924666778679,0.15252337861594423,0.251416622224908,0.24426425389497908,0.17211605071305472,0.2998631258657596,0.170874021725892,0.1862512955275748,0.2707152538828495,0.18040285547805937,0.23713258156598407,0.14762831893485867,-0.8392934381429105,-0.30464747431446965,-0.15748993467389105,-0.21380529983406163,-0.2671897348340116,-0.3154007153927274,-0.46785084023676154,0.3168246628570592,0.36333723259291983,-0.7675780263084151,-0.12988598710969537,0.07379189384779311,-0.04455775903962338,-0.12360707360966536,-0.1262701322583244,-0.28171906608680114,0.13388498443958738,0.2507690162201847,0.28566362207111695,0.22594204824262948,0.3364330290943431,0.23353169909589847,0.23775386210590504,0.3077016184612159,0.27929025123397344,0.4563730493651957,0.4899468973173297,0.999999999998259,0.6516663973918335,0.5694777932346909,0.6782943953659718,0.6186043745106277,0.5499664778148882,0.7657766253933947,0.45637306056463833,0.48994689631278643,1.0,0.6516663959693366,0.569477785352363,0.6782943891207337,0.6186043679785549,0.5499664767690456,0.8151113997232426,-0.05127233052037274,0.15387175315784846,0.2569780521439442,0.3021196116832022,0.2433826755500049,0.2678412048352317,0.30474162690297496,0.3067098141402715,0.24464388027135467,-0.016223618594543403,0.1410688301116671,0.17435789849744962,0.22368891724990655,0.13579248379980782,0.16835129056744483,0.2071043664454839,0.21837524469307706,0.20748240846266716,0.044374025262384625,0.13118743969746505,0.29114908944894163,0.30567814573461793,0.31865679591643087,0.32335471317513753,0.27566209850965684,0.271322203067702,0.2717505812970953,0.20024601909649745,0.0657903781876018,0.10874068743962376,0.05409971362327681,0.1550592081918045,0.10672771197923545,0.06800806096200401,0.021141727031753862,0.12081013287476373,-0.12819142377786327,-0.06001129561616329,-0.08397591024550097,-0.07970192969518915,-0.040266058235240626,-0.07053206618474889,0.14726184284805693,0.09302466541689974,-0.03549089772750752,-0.12843425857734428,-0.28560596071176225,-0.3219711663132224,-0.3560874337499756,-0.29685353905596007,-0.3158926969493765,-0.2533760975168132,-0.24830604987366423,-0.3306932396025756,-0.053876626192898756,0.028438264346153746,0.031541989002742694,0.0408217369118956,0.06162477326545674,0.050415800896695596,0.2055416883785483,0.12160722257159431,0.028908274176219856,-0.023257851295988227,-0.16271922974904024,-0.2459186132554746,-0.28665850925482206,-0.2304422030775276,-0.25811772054882615,-0.2552272457455768,-0.3069568737208499,-0.2729420968343661
C4_energy,0.14358220057291213,0.0595690450500275,-0.5830863987474203,-0.5435489430773718,-0.064108733744998,-0.35067085872561615,-0.22974673312726993,-0.02144432076685024,-0.4216270788911982,0.14571369212928337,0.20780325226869156,0.24724727585307305,0.18655322872378602,0.2923064809414403,0.17267074830414086,0.15724120539424338,0.25943255305166474,0.21111949445789652,0.14571369459043765,0.20780324795676255,0.2472472773592001,0.18655323285344605,0.29230648056376013,0.1726707461559115,0.15724119665843608,0.2594325522879575,0.17094585461157424,0.10960529512266821,0.0254559752049921,-0.6092473343116426,-0.6268289543239001,-0.22731606147206512,-0.4443770412861998,-0.2921180224161299,-0.20618689806654636,-0.5139373994689642,0.2598427344458389,0.2875885468711029,-0.5381066941458277,-0.4868532583790942,-0.006119537966637139,-0.24931046067701537,-0.14153524504678272,0.01371740144525895,-0.3458729366887965,0.1365174008050347,0.18515936203531827,0.28305860034317243,0.22704202051545125,0.32334658417057344,0.22268268503350985,0.20738101286297564,0.29811824643296564,0.25642442116422004,0.2999042488680884,0.32586687418401694,0.6516663996839926,0.999999999997872,0.5454769637701603,0.6336088468342437,0.5291074091525522,0.3406024960802664,0.6452701368815258,0.29990425734833676,0.32586687620460036,0.6516663959693366,1.0,0.5454769608441044,0.6336088382536997,0.5291074052615699,0.3406024964146755,0.650037862483964,-0.07725618584992748,-0.016030714954223264,0.20143091826050835,0.21876214681044667,0.1778745720903205,0.18126015860729602,0.25498710235868494,0.284357412747248,0.1765390484697367,-0.07342793932842585,0.04731412870748702,0.11516960400419493,0.14804241799784973,0.06554097015592769,0.09314748754476819,0.17946907510867538,0.17808262187353358,0.13324168467576145,0.04700936231848142,-0.00019582520028660938,0.2665183352769975,0.27130779530275617,0.29127182078400154,0.2781143564465565,0.2669496183186572,0.30262545239066846,0.26455526122634626,0.22290090931969933,0.11519621232974453,0.1237093292614705,0.09739381422853981,0.17705487516192622,0.13748089676803396,0.12550190225886862,0.08658971841524717,0.16566358283690769,-0.1115103716286954,-0.19214657554189318,-0.058269937111504314,-0.09875102536471564,-0.026340108253396444,-0.07934329991146138,0.10049708680999418,0.0843496365249068,-0.05175768141601029,-0.07200941632233855,-0.2039620197533383,-0.26247512562073383,-0.3079300870803883,-0.2370257105770206,-0.25202199999591446,-0.25989852077783876,-0.2417672869985778,-0.29363014487270556,-0.049155243457918454,-0.12767505330324458,0.09624329234883074,0.06238539129165722,0.12508395298131603,0.08747664438387287,0.24856618455780868,0.20088991226909272,0.0924230049886292,0.01949422321019931,-0.07316055083990158,-0.151247255427378,-0.1905833200174882,-0.1263171899103671,-0.14311385151061465,-0.15110837786495093,-0.22353571688602622,-0.16771246715107102
T3_energy,-0.1402606055346609,-0.2020138652158069,-0.3334290369456245,-0.39839365286574097,-0.3787514781513669,-0.2969625267736294,-0.4639804264486901,-0.195503786603676,-0.5510277219632971,0.25634677969614755,0.38660944470432945,0.4786194234725974,0.37742774018635994,0.5102380524972691,0.39800571786021316,0.4287567411814065,0.4836827512675916,0.4415272295183142,0.25634678472140676,0.3866094494387849,0.47861941277141434,0.3774277416872222,0.5102380508371965,0.39800572102846243,0.4287567434169288,0.48368275336684996,0.409088535078635,-0.2016650350011709,-0.26729525815074257,-0.3850769428721101,-0.5559966823691432,-0.5298998701899518,-0.47158940883151995,-0.5582064667637332,-0.37932701001634733,-0.6505490505458277,-0.03990105376346726,0.033206730488415284,-0.2664420155684705,-0.3102063536599074,-0.27922209088933264,-0.17918968250711653,-0.3271834097021894,-0.0640584475587662,-0.43530618918366776,0.22278347281044017,0.3852092909965213,0.4941018849588117,0.40464985397327546,0.5033392251935707,0.4258314462599141,0.44819130357135756,0.4995098812846253,0.4612394837121081,0.4147946322047451,0.4350518638377133,0.5694777859790361,0.5454769660048083,0.9999999999985492,0.6139678098328567,0.8218856466151592,0.7537220063030414,0.8764857309715337,0.4147946420767614,0.4350518588788462,0.569477785352363,0.5454769608441044,1.0,0.6139678115807605,0.8218856398064659,0.7537220079375181,0.8432175650009961,-0.029387850554468197,0.19474914772475616,0.3541978433457591,0.3652667252025222,0.27744230709575257,0.3325458326698983,0.39832408526992386,0.40419947398397604,0.3277492065095037,0.0010059077155039331,0.14052656023360416,0.23777062585845585,0.23392669569001057,0.17086927258870638,0.19514527602252998,0.23370629564998033,0.24755889066788048,0.2251978335220789,0.02593777613056686,0.1895067925411622,0.3492595441310573,0.3616498053446648,0.3048649225844491,0.3679867911959547,0.3813064335423842,0.39614298313053586,0.36813629860430275,0.1379076249508271,0.05196434213492777,0.0205714066711595,0.005322663193896491,0.07213042076948006,0.04986194502613271,0.046484091832423385,0.026314857247011065,0.07071604050771015,-0.11057262193430469,0.07083498496981876,0.052277549291576596,0.0859974697612963,0.023690666209790417,0.07311073886619061,0.2575504570085025,0.17311300970174004,0.07671630112124089,-0.09300859763861165,-0.20594156721237739,-0.30330412421070596,-0.2841529221274819,-0.24902191590633166,-0.26094546436405297,-0.261740766571175,-0.27870058186367874,-0.2938844879885977,-0.1553540552768308,0.02876852657336563,-0.02768576200709531,0.004894687496505475,-0.030674949293697164,-0.005425251394569009,0.19858351235702948,0.14636304193849095,-0.007621228349524493,-0.06428506305162279,-0.22227942832086064,-0.3747130780380434,-0.3681260995199312,-0.302154681352923,-0.3501858916116386,-0.36732728249167723,-0.38750604813252326,-0.3484887034562876
T4_energy,0.061503239488698784,0.08408398597725698,-0.4659822519103034,-0.21852086003450438,0.13728868982496473,-0.42357076116006775,-0.05482677137246198,0.08893096147588792,-0.3002872089393227,0.38642351241243617,0.459521210547231,0.46137495210748813,0.35628865988416375,0.48810498081472004,0.4412169243891286,0.36412478175172236,0.4231610770927808,0.4406639564130037,0.386423519653954,0.45952120510019356,0.4613749462960286,0.3562886683562961,0.48810498494798654,0.4412169175902885,0.3641247892072028,0.4231610790142916,0.3989283811743235,-0.028112207569856374,0.0011983452346780036,-0.5108416441843221,-0.36630086872022694,-0.07570636390481551,-0.5849429553306864,-0.15894945193352658,-0.10106268611923588,-0.4388542829765391,0.2266700555603454,0.27769609938770784,-0.3886203586367746,-0.12705308750229505,0.20853432667449553,-0.31776442261288534,0.06405032948022693,0.1563317889342453,-0.18861144198349705,0.3415388928708414,0.42000573962730736,0.44119983439867777,0.3480596054897742,0.4427754687628782,0.4381479635437829,0.3613265835645277,0.41394806095597086,0.4281479470462804,0.670383229870804,0.7150973333048719,0.6782943888335671,0.633608835358891,0.613967817184451,0.9999999999984523,0.5392029736457757,0.4541101303320559,0.821801530240189,0.6703832343015055,0.7150973347291648,0.6782943891207337,0.6336088382536997,0.6139678115807605,1.0,0.5392029618410328,0.45411012628351904,0.8151832340350135,-0.06615990827004983,0.06196768053344823,0.1482266257004088,0.18517709096946,0.08774809283928163,0.17565721627222333,0.20462318858471404,0.22895779368975994,0.13339366198169467,-0.0783675060088993,0.06659436637493063,0.18252863918629514,0.1769638166462458,0.09689933846444415,0.13768693653389857,0.1582897368795288,0.17821486858751703,0.14562353043742748,-0.002217629308261089,0.049007487987058125,0.11586594934218507,0.15815191754717195,0.10027125334598444,0.18992873093678855,0.19455822105049767,0.2066342539065175,0.15551273341764052,0.13689912628664772,0.051511220119336266,0.011379763807776475,0.006812541801102243,0.0739953775032012,0.042939589746614305,0.07211081872255201,0.030442477601768395,0.06792293453861409,-0.08080647667977281,-0.060399522965431135,-0.1623749089996294,-0.10689281719960193,-0.15182565805656276,-0.07108960280245495,0.1207784608768917,0.07876429920240888,-0.06349189184000649,-0.024615365020893034,-0.1574024583192292,-0.24999760752914604,-0.24099824169757844,-0.1853626522188051,-0.21455301801303733,-0.18209926166889218,-0.19414808258716604,-0.22464535971677554,0.03339884337491147,0.015158389330577268,-0.09848862362157164,-0.06030698214553514,-0.07793917654692345,-0.04365887153968566,0.08753965619336226,0.011286527718027297,-0.08120256039734465,0.1149848668852559,-0.058980574981981226,-0.15850925197375101,-0.18514477101507312,-0.09752050386464828,-0.18471071226618035,-0.18977149961351378,-0.25399562643033696,-0.13947893567572156
O1_energy,0.053574652677690654,-0.09747947595958768,-0.4466103081920335,-0.26028150187085053,-0.38467592900983333,-0.15371159966821174,-0.5467961503990648,-0.29266482408972366,-0.4773706150437772,0.22508391611114556,0.31989247047731356,0.45135603232118987,0.34993242916148687,0.4721441624400911,0.38705060030309296,0.44466192308080815,0.48866520571637845,0.4113754452085616,0.22508392477682276,0.3198924647420141,0.45135602798326907,0.3499324329737427,0.4721441621282217,0.3870506090085396,0.44466191983291375,0.488665206122345,0.37888740845199803,-0.007426493609656161,-0.1362383635846585,-0.4944432190776738,-0.4286726904431685,-0.5621806425671428,-0.3329786890280396,-0.6383939687137956,-0.4748835137580759,-0.58407502533668,0.12428971592483432,0.09206108945592446,-0.3876905353050803,-0.159551212105937,-0.2992344175219352,-0.03765829610161132,-0.4215164979322894,-0.16139470849800303,-0.36852296794155975,0.19291593358799047,0.3096913693596122,0.4720826028899767,0.3819607557752288,0.487079468064862,0.4211704896524354,0.4767527790232096,0.510313874120467,0.43946436957738133,0.42303393445388243,0.3612165213920281,0.6186043648418615,0.5291074071744725,0.8218856471858438,0.5392029597527593,0.9999999999991295,0.6952771070514031,0.8172397967406148,0.4230339395996538,0.36121651703871704,0.6186043679785549,0.5291074052615699,0.8218856398064659,0.5392029618410328,1.0,0.6952771118043781,0.7919443902479294,-0.04572384573783639,0.11371654093587816,0.3607451113483424,0.3726193730999361,0.3115928211728113,0.3429943925120955,0.4211559207755119,0.4101152497833104,0.32516605656337033,0.00616594595518984,0.12065536407308658,0.23898868280381003,0.23727146343075206,0.16825966831323952,0.19599395716459866,0.2186353947855194,0.2118821667612664,0.22071086321413153,-0.001333030706185267,0.09982419507433773,0.35524773701103457,0.36572243277360084,0.34738395908380587,0.37753225536106855,0.40361958701958756,0.41541187039256483,0.37067199307129073,0.14803713392939866,0.06384571682344518,0.03064243333208815,0.011438076135928907,0.08817752560712068,0.05927925853074087,0.047038175628749304,0.03840798883430543,0.07803801206655783,-0.13257861415943242,-0.02786002717457591,0.0643701866197301,0.10195930909422243,0.08028792261120889,0.07972753883034396,0.33905588447460144,0.24920114938290117,0.13903849982674696,-0.10500861697806954,-0.2094343013183897,-0.3010976845775709,-0.2755239021545084,-0.24920415101484555,-0.2659805429386689,-0.22711750089472377,-0.22865343033691332,-0.2727649618403472,-0.16090629279042262,-0.02789336684612662,0.04582240563194209,0.0610947547327524,0.0926923533436689,0.07478220427776272,0.30999434429981193,0.2544332653898733,0.07660489162185924,-0.0614535370561259,-0.16706433817400848,-0.3454444241034041,-0.3501553172688852,-0.276215362697083,-0.3235000452481361,-0.3464124297295871,-0.3581896235778098,-0.3240654412043459
O2_energy,0.030230807773573183,-0.06010615652921723,-0.23952129085320503,0.039014247578339545,-0.21694741427682307,0.16437804527161906,-0.4453947855832538,-0.4129850843211892,-0.25860815123438047,0.285944096114428,0.4077263958347528,0.48833191632509393,0.37127989200200334,0.5277726951194881,0.4127239940516715,0.4339993675809221,0.5009974478629123,0.46203075421331397,0.28594410700919864,0.4077264037431557,0.4883319125816095,0.3712798937549395,0.5277726991132409,0.41272399772559404,0.4339993681759653,0.5009974564594539,0.42763365987162333,-0.02415169934008997,-0.08485740090380091,-0.271127225650853,-0.1233300885134428,-0.3833458442098478,-0.04792985398232103,-0.501789097782263,-0.5255310280511338,-0.3635147490594002,0.056612313865987376,0.08979875327532648,-0.191824353720022,0.10419727461676061,-0.10189892204888117,0.2540834545256741,-0.25284496678047647,-0.3134404618465185,-0.18244874401160313,0.2180229298469439,0.3765615368830882,0.4873040229048817,0.38069139622111303,0.5158988018132213,0.4218607307494683,0.4438941318812576,0.5016966216882944,0.4618900793594562,0.4276233608357271,0.5020192604776033,0.5499664748771389,0.3406024954140863,0.7537220149264496,0.4541101292516063,0.6952771093876019,0.9999999999988393,0.7491830154926894,0.42762337481685275,0.5020192600847484,0.5499664767690456,0.3406024964146755,0.7537220079375181,0.45411012628351904,0.6952771118043781,1.0,0.7176744242137244,-0.09485720947389092,0.17486933729407747,0.36870776758129986,0.3767590884812217,0.2967560895690972,0.3418811501357823,0.38471757578797244,0.39456070790859527,0.32041200699623906,-0.07277037354631653,0.11511354291655684,0.1747753058577791,0.17123658220359478,0.10524753261370332,0.13291665805157857,0.14459934835642702,0.18152745555409933,0.15160800255937507,-0.0013927537084042312,0.1689311486483039,0.41728803464303876,0.4277612290588189,0.3884221215073562,0.4283595500426862,0.4533506374271844,0.448666539827427,0.4319474889331823,0.19955461693073848,0.055070832350471874,0.08542624896788906,0.0675344379326986,0.14597219601760944,0.10352262486822836,0.14438710966121832,0.09142969989426467,0.1428044050117944,-0.057734424812025634,0.10812643955618288,0.16091107295627513,0.1952496121356221,0.15721139571230502,0.1762391539829284,0.3251722883747408,0.23623643964579105,0.16517140800863478,-0.001443128454741297,-0.1673968959123662,-0.23635657218516568,-0.2175385216924924,-0.1819630189649469,-0.2011906860344978,-0.2187710001698452,-0.24108863206041123,-0.2282235687232014,-0.10559119872292462,0.10051169961139114,0.14519743892837367,0.18659783566481045,0.12379001792202626,0.17496176560449153,0.34835039628894016,0.2944712409333678,0.164150128576043,0.015374397267404761,-0.1597040713451836,-0.3283520747824877,-0.3171365292975536,-0.2728104856641593,-0.29499958454602265,-0.31756273167212806,-0.33616349566505915,-0.29510010745013004
avg_energy,0.0662150979892251,0.015440887909669607,-0.5441021099863571,-0.3393783996025519,-0.1174756795547921,-0.2609356635414194,-0.27071022880331036,-0.11996514560891071,-0.4748651601778418,0.2567787727209803,0.3739015823369542,0.3883505223242499,0.28891425497430945,0.41524183515382035,0.32653207671475276,0.31636119115564765,0.3855953840931036,0.361040443995598,0.2567787803156742,0.3739015766948309,0.38835051157993494,0.28891426119626185,0.4152418392422694,0.32653207743433654,0.3163611921749889,0.3855953877940117,0.32273197273191667,0.0042011949214740465,-0.04440879194476093,-0.5694553225380582,-0.49346249625551525,-0.2634785899849993,-0.4417585735999305,-0.3312821486957316,-0.2740841463316971,-0.5544233691819902,0.1493335882732123,0.20785671477375295,-0.4898145807647657,-0.24973762237425912,-0.07552763955817393,-0.1780550983492784,-0.18877329317191677,-0.0634220323943431,-0.3851300046669065,0.21496366641431647,0.35343986931520466,0.4022280054109871,0.3161492126519701,0.4084810952185745,0.3577311931727601,0.3436350254028802,0.4042168964192825,0.3801976829969004,0.5785215598548663,0.5898041446802025,0.8151114005030282,0.6500378663758787,0.8432175708592762,0.8151832358656327,0.7919444018155262,0.7176744254817801,0.9845482973997188,0.578521568414714,0.5898041424065437,0.8151113997232426,0.650037862483964,0.8432175650009961,0.8151832340350135,0.7919443902479294,0.7176744242137244,1.0,-0.07933824452639039,0.13988861128829724,0.2580134227192878,0.29657019476725693,0.19316336952837765,0.2646118928348268,0.3107054629159492,0.3276049188527464,0.2507078299615773,-0.040505387923120216,0.1089188512244883,0.19689636230212537,0.20846320762413104,0.12226170024093967,0.16124076266305246,0.19131670695485445,0.216809900179601,0.18856478107723432,-0.0020950170173323654,0.13814590346478858,0.2718714263667797,0.3085119777833903,0.25123831388919166,0.32419512334544204,0.31621462193811667,0.3284057303919981,0.3009662471499453,0.17410387039573133,0.07698313834150183,0.06893267157154212,0.046055300795996394,0.13161227596023342,0.09682695951510685,0.09541377319064039,0.057479252214771,0.11843588927646782,-0.1289870056823069,0.003721304440459594,-0.06162525126666281,-0.022317643550432656,-0.058659671316589224,-0.019177263775431403,0.17169008280851367,0.10099938964911116,-0.012397163039318109,-0.06980991808914201,-0.2027685196515024,-0.2962023607778661,-0.2977623024382304,-0.23675361647230495,-0.26663754655955735,-0.2438119585212138,-0.2655416771782111,-0.29091691299159567,-0.09447893126134763,0.0267807892957931,-0.03541568816920905,-0.0015883665250877718,-0.02994466281786852,0.0020885176989065392,0.16287656009657692,0.09684350804008035,-0.021904454994431267,0.012964686371079698,-0.16032452155497198,-0.2813670509190262,-0.30628401055533916,-0.22418144666885792,-0.2853531775437598,-0.2930792176188552,-0.3416955896361337,-0.2705517964343646
Fp1_delta_power,0.11340855891917848,0.15739569577704443,0.12998610030459104,0.07576141339283422,0.1030068547642961,0.10448286661080036,0.130220429462359,0.18009363096981668,0.18033729384891534,0.3385643263788803,0.17246757973252297,0.20663260957692894,0.23881364452111467,0.2197595848943322,0.23351689598049702,0.22692212668403158,0.20575092929977065,0.26662364480529277,0.33856430889915873,0.17246756606489214,0.20663260512573567,0.23881365050071476,0.21975958299521187,0.23351690190247545,0.22692213223542615,0.2057509264007666,0.29212476136279636,-0.10089238655776908,-0.021285993407831383,0.04025435614878422,-0.01908447525154931,0.007306606235615326,-0.0008754263953291567,0.026587820491540036,0.10669284337091904,0.05945339957302927,0.2846722023057261,0.2516037643037157,0.2310288851670142,0.17234183381949225,0.21026628911321113,0.2435568521901865,0.21127424283777207,0.28001830497449404,0.3272089522913368,0.4862733876399043,0.30185407879336423,0.2819487310124114,0.31104759880250665,0.30747310402541905,0.3156864823536133,0.26484897643975475,0.24543972634344244,0.34392878087373646,0.07787482624582624,0.00928209876892272,-0.051272325871577006,-0.07725618155269486,-0.02938786295905023,-0.06615991691532208,-0.04572385227250569,-0.09485720967225306,-0.059877893388234245,0.07787481420700548,0.00928209803089543,-0.05127233052037274,-0.07725618584992748,-0.029387850554468197,-0.06615990827004983,-0.04572384573783639,-0.09485720947389092,-0.07933824452639039,1.0,0.7167819735708458,0.531534310260469,0.5127897484572684,0.6026559202445066,0.5679641295832066,0.41663532374820195,0.4028549196638548,0.6225565191640527,0.6285482095887072,0.36321215069078006,0.3946809041210844,0.4036213898780275,0.4393452803665114,0.42860264064515513,0.38130670133956274,0.3632530380700489,0.48858003531495553,0.7108648627285143,0.5668446912965892,0.2981994378836562,0.2555439265818875,0.3559060630649227,0.2981434029305854,0.13257259363017518,0.13435259323719478,0.279714985298791,-0.5550864714626763,-0.3506038760344722,-0.42817837109635093,-0.4377430961148704,-0.4505764991793301,-0.44291257136235407,-0.42350449172871724,-0.40318513361668007,-0.5301829597414629,0.5812824942268109,0.48126953780241044,0.2584270186019523,0.21922880315363924,0.2983062211584271,0.2535566154898621,-0.021651558867010843,0.018726237472241756,0.18368215825066947,-0.5412212918555178,-0.30727994286121957,-0.3128723423478621,-0.325118060016512,-0.3529250239457023,-0.3579521950207588,-0.3171155225001471,-0.2943134658560409,-0.3677574692622948,0.491975671234594,0.401867813792218,0.21830510829297559,0.18934764866490283,0.24984003639375577,0.21122016372391797,-0.025246093895304144,-0.013799259076474606,0.22147593289626427,-0.7186492698693114,-0.47327158329405916,-0.37967617925811764,-0.3667166271470501,-0.42987737681818017,-0.39593919604833394,-0.31869710871682333,-0.2961092120030753,-0.46526520981922387
Fp2_delta_power,0.10587903847079856,0.10549499931268953,-0.005095481507323463,0.11337655052900124,0.026972613664975716,0.13120479277880764,0.010427164661816148,0.03674879788266943,0.06215646144536393,0.3600514566201088,0.4260272541481306,0.3755812376663083,0.39481825688621575,0.35590672852308125,0.3629453891294698,0.2871073300184775,0.33011963444724446,0.4118978025928714,0.36005144708603803,0.4260272472452123,0.37558122429386026,0.39481826035582823,0.35590672539445223,0.3629453983083131,0.28710733224226775,0.33011962006309103,0.41899289911692217,-0.10456596577507651,-0.1466915977168423,-0.09575291490456579,-0.031137483946115787,-0.12098400802738746,-0.02695131753384552,-0.09114249533556926,-0.06553881394741902,-0.09219946306819449,0.25348779690116807,0.2969063300604581,0.11482523523351677,0.22526926373451092,0.1619716768461885,0.29131301719718883,0.1153283749931125,0.14601186683047884,0.22965527949984907,0.46021535958883986,0.5540240033316675,0.4380843866493056,0.45603276980059493,0.4241599529228226,0.4395058218951096,0.32291753009050306,0.36539591600846605,0.47900718392112535,0.20695095173710823,0.2537663127831561,0.15387175467895003,-0.01603070716720758,0.19474913662191717,0.061967679392150844,0.1137165382653664,0.1748693506403022,0.15122742058012187,0.2069509477618276,0.2537663119261835,0.15387175315784846,-0.016030714954223264,0.19474914772475616,0.06196768053344823,0.11371654093587816,0.17486933729407747,0.13988861128829724,0.7167819735708458,1.0,0.5757358886923591,0.581099018732164,0.5982311724532198,0.6337076738117715,0.47004040879563774,0.4646703696571562,0.6500037979452414,0.33540901445997867,0.5134849976609822,0.3724408855111857,0.3865177670167719,0.39012998265258597,0.4084848416017689,0.39200135116342594,0.3784158720475944,0.4644046442969079,0.6414724777903495,0.7768820120735077,0.41493833383218753,0.39737867265425214,0.4371488979041555,0.4470784410569032,0.24707287459403793,0.252383399700756,0.41194642110851787,-0.2714917016469783,-0.43221399728181165,-0.34469102533281093,-0.36795822173722725,-0.3443596592017651,-0.3623230484827808,-0.3396434077676717,-0.3339164214594178,-0.42028166121821026,0.4733877863691587,0.6597924704837215,0.29498134067504855,0.30579184075172366,0.29936889379836723,0.3369565292611842,0.01981891665379399,0.0655163302067893,0.2212647537273922,-0.3234517793284309,-0.441326693889389,-0.3495432089516794,-0.3443481587966688,-0.36422967574925397,-0.37355681434292287,-0.3707213806577785,-0.34702799854358524,-0.40367117341230796,0.3737359405441597,0.585216399870878,0.26222205471845933,0.2846168858409358,0.25433530372531443,0.2830247146571592,0.027287723718140828,0.05777990462211415,0.28669697676007716,-0.48565474116274304,-0.6348826680325109,-0.4311649920211703,-0.4139504028172538,-0.4524168092145192,-0.4539589595861806,-0.3827336675826483,-0.35599307797737545,-0.5019401095678283
C3_delta_power,0.13587905289785368,0.0959033938061973,-0.07946612668914792,-0.025720357197737412,-0.031473434787634195,0.10563413613430783,-0.07989987645972095,-0.05148213018770048,-0.02403220287399835,0.2300016602757455,0.24560907280833602,0.5242144368067077,0.4619366604385636,0.548962000079065,0.44848341166710165,0.5280077439347417,0.5607287241901896,0.500355639963226,0.23000165288061056,0.2456090645271026,0.5242144306930024,0.4619366651827757,0.5489620018569953,0.44848342717099937,0.528007742796986,0.5607287195096696,0.4960526210880851,-0.0022160529368921685,-0.0280849759479986,-0.20573430031522777,-0.21660023822679966,-0.27076778952686115,-0.12106157742686434,-0.2735170286283533,-0.2583796535979816,-0.22004120147313305,0.2075377745706475,0.20936186413786456,0.062070971788293856,0.11469677510040782,0.16322829857570315,0.29931729356167475,0.1439507624733187,0.12083707189005893,0.1570879472015325,0.3084423557114595,0.3343064362027341,0.6128515673806427,0.5496831798294501,0.6300727050615713,0.5373811509183702,0.5899890097580655,0.6080643813071711,0.5865347852714334,0.11297131993422137,0.14522543815129765,0.25697805087035824,0.20143093393375527,0.35419783656691406,0.14822661637346557,0.36074510917850716,0.3687077683513324,0.2712923423474595,0.11297132075143766,0.14522543106194172,0.2569780521439442,0.20143091826050835,0.3541978433457591,0.1482266257004088,0.3607451113483424,0.36870776758129986,0.2580134227192878,0.531534310260469,0.5757358886923591,1.0,0.9153454263036388,0.9342023207533613,0.8827469182720197,0.8614101747347874,0.8255337159632613,0.9101662178221815,0.3392499348074771,0.40696303648790677,0.726228323785041,0.6552124492638658,0.6448369770532644,0.6040816408992828,0.6292630506215945,0.591902741554343,0.6810980812667978,0.4515038850045738,0.4551832316967924,0.6729431419355426,0.6317784396036729,0.6796531833914208,0.6418063267651446,0.56376402421813,0.5610777371483059,0.6472413965997733,-0.18339925863365572,-0.26186737723095055,-0.4899693035940938,-0.44499060404355173,-0.4066404022018879,-0.39114533748152264,-0.3510340438573986,-0.346846671550209,-0.4359470264506822,0.23118982721959602,0.27953790166397285,0.34986710658240533,0.3335967166754205,0.3643207020323061,0.3393086262529753,0.29678295818030087,0.25510479409588843,0.2791001868612324,-0.38458501188838595,-0.4279905088802756,-0.668228913971591,-0.6185780001709213,-0.6158774190004,-0.5935088388149379,-0.6156835870007581,-0.5663460763064363,-0.6403724208288035,0.09172151994296485,0.1709651273795389,0.3158122818760858,0.3004561360636292,0.30697973566433123,0.29709805006057804,0.36121194031197845,0.33084081879718213,0.3162315559904054,-0.47541755568758154,-0.5053236475881766,-0.7924391433543047,-0.7218077787370973,-0.7370129092986352,-0.6803755855464564,-0.6563962749490998,-0.6192901325053155,-0.7205600399033804
C4_delta_power,0.14492869182266357,0.1003607459585565,-0.11936179875636094,-0.04685984514750319,-0.01088227179045952,0.08593488902592689,-0.05916929493414403,-0.044648061493269955,-0.04679304424427834,0.20977685874716148,0.23684085895978643,0.49680284872761,0.46881799338225083,0.5251079897285954,0.449560827545472,0.5164914921743217,0.5546755368423104,0.4905832210030056,0.2097768504656471,0.2368408517899482,0.49680284493091637,0.46881800272075863,0.5251079889332423,0.44956083828347493,0.5164914941010516,0.554675535003997,0.48617231233516456,0.00939883474533334,-0.02385695443667639,-0.23962019313885186,-0.2437865662110492,-0.24736919719410053,-0.14923649569948408,-0.2554225476810037,-0.256385104589356,-0.24145412837261926,0.2042020977715351,0.20518368354872285,0.01779463497411289,0.09974016706040298,0.17338605328290402,0.28424507141774946,0.16119366992469725,0.11896676600734969,0.13261704871362054,0.28683199527043807,0.3242688002580488,0.580958125876954,0.562669038294317,0.6039688964712084,0.5429803659861947,0.5804170737653781,0.6054307854980379,0.5775127430093061,0.1165991197068387,0.1585388259744608,0.3021196077162306,0.21876214991995263,0.36526671975154423,0.18517709006896046,0.37261936951249175,0.3767590889467663,0.3003571047734532,0.11659911887622339,0.15853881893887564,0.3021196116832022,0.21876214681044667,0.3652667252025222,0.18517709096946,0.3726193730999361,0.3767590884812217,0.29657019476725693,0.5127897484572684,0.581099018732164,0.9153454263036388,1.0,0.8743633308034557,0.9465105840729211,0.8560749457251153,0.8471693584748182,0.9110549464284875,0.32536158212678407,0.41743752212702323,0.6376985102529655,0.7448864900633266,0.5811795813041477,0.6719980453259404,0.6187883066664254,0.6174392970494802,0.6860937664214183,0.4364697646427598,0.45401194592156296,0.6618751324184504,0.6504666162533328,0.6707779509383116,0.6544515645195578,0.5677243745845049,0.565837858725245,0.6504713571988917,-0.1689942333680658,-0.26435714273405814,-0.40796002477549603,-0.5141424050044751,-0.3495304360165248,-0.44043874338105565,-0.3360452972901057,-0.3601878404308668,-0.43080787900793743,0.210523274774999,0.27025146532681493,0.3291486246503746,0.34011240300926837,0.34820500606360477,0.3364411808688191,0.2988237773965535,0.252595501857282,0.2724618765343297,-0.3809605350765203,-0.44231309449772466,-0.6181584010678685,-0.6824037723493234,-0.580079744403371,-0.6450708225312153,-0.6134460573303175,-0.5886111815850643,-0.6519027054162533,0.07761377022759457,0.16793344212474107,0.295271459963108,0.3076787983938182,0.2892697974702788,0.29358606830142314,0.36169850576813106,0.3338623881099368,0.3092825827513409,-0.4607184716951253,-0.5143276327343981,-0.7294300514162132,-0.7945239470005226,-0.6925445807952552,-0.7396797804104003,-0.6561174166493812,-0.6408596847991128,-0.7269523050432729
T3_delta_power,0.1986652137356607,0.17142914469961465,-0.06583229325539233,0.02919863940546331,0.016144861511944053,0.17777584184992773,-0.044065484173120006,-0.005167922723436935,0.05679712241301767,0.23367901748626518,0.21446813861966407,0.46721589181497625,0.42731132491034984,0.522410048539007,0.40797837774371787,0.49850169326318633,0.5206056325725842,0.4640308814683778,0.23367901012362668,0.21446813104186283,0.4672158821994614,0.4273113247295835,0.5224100495580465,0.40797839276788495,0.4985016943482134,0.5206056301578023,0.4636888755133122,0.058088286520070594,0.04823406056460807,-0.1867429699110826,-0.1542103981038501,-0.21960901541861946,-0.03440718149620379,-0.23024185099593628,-0.1972217297679135,-0.13584633104362878,0.27206868128762274,0.27363970979752206,0.07059986155120572,0.16397223249649354,0.20403376541027776,0.36270939019821624,0.16208089150355626,0.16376146075343798,0.23595100405288136,0.3293911955552328,0.3168901242895168,0.55818271577895,0.518487696181456,0.619403381554674,0.5037401598830483,0.5598482910222665,0.5686529001248866,0.5568821958956147,0.099726998530707,0.10974065753103486,0.24338267377516792,0.1778745841544825,0.27744229747695914,0.08774808532453054,0.3115928191534392,0.2967560864692517,0.2102925764799256,0.0997269948911804,0.10974065099961976,0.2433826755500049,0.1778745720903205,0.27744230709575257,0.08774809283928163,0.3115928211728113,0.2967560895690972,0.19316336952837765,0.6026559202445066,0.5982311724532198,0.9342023207533613,0.8743633308034557,1.0,0.8688993822265755,0.8393109610544287,0.7979434765721528,0.9007262988756806,0.38292155642637876,0.42179863665141676,0.6730448150864334,0.6405990938316448,0.7193123182142671,0.6153624799905804,0.6451480476758292,0.6017441916670844,0.6976670599049315,0.5038696784313019,0.46437505843976257,0.6373163798352706,0.5881522185545058,0.6859921358797528,0.6048263283112919,0.5094365353637887,0.5044774616676019,0.6027519984254448,-0.22263582004660742,-0.29008730289229956,-0.4610232276279467,-0.4489070719728313,-0.4816382811849111,-0.4167843715160063,-0.3892771218876695,-0.3822958240948114,-0.47020181940590206,0.28896119535016074,0.2842706268875409,0.32529083310908136,0.2976835750912893,0.3767463437871145,0.30467585692829047,0.24244510553811807,0.2120259019494952,0.2477322007576482,-0.4175279461658281,-0.44363950043745365,-0.630324651551682,-0.608398922859412,-0.6670421300497827,-0.6061528988443099,-0.6200770987685664,-0.5644295203817422,-0.6482454720430585,0.16729868130951905,0.20177902525264374,0.31633287523155357,0.29176681299319446,0.3463633822315865,0.2967637551704061,0.32183564224439076,0.2873484751719705,0.3135993218586706,-0.514074190475613,-0.5021962330753582,-0.7260188121590103,-0.6798018653587048,-0.7733191271653215,-0.6581481371802606,-0.6340948942054977,-0.5994085515927382,-0.7074313259087203
T4_delta_power,0.14926047783796956,0.11061038814135316,-0.08597517031251146,-0.004083058874033192,-0.0013952763230120366,0.10364110064105708,-0.0559514996280189,-0.026148137977600554,-0.01037668127134903,0.24599379746346092,0.2603465165626342,0.49178597456064094,0.46402329751403754,0.5181417809875584,0.4713985543082585,0.4981605986233468,0.5394512723238771,0.4946964143526818,0.2459937948098295,0.26034651166776696,0.4917859629714959,0.46402330324659624,0.5181417783178507,0.47139855762637667,0.49816060388636607,0.5394512712381024,0.4936575891924104,-0.00010021667233279197,-0.02693319306120807,-0.20550987930372872,-0.197062098468369,-0.23136578317198989,-0.13159897725331418,-0.23910596810383344,-0.2241430992255681,-0.20372952697481211,0.22749593459013098,0.22613425061601256,0.05104239938309675,0.14046404994612782,0.1784732100589596,0.30765564913387666,0.15062272558886614,0.13779134523474593,0.17227846184823156,0.33057362082991126,0.3551273449963523,0.5725136407453402,0.5536167866842262,0.5971129040764966,0.5665677638080943,0.5574177732928105,0.5863878841233627,0.5791258284363799,0.14166964348973216,0.17056733843717506,0.26784120126170247,0.18126016093480923,0.33254582820511236,0.1756572102554764,0.34299439015653044,0.34188114907109124,0.2754634190653033,0.14166963782026462,0.17056733292269818,0.2678412048352317,0.18126015860729602,0.3325458326698983,0.17565721627222333,0.3429943925120955,0.3418811501357823,0.2646118928348268,0.5679641295832066,0.6337076738117715,0.8827469182720197,0.9465105840729211,0.8688993822265755,1.0,0.8188121356952123,0.8176559964440835,0.9079974016881981,0.3465321000563264,0.4372008281849317,0.6242640243208465,0.710394554103688,0.5912374525560767,0.7412465919869606,0.6154232826479547,0.6195684987223973,0.6967343465184915,0.48158591630521275,0.49286689143332896,0.6210067216090667,0.6025587439269858,0.6410666827925904,0.6304628253535778,0.5093009769153014,0.5131258200024845,0.6084846306970044,-0.2031039334014511,-0.29757113153438386,-0.4259015135514598,-0.5146155818105987,-0.3850635878614954,-0.526830070514556,-0.37163228317071306,-0.3968658420301033,-0.47500741698054855,0.2657097609581604,0.3198395462307286,0.32003428709972687,0.32854765232357463,0.3444428310561183,0.3421760838856381,0.252112689275451,0.22327924604062657,0.26266398430020044,-0.3879199802832884,-0.4455946205453548,-0.5940366182025595,-0.6406564150007874,-0.5748368765000068,-0.678127836049767,-0.5937016758213718,-0.5732133204948034,-0.6395783284669678,0.13933421521938347,0.22267403857492415,0.2934702461492402,0.3017014720057313,0.2970493735435998,0.3060452435891697,0.3098913549487308,0.2885742049010086,0.30736010525099444,-0.4811976284926067,-0.5333859368214076,-0.6955121030971234,-0.7423428992481863,-0.6796749692028052,-0.7730543847205836,-0.6270650544650306,-0.6200430059776343,-0.7129377214750481
O1_delta_power,0.10036900566997707,0.045014647682683685,-0.14613843004749244,-0.09151757825512885,-0.055661997782442185,0.030362141738422475,-0.08747252809018634,-0.04778373499816109,-0.09593937707779676,0.200597785435982,0.23022463759570888,0.5141933041765777,0.44402818559594504,0.5611664010353102,0.45158204166839583,0.6143421853134231,0.6298635405298315,0.5148404227953871,0.20059777957456634,0.23022463057928674,0.5141932986668427,0.4440281901786399,0.5611664062270849,0.4515820593287054,0.6143421897567283,0.6298635421792284,0.5087064760301463,-0.01042819754221353,-0.0556822708574546,-0.2628018667872759,-0.27620398262241846,-0.2981737744489605,-0.19713096120972964,-0.31280237544861234,-0.2935677213640278,-0.2892594498858194,0.15775385115554014,0.15377530863584263,-0.01445415168989471,0.040223214207302176,0.1375082080032519,0.2174789440408118,0.16519222825972682,0.1354863590978923,0.08091513130783262,0.25793071817142194,0.3001770096218392,0.5896303957651886,0.5251318238395242,0.6287135418584074,0.5297700303178065,0.6807465737003906,0.6761875491901694,0.593681255672092,0.1170619646463038,0.14392734915860494,0.3047416231971671,0.25498711132772744,0.3983240798000164,0.20462318796068057,0.42115591465272234,0.3847175766088954,0.31572034810362254,0.11706196497001863,0.14392734110721098,0.30474162690297496,0.25498710235868494,0.39832408526992386,0.20462318858471404,0.4211559207755119,0.38471757578797244,0.3107054629159492,0.41663532374820195,0.47004040879563774,0.8614101747347874,0.8560749457251153,0.8393109610544287,0.8188121356952123,1.0,0.9090625366807749,0.8922848554379239,0.3124647578010388,0.3937672673873673,0.6052216708801814,0.6132417348667089,0.5780121289829728,0.5684208069266636,0.7181734482093085,0.6444131262655477,0.656972422072444,0.33714732323815355,0.3547300879380037,0.6522897442345027,0.6267073453475015,0.6528389707008793,0.6242532818391153,0.6443254289610855,0.6275935337192863,0.6578411027493021,-0.1386238804402404,-0.22010639768283088,-0.33831864462220157,-0.3628855741975661,-0.3069115669685284,-0.3189691763331095,-0.38179016567209173,-0.34817129544512226,-0.35952011200737366,0.11101451902020344,0.1647682345720247,0.2792588138290408,0.2805656684365851,0.2933030184596567,0.2819714142737206,0.3828327128508567,0.2999484193192893,0.26016795947975857,-0.3820487773553554,-0.4362459689478844,-0.6119469916828096,-0.6141278114457828,-0.5915906406013609,-0.5863117199856811,-0.6880850461515572,-0.6139260528278464,-0.6524288877128461,-0.010614170304897133,0.06879294871967077,0.23830762579726994,0.23719869673640656,0.2364988186093946,0.2273279902976186,0.4331090145356121,0.37740109173158704,0.26369145756260076,-0.4189929754790012,-0.46368430655994397,-0.7073431502140816,-0.7045649811523911,-0.6841420620600746,-0.6638815946020493,-0.7795938661732328,-0.7034851191087848,-0.7081083438489985
O2_delta_power,0.13570939401657617,0.0877769554926786,-0.12790824583007904,-0.09161213792673502,-0.021801505682748384,0.04503865164518584,-0.08566539613399751,-0.005800269988712532,-0.07431053760108511,0.17776134666463822,0.2170869635445857,0.4874089962143296,0.41860523953406387,0.5339683231681748,0.42777508705710016,0.5556459950575385,0.6524623947298704,0.49533444135192184,0.17776134298790291,0.21708695313018822,0.487408989513539,0.41860523959715185,0.5339683244452698,0.42777509832672717,0.5556460007617949,0.6524623952278252,0.4898536702094184,0.03187140680055155,-0.010618299185189953,-0.23767328094853943,-0.27090804486657516,-0.2550947372070386,-0.17630480318126332,-0.2925232501361091,-0.25659966405124435,-0.2614246807820866,0.18362336000770088,0.18778272575001684,-0.0019812149289829906,0.03534529586159374,0.15532660232371873,0.22780192873569155,0.1492016219395504,0.1789401706625454,0.09926403208845881,0.2348771450034375,0.28668270775418214,0.5608599596990161,0.4990925468152244,0.6003280432561259,0.5081218682704691,0.6213293610960321,0.6998244876351036,0.5731084517700894,0.1236759349755479,0.16199748224030752,0.30670980742163784,0.2843574193800111,0.4041994664894006,0.22895779726734794,0.41011524322582366,0.3945607077295702,0.3379218244050528,0.12367593342682964,0.16199747535213074,0.3067098141402715,0.284357412747248,0.40419947398397604,0.22895779368975994,0.4101152497833104,0.39456070790859527,0.3276049188527464,0.4028549196638548,0.4646703696571562,0.8255337159632613,0.8471693584748182,0.7979434765721528,0.8176559964440835,0.9090625366807749,1.0,0.8894123502839583,0.3024597424328473,0.39918886721774505,0.5807238786565879,0.6185160511016173,0.5424673098709252,0.5814241168172151,0.6450146951816536,0.7379619781396886,0.6545577746524095,0.3306700654971779,0.3494544795690824,0.6370340434251386,0.615077466568095,0.6393214506771355,0.6127833264478016,0.6243027679327409,0.648632932179241,0.6518101347376353,-0.12940459733140297,-0.22340047136154934,-0.31104453043166624,-0.35853941227232666,-0.26956890813744083,-0.3233019517218067,-0.30519180061135964,-0.41441868513100544,-0.3450984036638568,0.10130709372041997,0.15473950178882767,0.2479356892635156,0.25050463940175005,0.2647266223638884,0.25247095544660103,0.3464871153984252,0.28992221524917744,0.2296605390417047,-0.376293763627903,-0.4439366907808945,-0.6058775155027208,-0.6269199486876957,-0.5771734711300737,-0.6051930798261903,-0.650566843397077,-0.6886235667764392,-0.6648450417337253,-0.012428477688977323,0.06226141933152074,0.2263578035938204,0.22268340873934048,0.22625485673879234,0.21775379122841582,0.41195421501587826,0.3756749083580649,0.2517643821005135,-0.40285381164701667,-0.4653225122309112,-0.6765911275351504,-0.6981818749144199,-0.6479573166684235,-0.6614454702567519,-0.7054559422526123,-0.7886575114613605,-0.6974485666282122
avg_delta_power,0.1351322786730985,0.09226898169720632,-0.07673862529100538,-0.042956587101576724,-0.018254075007342174,0.09537274001124828,-0.049164024791749056,-0.00664140309515196,-0.021887388305695175,0.2554912225386393,0.2332250146642253,0.4572232764773681,0.4115459544545541,0.49580011451889566,0.4087378624674644,0.5005240899220341,0.5538740536127141,0.4809867949253515,0.2554912132395209,0.2332250070161772,0.4572232673654215,0.4115459572226935,0.49580011392978834,0.40873787644331216,0.5005240941912872,0.5538740517072732,0.49297883163595113,-0.016748260070208736,-0.04031736285805273,-0.19136931414770353,-0.2159282207744358,-0.23359266146423585,-0.11896608494061596,-0.23730152916644492,-0.20968286470059527,-0.2078741697446393,0.22176751404310843,0.2056279308940384,0.054259073087656685,0.08871067116327166,0.15838028431758333,0.2809850371321261,0.15709348010013385,0.15991324230108203,0.15980121972571368,0.34053284974424386,0.3329501198794263,0.5481688845341559,0.5080432215167004,0.581143785815801,0.5086759240747896,0.5706605683539187,0.6077492683717861,0.5721901595229713,0.12142970133174286,0.12684780751044797,0.24464388054711486,0.17653905720438692,0.32774919978847794,0.13339365978403647,0.3251660492422529,0.3204120081875736,0.2575313220083136,0.12142969417967747,0.12684780287098602,0.24464388027135467,0.1765390484697367,0.3277492065095037,0.13339366198169467,0.32516605656337033,0.32041200699623906,0.2507078299615773,0.6225565191640527,0.6500037979452414,0.9101662178221815,0.9110549464284875,0.9007262988756806,0.9079974016881981,0.8922848554379239,0.8894123502839583,1.0,0.4231205418658977,0.4632651516207529,0.6525944087994336,0.674321219593321,0.6360010991141951,0.6533844836817081,0.6749438948533801,0.6817301319609761,0.7180720955992815,0.4982846911979219,0.4966148658059523,0.6325879627488769,0.6006028632733961,0.6445303364560636,0.6136163613025895,0.5387469179772327,0.5437306705902358,0.6372547868541482,-0.2556069080597473,-0.31270100746931057,-0.43379059952639115,-0.47201020514436015,-0.40489093667107934,-0.4422402556034125,-0.4162277030104071,-0.441318939898941,-0.47720534177611357,0.27057332566617986,0.32190009814272613,0.30945907835855824,0.30291259184337344,0.3253370573316462,0.31064183623696906,0.25163485682290737,0.20721368960581857,0.24887038575772025,-0.4587057909713437,-0.4684111158300714,-0.6230753144053478,-0.6331755354640857,-0.6138491225332909,-0.6303725827913387,-0.648901010097559,-0.631953277296528,-0.6676698035258776,0.14130832083768727,0.21943005153908848,0.28638330705766096,0.2831849767215738,0.27946591408462546,0.28073110142771346,0.3257085907622888,0.29451681811794594,0.3101242843562372,-0.5489934829205553,-0.5570701880052207,-0.7200153532220734,-0.7182056331524486,-0.7132882654303077,-0.7031896227438158,-0.6840647670026022,-0.6792662605706741,-0.7270149199343467
Fp1_delta_relative_power,0.018777219804788272,0.0374481588848156,0.019297525673853514,-0.022184850568872212,-0.009518305452872045,0.014374308352365991,0.01846540142823614,0.06794292860593522,0.01858504007589588,0.035358278434565904,-0.11740925549548062,-0.047754578434797704,-0.09964574234046839,0.029575946199486624,-0.044104012147485286,0.09901364545168449,0.06798944905655643,0.0005640468300590319,0.035358264884930164,-0.11740925839847358,-0.047754578558938734,-0.09964573421499275,0.029575944826915897,-0.044104005312583405,0.09901365294559678,0.06798944808693341,0.013666392654602717,-0.02612892951785555,0.022903599490886432,0.0021964410760864327,0.006036215925877237,-0.02201066689978443,0.031983328654125696,-0.0292727333639728,0.04727295473806214,0.0071564957736346005,0.017603736878658866,-0.03069830237993354,0.03303043532166733,-0.020161778237181998,0.01980738488635377,0.032932524971312466,0.05929556199119012,0.11034627656406813,0.06700397988644592,0.07579695099377295,-0.06692794389775875,-0.008855544386357819,-0.05326703293487559,0.0669729830001714,-0.005109609422843636,0.1177445495314096,0.08121558683075707,0.03752376997363108,-0.02753882840581968,-0.13245004052307532,-0.01622361875435394,-0.07342793409700551,0.0010058922704564782,-0.07836751606058492,0.006165940726369555,-0.07277037319254835,-0.03654690643858834,-0.027538841805369474,-0.13245004534246596,-0.016223618594543403,-0.07342793932842585,0.0010059077155039331,-0.0783675060088993,0.00616594595518984,-0.07277037354631653,-0.040505387923120216,0.6285482095887072,0.33540901445997867,0.3392499348074771,0.32536158212678407,0.38292155642637876,0.3465321000563264,0.3124647578010388,0.3024597424328473,0.4231205418658977,1.0,0.631001220341869,0.5278938561444909,0.5173904989871347,0.5852639346965519,0.5464385356801283,0.43607144372466716,0.47337468850433606,0.6756244764934263,0.037594637823476065,0.024041275179154244,0.015800658087135006,-0.020067926591941822,0.03358921984316403,-0.02514164915549313,-0.0008692142634697071,-0.01417633161703333,-0.012854476092162257,-0.8169536055968183,-0.4808861177596828,-0.3853467795928687,-0.3951466074488361,-0.417784429763527,-0.40975026270331744,-0.36589035110339146,-0.3783826049409823,-0.5249426891177288,-0.0817702246772566,-0.0832371504741412,-0.18976163282811692,-0.19784190447475847,-0.17229460273916825,-0.19677346343717803,-0.13097679586206926,-0.2146859519830782,-0.24087623148854573,-0.8602633746293019,-0.5661593232693053,-0.4709137766067473,-0.45935354198028816,-0.5158590665244726,-0.49297539848922894,-0.3902733623176769,-0.41231657037879565,-0.5482864631797655,-0.09529869899440448,-0.12145111767050089,-0.2132709285423652,-0.22372016082054522,-0.19153436406562,-0.22008390973367123,-0.0872616565946723,-0.16775340588968585,-0.21465835243194856,-0.7949410676745033,-0.5253309194150888,-0.4478722332448516,-0.43584708374752745,-0.48310840714083975,-0.4541489715911684,-0.3648808705632,-0.3831894670763594,-0.5568783257392131
Fp2_delta_relative_power,0.033754666436183224,0.041587532030605376,-0.08525607943063694,-0.014434706269581866,-0.016103757258592505,0.011101516026233653,-0.060845277281389824,-0.016036171222576723,-0.04414496231744254,-0.0014040896554896112,0.006919022952060468,0.054568750595834735,-0.01355423847107696,0.12438775569254847,0.02532556778064279,0.13236248816974494,0.15060550692953026,0.07970275991569534,-0.0014040909113814187,0.00691901791532434,0.0545687417818853,-0.013554230266554217,0.12438774952362913,0.02532557347866775,0.13236249381191448,0.15060549191018316,0.07571124338414535,0.009722323156924537,0.0008413814016999451,-0.11276233872404168,-0.025077281245027276,-0.08489876459069973,-0.007762100526398025,-0.11873018692349453,-0.06985798626417453,-0.09012803511441513,0.0018585782387032141,0.016500653251497684,-0.05390399511719775,0.0035188105212730636,0.03730090047805388,0.05591898920225932,0.01625406715503761,0.037813278780722624,0.020679225846805087,0.024095599517609218,0.048953856526817406,0.09520322485214144,0.03492335296961504,0.15786878966862133,0.07303397383525488,0.1556554572489034,0.16441943736642936,0.1207319576712419,0.025356003358484897,0.018741118112182847,0.14106882046010233,0.04731413398629662,0.14052655144189405,0.06659436542863865,0.12065536307768543,0.11511355226620172,0.11859561197325875,0.02535600040308519,0.018741114918850946,0.1410688301116671,0.04731412870748702,0.14052656023360416,0.06659436637493063,0.12065536407308658,0.11511354291655684,0.1089188512244883,0.36321215069078006,0.5134849976609822,0.40696303648790677,0.41743752212702323,0.42179863665141676,0.4372008281849317,0.3937672673873673,0.39918886721774505,0.4632651516207529,0.631001220341869,1.0,0.5529105513972793,0.5775036763518491,0.5767438608779815,0.6011238830831265,0.5090477611212187,0.5472694630475825,0.7276885363722997,0.04276452317049,-0.0062506506710542555,0.11495390605093174,0.0751831550353724,0.12870788056499352,0.07241492146076325,0.08688802042258947,0.07876412050215842,0.07755410791665748,-0.4457180451361491,-0.7895753937223404,-0.33595537828867816,-0.38112370211550267,-0.3359967366805854,-0.3933129449583537,-0.31895200018832276,-0.3598844377707469,-0.4787315627908642,-0.14085996914980323,-0.1391360229271264,-0.1900759407873755,-0.1885474190480045,-0.17858242340640912,-0.18534870451407834,-0.10370719377172813,-0.17373762568188994,-0.24300360811529148,-0.6289675737528435,-0.8534851608151517,-0.5498989345559271,-0.5480500225583852,-0.5760156584306719,-0.5787681350299078,-0.4955305039260167,-0.5059247482145754,-0.6468060497136847,-0.1593769914217941,-0.15338101170432325,-0.16489154194934072,-0.16199633336641592,-0.15847360729871005,-0.1565534188222398,-0.020036954631260893,-0.10091733786094075,-0.16861780305178692,-0.535145156083879,-0.7687200514403286,-0.5014689465470308,-0.5044627820836313,-0.5177461359913123,-0.5186584577085614,-0.4454799998910275,-0.4805652658160715,-0.6211756191118071
C3_delta_relative_power,0.03467312365929552,0.03088640394049936,-0.07989337120478182,-0.05137727640400484,-0.03985003426259166,-0.02577257321795412,-0.08432047178902514,0.006359927695835835,-0.06907527253898312,0.10371595329199439,0.07262402616409547,0.2823319096525655,0.19423260430815603,0.3290071035584832,0.24116228265936657,0.33760316448261934,0.33738972043002485,0.273329926723865,0.10371595657671631,0.07262402588272432,0.28233189925339597,0.1942326076284044,0.3290071049003698,0.24116229763549316,0.3376031773475262,0.3373897123431306,0.26998573521058256,-0.03570718427169818,-0.02884426816620923,-0.14985713946780427,-0.1314156971417662,-0.1707759950717145,-0.1273606792174145,-0.20161041298364327,-0.11374462400097247,-0.16797934497883593,0.0718253759082205,0.06298453141046771,0.004318937417299717,0.028174895030636235,0.0701312911579398,0.08834307933398085,0.054403888184898705,0.12241341560834956,0.05705655506828546,0.13483262296341608,0.12001832135871598,0.31521296488222267,0.2338826961002686,0.35020465261775247,0.2770340666338615,0.3539975366456062,0.3453422926756112,0.30457245182673803,0.10837907158945657,0.07464363978958775,0.17435790637774318,0.11516962423659527,0.2377706044635982,0.1825286347028601,0.23898868057331815,0.17477529627640906,0.21265244803070343,0.10837907100260005,0.07464362924483231,0.17435789849744962,0.11516960400419493,0.23777062585845585,0.18252863918629514,0.23898868280381003,0.1747753058577791,0.19689636230212537,0.3946809041210844,0.3724408855111857,0.726228323785041,0.6376985102529655,0.6730448150864334,0.6242640243208465,0.6052216708801814,0.5807238786565879,0.6525944087994336,0.5278938561444909,0.5529105513972793,1.0,0.8268414783519891,0.886157341370872,0.7702852690157852,0.7292021438342583,0.7008280065478871,0.8868488749547345,0.1345057848397042,0.13461160815225454,0.10119983757559181,0.11468286725213889,0.1498790487772816,0.1509987686937299,0.12676849892119485,0.13627895310944066,0.12013766459631484,-0.3892137905233512,-0.4055308512563682,-0.7813724896439004,-0.6489628196182896,-0.663090883684307,-0.577759903380763,-0.5398439305271573,-0.5293619828321987,-0.6895226797420285,-0.047550112128295255,-0.014682347480516755,-0.17291079224101738,-0.11579275476893673,-0.13039834358971736,-0.09222922217934387,-0.029726803739408742,-0.07500577622023952,-0.1549592984070138,-0.5320393027093253,-0.5359555607356321,-0.7904976937628451,-0.6765635253544486,-0.7334590732347901,-0.6690131899826942,-0.6134670115110981,-0.5820461027730665,-0.7134002769391049,-0.07912472238361008,-0.05677083887548265,-0.13422840095896404,-0.10740413810803906,-0.09667098790567923,-0.08602046947211395,0.018256409571647196,-0.04553570117546351,-0.11589303577906292,-0.46611317131596175,-0.48410732624863806,-0.7257647117168777,-0.6420423311735075,-0.6703369315596693,-0.6241067053938596,-0.5800963917303873,-0.5788862103208862,-0.6422507798637348
C4_delta_relative_power,0.06924175492751958,0.0726297584928575,-0.11740967447143234,-0.0813611467067002,-0.004999227626540278,-0.008855775804004516,-0.04934057201945183,0.03122299970372238,-0.06696121483018191,0.07868973229498548,0.04541663313849884,0.23954105912880472,0.18983292749098893,0.2996746403194359,0.21747625030121784,0.31771848072652153,0.3242618177982815,0.24862161892685772,0.07868973175769198,0.04541663058844855,0.23954105038718523,0.18983293876058835,0.29967463418344437,0.2174762590878523,0.31771848978671235,0.324261816563093,0.24581690350211388,0.00352214220521271,0.01323470765461974,-0.18579723050863894,-0.16446431040143916,-0.13488075852609274,-0.11743418965079912,-0.1703388281257791,-0.09403370433500499,-0.166352188399119,0.0937517065934477,0.09848948572036065,-0.03571038898984384,0.003605873161670998,0.0990483904626489,0.10497869594651793,0.08601509167135263,0.14171728079969806,0.0570009761558439,0.12245810945312917,0.10156773613246098,0.28339290939302614,0.24202824240016926,0.3377613799655164,0.26634305590626833,0.3446747123781022,0.3411276878473531,0.2936657361770667,0.06132747119783301,0.04128385128972815,0.22368892539780208,0.1480424243866518,0.23392668314076182,0.17696381631990352,0.23727145728246013,0.1712365751630262,0.21626643810835236,0.06132747309630988,0.04128384034706365,0.22368891724990655,0.14804241799784973,0.23392669569001057,0.1769638166462458,0.23727146343075206,0.17123658220359478,0.20846320762413104,0.4036213898780275,0.3865177670167719,0.6552124492638658,0.7448864900633266,0.6405990938316448,0.710394554103688,0.6132417348667089,0.6185160511016173,0.674321219593321,0.5173904989871347,0.5775036763518491,0.8268414783519891,1.0,0.7665185990335308,0.9068537070103877,0.7112903604947168,0.7525393320715098,0.9003004256803113,0.16144860788416535,0.13577655091538307,0.17776559473512,0.09351339808186307,0.22854217642394908,0.12692811489149444,0.15810879365518377,0.13920199401033656,0.14145216608999542,-0.36191518313420123,-0.4189055503402339,-0.6086334696477215,-0.7926710215574079,-0.5377401118636099,-0.6938095186613841,-0.5074397746499604,-0.5624561913751678,-0.6822838400748977,-0.03567684132090975,-0.03039995268671187,-0.12644589160559855,-0.15857970252461157,-0.08154407868923913,-0.13248372795266736,-0.018320216765784356,-0.08792673531659935,-0.16058342403998788,-0.5395020388144599,-0.56840352147511,-0.7092911326956374,-0.7933866752931947,-0.6843503647841062,-0.7633311622444545,-0.6188031085938541,-0.6225741472692293,-0.7420539506761491,-0.06290560423112392,-0.060248783103544326,-0.09962059544393302,-0.10975074787079443,-0.05864177375882166,-0.08820674109001508,0.036096869448861146,-0.043541413823284816,-0.10290556421736531,-0.47188773039822457,-0.49991110774104736,-0.6599492017806332,-0.7279148298698876,-0.6358859329235547,-0.6889799579254845,-0.5845578402233623,-0.6091938540546749,-0.6604024002300198
T3_delta_relative_power,0.055849695670354874,0.05820066702868072,-0.05487945139946301,-0.02939921385313304,-0.010796977044600132,0.009931060802170743,-0.04141598131789026,0.038776124264280724,-0.02378453069045293,0.07417728197924084,0.018214448923836078,0.1950432965443113,0.11855576493099512,0.2692193249188174,0.1569019594520946,0.26948440387314765,0.2692438168544393,0.19969178196656298,0.07417728220086559,0.01821444945097104,0.19504328228122425,0.11855576162798188,0.26921932634045836,0.15690197254135138,0.26948441703223186,0.26924381742709574,0.199277779777043,-0.005917352959764924,0.006025262810574556,-0.11344941653412903,-0.08482506265417185,-0.12142046006452205,-0.06245726383616978,-0.14153074486611938,-0.05609440365446482,-0.10163566736803466,0.07236556209162562,0.06258028778959955,0.014344895606658331,0.03102535198132144,0.0825965262680897,0.10181305740287581,0.06986749486976986,0.1355272551347057,0.08573105115976662,0.11524546962184597,0.07631771915921805,0.23478681384684313,0.16671939070328717,0.2985224696700242,0.2018232095314758,0.29009304198728825,0.28081973540076594,0.23926711166086634,0.05744699877501801,0.011054389076493386,0.13579249204026503,0.06554099097363826,0.17086925153852273,0.09689933455507653,0.16825966658895106,0.1052475244322947,0.1358179365193155,0.057446991422410484,0.01105437956597768,0.13579248379980782,0.06554097015592769,0.17086927258870638,0.09689933846444415,0.16825966831323952,0.10524753261370332,0.12226170024093967,0.4393452803665114,0.39012998265258597,0.6448369770532644,0.5811795813041477,0.7193123182142671,0.5912374525560767,0.5780121289829728,0.5424673098709252,0.6360010991141951,0.5852639346965519,0.5767438608779815,0.886157341370872,0.7665185990335308,1.0,0.7590979762410326,0.7337161621254941,0.6965597737849939,0.8876854698725036,0.15077332672172003,0.1370413343417882,0.09845375236409615,0.09479796393855934,0.11386073838953958,0.1154564826378159,0.07807594537412141,0.089560754855912,0.08552937298315944,-0.4340832021455787,-0.42838916167012286,-0.6845775971960815,-0.6027814413252622,-0.7625745504493364,-0.5735818007143307,-0.5688265184125119,-0.5416065235235354,-0.6970150322385121,-0.01965090370594921,-0.006592991028157077,-0.16501419847741622,-0.12537128442009413,-0.1534261449703974,-0.11485318003811433,-0.08434753759041175,-0.13005654769935796,-0.1897022978846958,-0.5663281019702666,-0.5483300303204981,-0.7209182374428907,-0.6401247515388493,-0.7958153629033193,-0.6597679426228744,-0.6109713937116966,-0.5785217107846857,-0.7107869503821276,-0.04654911024303246,-0.03972189581682223,-0.13571023848234726,-0.11757966002566832,-0.11652255399565653,-0.1042738592058172,-0.01913317147606263,-0.08658123494492286,-0.13388836966267814,-0.5103416165834369,-0.49301065389872495,-0.6625911474579289,-0.6033931727092406,-0.7290316065952619,-0.6087200827773463,-0.561088692355727,-0.5560376608273883,-0.6373397486025464
T4_delta_relative_power,0.06518902850333379,0.07673528759238635,-0.06985873430499459,-0.04761679972501244,-0.0009095556327535044,0.0133592425036525,-0.03941199083613782,0.044987757864280255,-0.03271751836318316,0.07135832831803,0.025680572809651428,0.19579635152111766,0.14482582523131096,0.26270969185823756,0.2007338414298714,0.2879554432683089,0.2896471970135745,0.2163005933933322,0.07135833407839395,0.02568057216387493,0.19579633534420487,0.14482583342002617,0.26270968254888455,0.2007338403548944,0.2879554582947805,0.28964719612023654,0.21825236688358285,-0.0006523926835563549,0.020813685336203355,-0.1296681058719871,-0.11683339867919704,-0.11341956169035002,-0.08368720581857163,-0.1474585413307089,-0.05923894061396081,-0.11980767178217208,0.08408585804342719,0.0867179230089245,0.0021576912442562244,0.02454006246504162,0.08887485852154678,0.11781994498182115,0.0789251160404519,0.1474381637178958,0.08282664436792646,0.115129101152198,0.08413044840675508,0.23650745352927421,0.1943463891508757,0.297320395720574,0.24157820711831957,0.309503345880225,0.3038330531086087,0.25649817938411973,0.05973165727864896,0.027748868071486313,0.1683512971252906,0.09314749526521182,0.1951452645637388,0.13768693326045642,0.19599395266622655,0.13291665234502825,0.1732254290329625,0.05973165473981248,0.027748860501287147,0.16835129056744483,0.09314748754476819,0.19514527602252998,0.13768693653389857,0.19599395716459866,0.13291665805157857,0.16124076266305246,0.42860264064515513,0.4084848416017689,0.6040816408992828,0.6719980453259404,0.6153624799905804,0.7412465919869606,0.5684208069266636,0.5814241168172151,0.6533844836817081,0.5464385356801283,0.6011238830831265,0.7702852690157852,0.9068537070103877,0.7590979762410326,1.0,0.6802203914435307,0.7381820901115103,0.8897316647306133,0.16355937062203946,0.13603352728798618,0.1610262513580562,0.08163330154626817,0.19996144279557543,0.07249850915416403,0.12505457300320827,0.1063452863162,0.11447668519295234,-0.39450458157597984,-0.4522217966655389,-0.5648428725221054,-0.7170613403366266,-0.5360560689033047,-0.7840557196025534,-0.5021665306257379,-0.5636759803286153,-0.6838497943447212,-0.01703850721349685,-0.006780714251011758,-0.1301389508227728,-0.15505966203258426,-0.0926444521731587,-0.16535126016446744,-0.05042739880365629,-0.12214214483361902,-0.1792905909014158,-0.5512488498825017,-0.565857331172253,-0.6701427936483794,-0.7296551862602042,-0.6691362302793975,-0.8082600796729604,-0.5919300167449344,-0.6090947194550324,-0.724593056170426,-0.03802066119695654,-0.03337884050252663,-0.11445206175440928,-0.12447562671669621,-0.08094158282451401,-0.12503448788509808,0.003472203828701973,-0.07736623701931604,-0.1258434447771083,-0.4889229727461913,-0.506186027228906,-0.6268456829049011,-0.6741202419318334,-0.629453163898252,-0.7374109573528681,-0.551810303011679,-0.5843701680224629,-0.6482230180224788
O1_delta_relative_power,0.05102714650082907,0.06216251292990386,-0.10629246602349104,-0.09343887804185477,-0.02185872380494125,-0.033400661289584875,-0.035287789879844135,0.03903943931479906,-0.06860743363012753,0.09041625241215474,0.0978917907904548,0.26900601965953747,0.2394420607693591,0.29406560326472136,0.22448048844888638,0.3098894014335613,0.3184929141149847,0.27382263899966947,0.09041625365403187,0.09789178549031552,0.26900600787100803,0.23944206415611574,0.29406560189056624,0.22448050869263877,0.3098894161307662,0.3184929071741136,0.2735820106415422,-0.019761834999500176,-0.025601524289043505,-0.18681397912950196,-0.20086089924335543,-0.15747800135455353,-0.1499204006258423,-0.15782664126470486,-0.09462379508148361,-0.1814531748557105,0.0885034674815086,0.11524218462337307,-0.014359932846466363,-0.0013053406986946055,0.08796593035361748,0.0943837599514834,0.0953596423820791,0.147678136727897,0.06917735154191777,0.1422274278787776,0.16083021082386909,0.31475669472962403,0.28985990096398656,0.335782269750954,0.27864608852169276,0.3264918126977693,0.3283536600364883,0.318834641144829,0.0584800617496801,0.0633178990007545,0.20710436912030084,0.17946908728852448,0.23370628247713746,0.15828973636803087,0.21863539101358084,0.1445993412715372,0.2020031429057547,0.05848006172891847,0.06331789591901447,0.2071043664454839,0.17946907510867538,0.23370629564998033,0.1582897368795288,0.2186353947855194,0.14459934835642702,0.19131670695485445,0.38130670133956274,0.39200135116342594,0.6292630506215945,0.6187883066664254,0.6451480476758292,0.6154232826479547,0.7181734482093085,0.6450146951816536,0.6749438948533801,0.43607144372466716,0.5090477611212187,0.7292021438342583,0.7112903604947168,0.7337161621254941,0.6802203914435307,1.0,0.8234473221027069,0.839752271565369,0.1915856043190976,0.18563214997744262,0.20660132465705178,0.187754214984143,0.24172764591104942,0.21793635087774685,0.06724675590393939,0.1098548651185651,0.15002691433114104,-0.32294723276279147,-0.38637226714655365,-0.5500761934104286,-0.5484000680341471,-0.5380262175452365,-0.5055013467552294,-0.7163500154749279,-0.6097982958634699,-0.6303014801778613,-0.010815889998220137,0.014901611922995424,-0.07338087306553864,-0.06160280388474641,-0.04533936193750644,-0.041573189776252746,-0.16336274033678516,-0.1385324990915579,-0.17243781264826127,-0.4609938361237396,-0.5159026949089742,-0.6579354149649197,-0.641192430483172,-0.6657391191886157,-0.6370452685301855,-0.8263325052950656,-0.6919632940730481,-0.7408512176028088,-0.03928946014130605,-0.005298362603048387,-0.021200671850076392,-0.01073169269241242,0.0073946465980963775,0.00902728710337547,-0.020324807671419993,-0.04367355288106464,-0.031123019168272252,-0.4303931895483285,-0.4733131102470781,-0.6184516724588114,-0.6033100983305085,-0.6232492228261873,-0.5861758348030764,-0.7058465903726437,-0.6389794862126398,-0.6362951775617989
O2_delta_relative_power,0.05500874144171395,0.0809612514566977,-0.11051915294946557,-0.09784147480906386,0.0006725403428833356,-0.031657687874550804,-0.028066150656216843,0.041446610739927704,-0.07200202968905091,0.06451551377974639,0.060253306773751195,0.22964943444710686,0.17176405116636126,0.28421312787833547,0.18964237131532674,0.29158715579402944,0.3564788868254683,0.24673198332732976,0.06451551202700498,0.060253291349906694,0.22964941761125574,0.17176405185451546,0.2842131203558838,0.18964238095414074,0.291587170431273,0.3564788838393232,0.24722428823351578,-6.40638267462488e-05,0.016554088165936492,-0.17615636708643648,-0.1802751773941957,-0.12633182479645436,-0.13460051382343152,-0.14282534525207935,-0.08886553697213977,-0.1706957805550861,0.07022608105406117,0.1039789883032618,-0.032870601724361966,-0.02417434404376142,0.09998255198691355,0.07696213826625885,0.09931060382667696,0.150347128585769,0.05488308137968347,0.10646460238719258,0.11786238370440814,0.27535909907077605,0.22501057564905608,0.3211791963776063,0.24222816876194075,0.3141470561023242,0.36091349486085106,0.29037414837406106,0.05924651584577724,0.0622418763220767,0.21837524198383582,0.17808262869204,0.24755887610519065,0.17821486942634016,0.2118821616324466,0.1815274507883458,0.22664012054576338,0.05924651609468748,0.06224187119902736,0.21837524469307706,0.17808262187353358,0.24755889066788048,0.17821486858751703,0.2118821667612664,0.18152745555409933,0.216809900179601,0.3632530380700489,0.3784158720475944,0.591902741554343,0.6174392970494802,0.6017441916670844,0.6195684987223973,0.6444131262655477,0.7379619781396886,0.6817301319609761,0.47337468850433606,0.5472694630475825,0.7008280065478871,0.7525393320715098,0.6965597737849939,0.7381820901115103,0.8234473221027069,1.0,0.8564716690876937,0.15605154202681223,0.15584029620505474,0.22038937699486463,0.17475778906376802,0.2536612961739592,0.1905093863918578,0.13814709313137777,0.11000187814260053,0.15863944740388702,-0.32258569706977547,-0.3903994120916652,-0.47606554080149627,-0.5419871131990703,-0.452754165556065,-0.5155743522226315,-0.5412965294460397,-0.6976863974399166,-0.589100850625083,-0.04895569500543094,-0.01535559613177699,-0.11913605281830265,-0.13227413528960671,-0.08863267086365602,-0.11816357467848922,-0.14086012143050944,-0.24563102885887036,-0.25997884566896357,-0.5052356341496251,-0.5572168314078416,-0.6685208684353645,-0.6921303300422793,-0.669466123778242,-0.697782875967702,-0.7541352860821402,-0.8451929811443871,-0.7900261008659988,-0.07144502439840023,-0.03076006428373216,-0.0673140819734928,-0.07089194319555603,-0.04555703256408347,-0.054489628893172534,0.018290198301809314,-0.06608569455124685,-0.08640264808871205,-0.44152780659702884,-0.48512792635083773,-0.6070731379380362,-0.6247484109103052,-0.6131914376708681,-0.6170957164672419,-0.6203627422398857,-0.7163537042078308,-0.6381314716374494
avg_delta_relative_power,0.07879180384054878,0.08426541541199194,-0.10372873346368638,-0.06453064879548308,-0.006467894335325477,0.00039123759108130945,-0.04998847400767422,0.041257856428447245,-0.052098570307047336,0.07114202804818007,0.03236777353385029,0.20467983925967312,0.1407355930834446,0.27414680472985464,0.17315356666780568,0.2920247985697617,0.30590921744383825,0.22164236732833142,0.07114202802276898,0.03236776957035624,0.20467982554462563,0.1407355987174306,0.27414680012796305,0.17315357827771918,0.2920248115116847,0.305909211622,0.2214310655114713,0.01563200081536339,0.0242527089045757,-0.167062743235697,-0.13714864238227484,-0.13054204207228437,-0.08951838920687817,-0.16212465245495278,-0.0736936846851969,-0.14478529611717128,0.09059412185205945,0.09371279785092738,-0.028924894332236665,0.006911696491211145,0.08976746662794623,0.10694517137094356,0.07461355890528287,0.1447131158144179,0.06975500254307906,0.11952679795591228,0.09651171394707751,0.2556440899750712,0.20056513465600548,0.31811523472547565,0.23058028804590777,0.3184306296788475,0.3212637468917374,0.2718762007934582,0.06583265423014212,0.03573625673720846,0.2074824121975071,0.13324169983412604,0.22519781702987515,0.1456235271926255,0.22071085806539387,0.15160799640751174,0.20037750679734354,0.06583265321057778,0.03573624873995765,0.20748240846266716,0.13324168467576145,0.2251978335220789,0.14562353043742748,0.22071086321413153,0.15160800255937507,0.18856478107723432,0.48858003531495553,0.4644046442969079,0.6810980812667978,0.6860937664214183,0.6976670599049315,0.6967343465184915,0.656972422072444,0.6545577746524095,0.7180720955992815,0.6756244764934263,0.7276885363722997,0.8868488749547345,0.9003004256803113,0.8876854698725036,0.8897316647306133,0.839752271565369,0.8564716690876937,1.0,0.15606363565697953,0.13690484192552585,0.1657746408380436,0.12315890573978576,0.20727951591723018,0.14288715360637239,0.11005260885675648,0.1097621856709509,0.12296416832447223,-0.4843396002283552,-0.5324329033560005,-0.635605265255784,-0.6750487524058305,-0.6123812504257964,-0.6457636683393193,-0.5912871540452518,-0.6199918841097954,-0.7264561358446677,-0.058500871012483,-0.04275214361118176,-0.16935517690187588,-0.16571512052470033,-0.1320976498344852,-0.15493792262444187,-0.11225830460424611,-0.17708574278456984,-0.23848273706708564,-0.6691178770147566,-0.6884430824236901,-0.772349089016799,-0.7653227581317534,-0.783911909234728,-0.785277728358336,-0.7272611796646593,-0.7190760823476787,-0.8364598177449709,-0.0850407904492775,-0.07064904965883533,-0.12808943010152962,-0.12469750687404844,-0.09392503734991046,-0.10888062559373404,-0.0068756709695557494,-0.0852462946543053,-0.13468307002889257,-0.5966316866392758,-0.6180760879046312,-0.7139032023898473,-0.7102115518978049,-0.7232481299757099,-0.7127370338183687,-0.6480570137911957,-0.6713493900220231,-0.7461847267909013
Fp1_theta_power,0.20758327777192695,0.21464287590932626,0.0748134411152895,0.08634523575441523,0.14624843580755043,0.14402897183993624,0.12309669121903082,0.1717497648445705,0.20044539559147748,0.3885004179916203,0.32105098744663,0.3112743589035703,0.3632789026927832,0.2879899481393473,0.3043965649497601,0.2016246452968786,0.23519108759286034,0.3331822759153552,0.3885004009625946,0.3210509701212073,0.311274348354635,0.3632788981993409,0.2879899475136649,0.3043965690315642,0.20162464226944404,0.23519108574680078,0.345067588619102,-0.011522144619208557,0.005126575836307899,-0.0208374756801786,-0.05317389329498744,0.017882525860346422,0.0020432177569368105,0.037545337409179196,0.08105094058538033,0.0541282199470397,0.39977981931609424,0.4029373962716644,0.18864815748776528,0.20402640764413593,0.2662761578622386,0.29956086959447364,0.19617282391323834,0.2671413486211679,0.3440015988156597,0.5308555536122816,0.44055105979103953,0.3888390401263765,0.4316722051844214,0.3804544533491841,0.39258620040521475,0.2525672495533254,0.28685111971040883,0.41472082781651387,0.13361929491913596,0.14293049815146458,0.044374027134862166,0.04700937007967205,0.025937774345410454,-0.00221763726921789,-0.0013330335700561392,-0.0013927499709044421,0.01172419009522261,0.13361929351955892,0.14293050049949335,0.044374025262384625,0.04700936231848142,0.02593777613056686,-0.002217629308261089,-0.001333030706185267,-0.0013927537084042312,-0.0020950170173323654,0.7108648627285143,0.6414724777903495,0.4515038850045738,0.4364697646427598,0.5038696784313019,0.48158591630521275,0.33714732323815355,0.3306700654971779,0.4982846911979219,0.037594637823476065,0.04276452317049,0.1345057848397042,0.16144860788416535,0.15077332672172003,0.16355937062203946,0.1915856043190976,0.15605154202681223,0.15606363565697953,1.0,0.7539332608179047,0.4759586036547707,0.43582189391167364,0.5436474173446123,0.4974917303365437,0.26098798504829374,0.27327570208754776,0.4719703508300072,0.09675934830592806,-1.0054337236844631e-05,-0.17326619366823232,-0.1928479001593894,-0.16331463422277287,-0.17609598883375166,-0.20472141955874154,-0.18278236739420817,-0.1717750630759794,0.7290443136506164,0.6263177198045357,0.4352740751093639,0.3831737086094089,0.46983533117161924,0.4356228325799619,0.06569327384746636,0.16245189146490327,0.36667071052531736,-0.12843411157086068,-0.07430571621913569,-0.14608553905563196,-0.1726871088159716,-0.1737391465538124,-0.18054828708564827,-0.19666643577754733,-0.1538929297156618,-0.17415155333800517,0.5641348511765087,0.509313334344466,0.3894182997173924,0.3488541980039812,0.4129460631891501,0.38374878486221514,0.03443549952467454,0.09005181982413112,0.38070819133596007,-0.40824440917270655,-0.3234793849921052,-0.2621837309577225,-0.25697104586728764,-0.3012474295745869,-0.2693209455536014,-0.2274812952582828,-0.20154679918757418,-0.31242639452274484
Fp2_theta_power,0.12026565769638496,0.10282612005406622,0.019314669173564846,0.10646598946616206,0.032446679140641387,0.13538989031131415,0.027220808172888522,0.049727732178009756,0.07701320936288208,0.3710593900272972,0.46312600478089,0.40435402528442543,0.45016337535840184,0.34605026946835404,0.38384849865007653,0.24735452602297328,0.305869483656713,0.41244941410032027,0.37105938083407897,0.46312599743008265,0.40435401387026293,0.4501633684653,0.34605026824872215,0.3838485074387102,0.2473545229562458,0.3058694794611327,0.4187357173833923,-0.08835274524659671,-0.14828950256770113,-0.0680939141658019,-0.05568943956831401,-0.10352189641726214,-0.03403459893716706,-0.05456697455439494,-0.04561359850078774,-0.07245404326594239,0.2829266781541735,0.33364965994793905,0.14010305053785113,0.22806696586318603,0.15864465782249879,0.29426269633901053,0.10665129578508208,0.14874739787686997,0.22913901423132857,0.4657380504516082,0.5817360128699389,0.46123467083813663,0.502321501427681,0.4094623288191178,0.45286535088879526,0.2877976681449009,0.34677068271985584,0.4734789278630465,0.21446312645944518,0.28435594559406824,0.1311874396699536,-0.00019582230275647867,0.18950679168085077,0.04900748476826009,0.09982419136845652,0.1689311596537497,0.143503212736638,0.21446312917625632,0.2843559454093221,0.13118743969746505,-0.00019582520028660938,0.1895067925411622,0.049007487987058125,0.09982419507433773,0.1689311486483039,0.13814590346478858,0.5668446912965892,0.7768820120735077,0.4551832316967924,0.45401194592156296,0.46437505843976257,0.49286689143332896,0.3547300879380037,0.3494544795690824,0.4966148658059523,0.024041275179154244,-0.0062506506710542555,0.13461160815225454,0.13577655091538307,0.1370413343417882,0.13603352728798618,0.18563214997744262,0.15584029620505474,0.13690484192552585,0.7539332608179047,1.0,0.49644317758706596,0.5009181789216123,0.5119788278707548,0.5685798122349313,0.31679259572552726,0.33167102115562974,0.5247120328003468,0.035849427325770226,0.13025349029405756,-0.14556189187483382,-0.1444606222235989,-0.13613052494120392,-0.11300021913039184,-0.1615873337235973,-0.13416808945080322,-0.11511799770974993,0.5752790583131169,0.7943695417072905,0.42418379398539047,0.43793706214191275,0.42176957215878264,0.47505095064930136,0.0890320563766583,0.17098278676963952,0.3714271495261777,-0.060325097069008966,-0.08515858192812321,-0.16912466414654773,-0.16164368900103673,-0.16963936743902358,-0.17182869287248492,-0.21286923984914238,-0.18221760235790263,-0.18267603013204858,0.4145633319834017,0.661225917012595,0.35968676826861146,0.3819417397667817,0.3456399087942225,0.3799090965656337,0.047006201449749596,0.12039185536808307,0.3815083624074337,-0.3115560174453518,-0.37186511116722215,-0.2994428540422182,-0.2786230409608561,-0.3089420185054291,-0.3083704960409101,-0.2676222403949699,-0.22657611321603188,-0.3242772645378959
C3_theta_power,0.16314072108850147,0.10487311293721001,-0.12852852056100983,-0.03599506806517799,-0.02752265604269705,0.1333226298143702,-0.08005648412685376,-0.10943435842498903,-0.03374853887950179,0.18696148247636538,0.2655854764025644,0.4635047748199836,0.4192007791830197,0.48118922420847404,0.37602969927551083,0.4294733006876208,0.4941649178085438,0.43055813644042595,0.18696147045930667,0.2655854694603835,0.46350477663441625,0.41920077282870977,0.4811892271632344,0.37602970524999807,0.4294732828280785,0.4941649161542388,0.4181828939641178,0.056006923650918576,0.00027016104292106616,-0.2316907618454368,-0.21707013989080384,-0.2537464534466106,-0.07591933240148423,-0.24373065538766855,-0.3043026468367078,-0.21267864201018385,0.2110195522241641,0.23962292609577476,-0.012648922917059997,0.07761920596518035,0.14571880693819872,0.29138658166953274,0.11141763807822344,0.03373953467922112,0.1029263327954227,0.2470416091220479,0.3336903991303281,0.5545839020267328,0.504844884414837,0.5701794482507002,0.46443347756006115,0.5081531315407133,0.557346342958757,0.5201381077633782,0.09354647777896656,0.17923702331790134,0.29114907527869593,0.2665183309523941,0.3492595559213194,0.11586594563344964,0.3552477382295137,0.417288045019376,0.2740395371662756,0.09354648486599665,0.1792370205786871,0.29114908944894163,0.2665183352769975,0.3492595441310573,0.11586594934218507,0.35524773701103457,0.41728803464303876,0.2718714263667797,0.2981994378836562,0.41493833383218753,0.6729431419355426,0.6618751324184504,0.6373163798352706,0.6210067216090667,0.6522897442345027,0.6370340434251386,0.6325879627488769,0.015800658087135006,0.11495390605093174,0.10119983757559181,0.17776559473512,0.09845375236409615,0.1610262513580562,0.20660132465705178,0.22038937699486463,0.1657746408380436,0.4759586036547707,0.49644317758706596,1.0,0.8932941640949856,0.9364476736557167,0.847575206372983,0.8068502756774915,0.7807263997926326,0.9192083270545627,0.17294772392991165,0.06049395080928966,0.20503374336039393,0.09250811822238435,0.19522863139474347,0.09033167231168979,0.12947765635573688,0.09186521459228385,0.16698333190265294,0.24409277589292588,0.3037588621389282,0.5136146312603035,0.4657930361458554,0.5058074123268673,0.46148182894250284,0.4420442263304459,0.3899802494030646,0.42822456365034817,-0.13438410466641165,-0.2163559800377419,-0.3477612753753327,-0.36721476740345377,-0.31475611183487073,-0.3238075813108891,-0.3822661369818948,-0.3631974614237696,-0.3717414834472615,0.07120702635475155,0.18651524849724527,0.45508050113669024,0.41460469926313565,0.4186694603771158,0.3914291937463637,0.5090372454424346,0.4936772221108904,0.446482304321053,-0.2705805870009465,-0.321878770600498,-0.5120531128808536,-0.5029719575462994,-0.47947235935892857,-0.4529098743678355,-0.4430926998910131,-0.42139195176471983,-0.490636777470982
C4_theta_power,0.15703626634364803,0.08745668588329923,-0.14710159898669645,-0.044012370217306675,-0.025211804202590886,0.09947102180153317,-0.07001861774274701,-0.12043767325985971,-0.05750336711313739,0.18635592141391757,0.2856282773426623,0.46632142647330715,0.4408704414100228,0.47089207310214454,0.40009817636031814,0.42829376815974557,0.4929202448609344,0.44004649825794934,0.1863559139031403,0.28562827036408717,0.4663214291903856,0.44087043009673454,0.47089207856038173,0.4000981834908584,0.4282937549836871,0.49292024195905537,0.42780005100952984,0.046157195702426816,-0.019347004749923524,-0.2437736243930808,-0.23516595702163542,-0.24820473482374472,-0.11953636059279577,-0.23428575475005392,-0.31661544592752583,-0.23702201237182485,0.20032684356375002,0.2200733229892411,-0.03535123855523617,0.07351799269848716,0.1366743501838408,0.26300892255921654,0.11616117276693866,0.012327022874767746,0.07542032412499546,0.2348419373147468,0.34332044584994525,0.5449177663566468,0.5243025176794942,0.5446136484232295,0.4831852927499196,0.5013390042956211,0.5541554887116601,0.5200567513043861,0.13626193474581896,0.2278498445960456,0.30567813060563886,0.271307798361272,0.36164981149135006,0.15815191592912597,0.36572243849063185,0.42776123820616097,0.30259619568421264,0.13626193361262315,0.22784984151477455,0.30567814573461793,0.27130779530275617,0.3616498053446648,0.15815191754717195,0.36572243277360084,0.4277612290588189,0.3085119777833903,0.2555439265818875,0.39737867265425214,0.6317784396036729,0.6504666162533328,0.5881522185545058,0.6025587439269858,0.6267073453475015,0.615077466568095,0.6006028632733961,-0.020067926591941822,0.0751831550353724,0.11468286725213889,0.09351339808186307,0.09479796393855934,0.08163330154626817,0.187754214984143,0.17475778906376802,0.12315890573978576,0.43582189391167364,0.5009181789216123,0.8932941640949856,1.0,0.8358208643678103,0.9421314766380556,0.784666914194721,0.8043402477375627,0.9214622053908557,0.18558609383818508,0.09738460596785517,0.1434629415532229,0.20967284941648595,0.14826782737119032,0.20501932100071543,0.13511988893566834,0.14377883103048267,0.2030587966507947,0.22618045644535328,0.3187318342837438,0.49881009272359994,0.5122508364267266,0.4928391831920352,0.4930953830355797,0.45121374165521644,0.4107390003067476,0.4499859780630345,-0.09358393457083868,-0.1754680964968579,-0.30624404578584363,-0.3442087676560791,-0.2642809794950717,-0.2993864864062344,-0.3526091871587308,-0.3384856237710378,-0.3350881543962504,0.054276079913523026,0.1961346179117977,0.441339373439448,0.44996039806032945,0.40203814621421025,0.41115405394242227,0.5140818632497556,0.5195563396047181,0.46042098997596215,-0.22876858034487743,-0.2997144113304044,-0.46908450323803275,-0.5053766908381667,-0.43133984013502297,-0.45421803314245895,-0.4221325116488552,-0.40301495966719586,-0.4643123538753548
T3_theta_power,0.24489166341222737,0.19182578559657332,-0.14098963392978048,0.010304619596571429,0.01701903083512241,0.2110363761249968,-0.0649695493203622,-0.07520369365590018,0.03654713127385125,0.22041528410345027,0.27405622680077324,0.46065240515457395,0.43523593302589947,0.4931137863748065,0.3852370931590445,0.4370592432923714,0.49297467261748396,0.4407098396671621,0.2204152705240374,0.2740562205403081,0.46065240208723796,0.43523592599642663,0.4931137880742437,0.38523709897856917,0.4370592277571563,0.49297466898570885,0.4296240119018362,0.1256140988189567,0.07834148090107333,-0.24547288743965423,-0.1817066954947516,-0.22200150985015374,-0.005852805540103237,-0.23034530154416114,-0.2702701925401667,-0.15551904359376856,0.3089782192585973,0.33762464567096134,-0.02001679146787509,0.13238877485934258,0.1963818250350864,0.37618690235868657,0.12628085294537877,0.07343301485676695,0.1827452924897415,0.29379621730620353,0.3506024656245978,0.5533134941304191,0.5210205208156176,0.5976617949374101,0.47738306011984527,0.5137583053540657,0.5557743889206201,0.5350181973059396,0.11328372600924398,0.1838819786167741,0.3186567828634049,0.29127182003791946,0.3048649279462485,0.1002712491725582,0.34738396129352844,0.38842212573613993,0.25640669222177126,0.11328373215936297,0.18388197607526507,0.31865679591643087,0.29127182078400154,0.3048649225844491,0.10027125334598444,0.34738395908380587,0.3884221215073562,0.25123831388919166,0.3559060630649227,0.4371488979041555,0.6796531833914208,0.6707779509383116,0.6859921358797528,0.6410666827925904,0.6528389707008793,0.6393214506771355,0.6445303364560636,0.03358921984316403,0.12870788056499352,0.1498790487772816,0.22854217642394908,0.11386073838953958,0.19996144279557543,0.24172764591104942,0.2536612961739592,0.20727951591723018,0.5436474173446123,0.5119788278707548,0.9364476736557167,0.8358208643678103,1.0,0.8254644493346978,0.7711451492716624,0.7353680440564215,0.8841639557884544,0.16919538381089963,0.04162587758373698,0.12754275005686497,0.02287546335430856,0.1957128062541347,0.043321334918999796,0.09731024264960944,0.04221487852760315,0.11669144405569823,0.2902330040427076,0.30226120450857247,0.4842524497549457,0.42951662495296344,0.531540360313364,0.4354868876916226,0.3995360057437535,0.3686827815658334,0.40860714190493563,-0.16342714832200045,-0.24182220875398402,-0.3629731241029548,-0.3920307363163742,-0.35351728543008254,-0.3588019996476865,-0.4083297977170129,-0.3750101123671442,-0.4004221101432243,0.12825271932735854,0.2055417094740888,0.45573123069874766,0.40903519242233466,0.4704005545525794,0.4000167143068071,0.47237435864391325,0.45690005599181327,0.44682083822069,-0.3050444908476279,-0.3313147120758684,-0.5033268153000655,-0.49988151318898744,-0.5084398621253289,-0.45792810928133615,-0.451984220264021,-0.43381433453238233,-0.5062644208344664
T4_theta_power,0.16417634072267637,0.09071165735727074,-0.154772174337362,-0.020730912083353044,-0.02293154564925273,0.10039158945593692,-0.08059970333947122,-0.11167641814552991,-0.049240431595943567,0.2473607341117749,0.34860458785802095,0.5108780341598345,0.48798462235543827,0.5035246503765638,0.44887327633335133,0.43526707702465717,0.5105725137463376,0.48285176719512723,0.24736072656747132,0.34860457760305635,0.5108780352470245,0.4879846088789239,0.5035246593470949,0.44887328519583347,0.4352670639132084,0.5105725114667847,0.46942321960200356,0.03509931418800847,-0.0403193769986985,-0.2588282864721902,-0.22469872949928188,-0.25546652890846977,-0.13297024907295502,-0.2388144970981612,-0.3113147430714913,-0.2395712715651138,0.2395761505783797,0.2583533181066795,-0.03252119702028468,0.10872195688784496,0.1484289914579864,0.28006575118806465,0.10308373144448367,0.02849279907755634,0.097326416777297,0.30325730727834865,0.41265528530212875,0.5882747381265769,0.5689320090065384,0.5786577038105108,0.5387276449137972,0.5070694861465818,0.5694874256347562,0.5635290344472059,0.18310864449433067,0.269164592640224,0.3233546996046317,0.2781143583176719,0.3679867930153082,0.1899287253901476,0.37753226041185967,0.4283595579360701,0.32226107880712307,0.1831086424152961,0.2691645891105023,0.32335471317513753,0.2781143564465565,0.3679867911959547,0.18992873093678855,0.37753225536106855,0.4283595500426862,0.32419512334544204,0.2981434029305854,0.4470784410569032,0.6418063267651446,0.6544515645195578,0.6048263283112919,0.6304628253535778,0.6242532818391153,0.6127833264478016,0.6136163613025895,-0.02514164915549313,0.07241492146076325,0.1509987686937299,0.12692811489149444,0.1154564826378159,0.07249850915416403,0.21793635087774685,0.1905093863918578,0.14288715360637239,0.4974917303365437,0.5685798122349313,0.847575206372983,0.9421314766380556,0.8254644493346978,1.0,0.7381128821574015,0.7698026738499923,0.8969895262333951,0.18268950923890703,0.10451846778659273,0.07183888489151709,0.13879137394455196,0.10451197710318655,0.21638783142171333,0.0829222462066782,0.10560934817125575,0.15845107362419186,0.2765035349597656,0.36709121232810216,0.4974990914171895,0.5080105843818828,0.49869066905319287,0.5259701703533423,0.41495483979724357,0.40083241610604814,0.45612001186307954,-0.09118485860921088,-0.1841562245983678,-0.30974662692860616,-0.3413140472004799,-0.27459885463455125,-0.3091896780641877,-0.3590498184834715,-0.3354920729075906,-0.33873524471741695,0.10287241157126441,0.24538381124793301,0.4487765686729198,0.45606963456607774,0.42221718188884405,0.4492253034020989,0.46540487252080975,0.4848809937562924,0.4703172627418529,-0.24279770658217834,-0.3260965744474377,-0.46737335325283946,-0.497976534604465,-0.4356548842142749,-0.4686293163670678,-0.43149825623500654,-0.4115317629917941,-0.4727727505784033
O1_theta_power,0.09061150513797722,0.018804322728028722,-0.13414875049497826,-0.06892220847141875,-0.05484272258754875,0.05571094867248296,-0.10200326176700839,-0.12769159035040162,-0.09660774138722114,0.1561670745150643,0.2388233867561486,0.4599701664398254,0.368249973347661,0.5029670127069732,0.3908977459747922,0.5218125521753358,0.5593733453478565,0.43674870606603167,0.1561670654706254,0.23882338347973145,0.45997016808692587,0.36824996531287424,0.5029670208170284,0.3908977498661722,0.5218125386486964,0.5593733531500487,0.418574838691602,0.02097419465316812,-0.03568901600302299,-0.21567669709945966,-0.22335432393471089,-0.2700942905186618,-0.1475578334430659,-0.28683516893278194,-0.34062880902992176,-0.25509133112911264,0.12036296788239509,0.1267077228941121,-0.03978428738108368,0.02248365186369172,0.11058359644320256,0.19076179893822695,0.12420413909647052,0.02118722949757086,0.01872844233614497,0.17032553167003842,0.2652121909269837,0.5182115845414701,0.42820763919889354,0.551160498392329,0.44291719310740957,0.5964529501318095,0.6137591947003903,0.4988326860746453,0.13100239834332633,0.20183064880221865,0.2756620874764177,0.2669496189067788,0.3813064391340716,0.19455822156414623,0.40361958613798926,0.45335064783005247,0.31572314933291434,0.13100240365539056,0.20183064061082265,0.27566209850965684,0.2669496183186572,0.3813064335423842,0.19455822105049767,0.40361958701958756,0.4533506374271844,0.31621462193811667,0.13257259363017518,0.24707287459403793,0.56376402421813,0.5677243745845049,0.5094365353637887,0.5093009769153014,0.6443254289610855,0.6243027679327409,0.5387469179772327,-0.0008692142634697071,0.08688802042258947,0.12676849892119485,0.15810879365518377,0.07807594537412141,0.12505457300320827,0.06724675590393939,0.13814709313137777,0.11005260885675648,0.26098798504829374,0.31679259572552726,0.8068502756774915,0.784666914194721,0.7711451492716624,0.7381128821574015,1.0,0.8974878638964124,0.8961011931872157,0.19311187650128805,0.11121823340622757,0.18063713214710442,0.13505171730344723,0.22854179674881,0.1557868767211639,0.35171840624738626,0.2393325554522731,0.25840860502564733,0.07382750484034163,0.15350153252821142,0.38456471839354,0.37993484773542807,0.37603034012667313,0.3661382248739166,0.5991941801421526,0.46760936390190766,0.40718504648477133,-0.12145446689415143,-0.1843761411691271,-0.3100944211030572,-0.3252967670148299,-0.2698153401559192,-0.2794344792104011,-0.3251182595755261,-0.3222325861431206,-0.3206649074692957,-0.07400107270743836,0.0418486056566958,0.31039657876629234,0.29831545837776313,0.278821307893861,0.25792795205802066,0.6133058282109284,0.5471400320300367,0.34377698289126674,-0.1722632594482409,-0.2324012741938301,-0.4389782950449868,-0.4524518261838321,-0.39694935516535423,-0.40679912292133624,-0.45970680760553523,-0.42786595039307396,-0.4267710873477153
O2_theta_power,0.12102861482619216,0.04599192788026905,-0.11502225985660885,-0.08639022177218163,-0.04382270093551338,0.05724674956282152,-0.11004217669544028,-0.08503543363458042,-0.08735444036984055,0.14696264690646169,0.23962921399732828,0.4525838174092995,0.373916601305657,0.48599084551243393,0.3821685541997358,0.48215323696204965,0.5603118356441771,0.4296773082718578,0.14696264717386423,0.23962921648772698,0.45258381468670505,0.37391659114308207,0.48599085366661104,0.3821685573111223,0.4821532245402361,0.5603118378269626,0.41201040269817046,0.05260155575280358,-0.013714860077849436,-0.19608748850181137,-0.24634615366929352,-0.25253703405356087,-0.14646456800377394,-0.2818732553460697,-0.30502273506005007,-0.24419649264192017,0.14882894528608448,0.15696430180729173,-0.02095944999567741,0.009928111136710513,0.1111569364483818,0.1968488513615128,0.10016863702462785,0.06488021460211015,0.031963733426587905,0.165218291221454,0.26951082147635697,0.5115116018052794,0.43576207437276593,0.5353822728060267,0.4400311695913229,0.5548696607674375,0.6222879441774753,0.49361946555546055,0.12740194305248015,0.20644651988800478,0.27132219898210824,0.30262545291674703,0.39614298620735466,0.20663425341954741,0.4154118713627035,0.44866654814235946,0.3336713414922835,0.12740194626694354,0.2064465164705279,0.271322203067702,0.30262545239066846,0.39614298313053586,0.2066342539065175,0.41541187039256483,0.448666539827427,0.3284057303919981,0.13435259323719478,0.252383399700756,0.5610777371483059,0.565837858725245,0.5044774616676019,0.5131258200024845,0.6275935337192863,0.648632932179241,0.5437306705902358,-0.01417633161703333,0.07876412050215842,0.13627895310944066,0.13920199401033656,0.089560754855912,0.1063452863162,0.1098548651185651,0.11000187814260053,0.1097621856709509,0.27327570208754776,0.33167102115562974,0.7807263997926326,0.8043402477375627,0.7353680440564215,0.7698026738499923,0.8974878638964124,1.0,0.9032071887639792,0.19554508735529336,0.11332416306262483,0.15268459989400057,0.15523301544058604,0.19155467160869574,0.18084811634070927,0.27227465065157685,0.3151446456025938,0.25469445113224665,0.08601167358472733,0.1644493999201358,0.38413895214666305,0.38898968448375865,0.37321443862248904,0.375256514585278,0.5622800080664933,0.4933678001911034,0.4165294982058602,-0.1046919123852781,-0.17633407796391914,-0.3043838123751751,-0.32158919120815055,-0.25935682847008,-0.2799422773545648,-0.31926335580683346,-0.3377311562466509,-0.3198581848947428,-0.0620527695352486,0.04871984572558305,0.3236253100160366,0.31445585374690377,0.2930768649819481,0.2791354507669326,0.5822372200081294,0.5659366334607642,0.36007748064104966,-0.1651654609362463,-0.2368928283327184,-0.4280791136331687,-0.4486977900785471,-0.3793541116498124,-0.40546070963908043,-0.436494706355342,-0.4635011324551292,-0.42610751557348164
avg_theta_power,0.13159420821030374,0.06402433516247574,-0.10886885806132754,-0.05137550141151857,-0.041870043361984126,0.10288800188996382,-0.08452099679532044,-0.10545618671224524,-0.0544983889444131,0.21449582393731306,0.30686987002567767,0.4918247024580305,0.44838481380020156,0.5015003777467536,0.42099127541876563,0.46478968181564606,0.5348722185223713,0.47248153812297333,0.21449581630424663,0.30686986515241865,0.49182470091583724,0.4483848040807613,0.5015003821287883,0.42099128145086695,0.46478966730029875,0.5348722190629539,0.4642227263759509,0.015204684083063231,-0.04952138575098513,-0.20872317155364284,-0.2374689833891818,-0.263379667988258,-0.12203218397392442,-0.25565966815119306,-0.31184630292936316,-0.2360886141991646,0.1971704297426855,0.21492228550212528,0.006388723275313177,0.06755189931937587,0.13294476561017834,0.2672857258551236,0.11772927816013941,0.044051020674489016,0.0886139225598637,0.2648109515627522,0.3663294478236751,0.5721231727431324,0.5276854927815158,0.5765783065121747,0.5020210332636312,0.5453835398840233,0.6017242809906458,0.5550348523008914,0.13295271869940314,0.21955934876684263,0.2717505698991938,0.26455526000626434,0.3681363035467523,0.15551273193790996,0.37067199484150964,0.4319475008398363,0.30133389811561384,0.13295271904418735,0.21955934600748203,0.2717505812970953,0.26455526122634626,0.36813629860430275,0.15551273341764052,0.37067199307129073,0.4319474889331823,0.3009662471499453,0.279714985298791,0.41194642110851787,0.6472413965997733,0.6504713571988917,0.6027519984254448,0.6084846306970044,0.6578411027493021,0.6518101347376353,0.6372547868541482,-0.012854476092162257,0.07755410791665748,0.12013766459631484,0.14145216608999542,0.08552937298315944,0.11447668519295234,0.15002691433114104,0.15863944740388702,0.12296416832447223,0.4719703508300072,0.5247120328003468,0.9192083270545627,0.9214622053908557,0.8841639557884544,0.8969895262333951,0.8961011931872157,0.9032071887639792,1.0,0.19703336808709643,0.10885714270608271,0.14873914770083052,0.1298472256162973,0.18264315867063913,0.1513473554542995,0.20825811135697525,0.19046669560277038,0.2143140697389453,0.24265820728194695,0.3321440154683647,0.5043938529204065,0.4953179751070803,0.4966653229651721,0.48943732669046663,0.5034224174890493,0.45795057237488007,0.49045429849268574,-0.11160269018471981,-0.18199733477296984,-0.31881699645320544,-0.34155227004683786,-0.28200361478999053,-0.30055535882087137,-0.3620812798941161,-0.349541369983396,-0.3420569046748416,0.06297991659192156,0.198465896732092,0.438844246161184,0.42756433517956133,0.40193350276686396,0.39472546716295737,0.5389086187454776,0.5402675092881876,0.4745799584047003,-0.24857876855009378,-0.31375795663521416,-0.4844926827515651,-0.4961173780106574,-0.4503514479756618,-0.45459271917594785,-0.46613946508399623,-0.44794941410902467,-0.4794567730455381
Fp1_theta_relative_power,0.1152498249468953,0.04063946852190238,-0.16805447890963063,-0.02725209165064658,0.014044509401580934,0.015937608972629545,-0.08069342573304135,-0.08157278746130558,-0.05816513070695515,-0.03260593941207851,0.10662382437103042,0.07139577907745445,0.0598954500848225,0.05620285839177933,0.02822263898104692,-0.030074273483735096,0.028617396040664215,0.019314694488950034,-0.03260593540545373,0.10662383051436512,0.07139577513945396,0.05989543845286274,0.05620285998558496,0.02822263420294355,-0.030074282283678068,0.02861739555682308,-0.008766095870931568,0.16857664386154814,0.07711432717715341,-0.1426787325448933,-0.05461234122126078,-0.024298345946171866,-0.0028612627170836427,-0.05465378359230956,-0.10534866286008993,-0.0659975598859044,0.08146245998163901,0.11683938694435339,-0.18596717427533407,-0.039072958453320164,-0.0020143454691791828,0.0008886561585033944,-0.09161583780804498,-0.10951764582095581,-0.10795457251132243,-0.08675428351379036,0.05339901567157289,0.05734305499720076,0.04373218128809139,0.04098607792328425,0.01671001834977135,-0.0188003380470937,0.036215939343901125,0.008138724217876188,0.08456849975558194,0.17527671265093808,0.2002460172488723,0.2229009062499543,0.1379076473450001,0.1368991284188458,0.14803714051058564,0.19955461819142892,0.160089323249082,0.08456851740280272,0.17527671456232283,0.20024601909649745,0.22290090931969933,0.1379076249508271,0.13689912628664772,0.14803713392939866,0.19955461693073848,0.17410387039573133,-0.5550864714626763,-0.2714917016469783,-0.18339925863365572,-0.1689942333680658,-0.22263582004660742,-0.2031039334014511,-0.1386238804402404,-0.12940459733140297,-0.2556069080597473,-0.8169536055968183,-0.4457180451361491,-0.3892137905233512,-0.36191518313420123,-0.4340832021455787,-0.39450458157597984,-0.32294723276279147,-0.32258569706977547,-0.4843396002283552,0.09675934830592806,0.035849427325770226,0.17294772392991165,0.18558609383818508,0.16919538381089963,0.18268950923890703,0.19311187650128805,0.19554508735529336,0.19703336808709643,1.0,0.570732219316805,0.49022765991877054,0.46517781144858744,0.5418569110063536,0.4925798893954395,0.4433962647237159,0.42651799085534453,0.6454630163833719,-0.04652138403538062,-0.016361878630178964,0.11304311707716487,0.11041266812846426,0.10398466954284953,0.11027673051335533,0.1865029017519573,0.1943388381014705,0.1523844135673794,0.5530114349009387,0.31003609262891885,0.2333073393409796,0.21610094218938813,0.25825630172138303,0.25309290149943126,0.20761857008242307,0.21404899188298337,0.27343429668026714,-0.10055264826411395,-0.033872025866312196,0.11501635452034424,0.10809026134071605,0.10459306365246368,0.10817792843803826,0.16119239332588556,0.17902452921290193,0.10406947318473467,0.49269797102575474,0.2703210716322843,0.19001196641309437,0.16995286914533955,0.21652404147144425,0.19833303163008686,0.15222760521867432,0.14872906467559585,0.23611762435861186
Fp2_theta_relative_power,0.0628683266385374,-0.004011134661969975,-0.07963102778507025,-0.04597579866820675,0.002102920355444559,-0.02732240867305703,-0.021816941073094464,-0.02363282653741806,-0.03799537609147766,0.0018323637867160457,0.009870287201321234,-0.007830194893914686,-0.013016538514349814,-0.024360212402555634,-0.02090905843040587,-0.055611829813520836,-0.04030402044280898,-0.04426689823266922,0.0018323692000935792,0.009870293913334282,-0.00783018898818986,-0.013016550915606408,-0.024360203952532352,-0.020909062883277686,-0.05561183770132326,-0.04030400826824385,-0.05895482725264546,0.09434379620872912,0.05385881365914624,-0.0425452439502245,-0.040134617274479006,0.014998159207457062,-0.01700352083239931,0.014966856991481477,-0.016602440712812905,-0.01394721682427089,0.06135134063946652,0.0374567655815637,-0.11200621773730318,-0.07171683609200873,-0.034683707542818805,-0.0587301916098723,-0.06154283867254268,-0.06126426994740124,-0.10292220685177726,-0.04921090606478353,-0.04601866457755096,-0.02931083489107285,-0.03521243706069791,-0.047468762749090475,-0.04460618465210894,-0.05186385701263759,-0.035783087396339466,-0.0643585528439551,0.07201975900185581,0.08275385703286275,0.06579038357378064,0.11519621691029593,0.05196435530250591,0.05151122067092893,0.06384571951171569,0.05507082723679303,0.05591543689386251,0.0720197692129721,0.08275385595643742,0.0657903781876018,0.11519621232974453,0.05196434213492777,0.051511220119336266,0.06384571682344518,0.055070832350471874,0.07698313834150183,-0.3506038760344722,-0.43221399728181165,-0.26186737723095055,-0.26435714273405814,-0.29008730289229956,-0.29757113153438386,-0.22010639768283088,-0.22340047136154934,-0.31270100746931057,-0.4808861177596828,-0.7895753937223404,-0.4055308512563682,-0.4189055503402339,-0.42838916167012286,-0.4522217966655389,-0.38637226714655365,-0.3903994120916652,-0.5324329033560005,-1.0054337236844631e-05,0.13025349029405756,0.06049395080928966,0.09738460596785517,0.04162587758373698,0.10451846778659273,0.11121823340622757,0.11332416306262483,0.10885714270608271,0.570732219316805,1.0,0.4522114083788181,0.4798244946342627,0.4705928459378491,0.519961970423321,0.4106051371102225,0.4235807071425017,0.6288878187949684,-0.005576714665805423,0.004155795155614213,0.0797078814238673,0.08114244015775356,0.07057483476266153,0.07985273487019307,0.16500296935177688,0.1615625727852417,0.1455929507927991,0.38467775290079426,0.5250365530879206,0.2915124699516505,0.2872605385099048,0.3119065580974364,0.31953488115221473,0.30040580549609447,0.2980127196829737,0.3547953499226919,-0.06569413771411145,-0.04548955856417028,0.0340209326693215,0.02623620258622109,0.030435388941529633,0.019015351772279608,0.08513730291554882,0.10673517292289791,0.03550376995389978,0.3033571870455858,0.4346057942865965,0.22978418684482088,0.21828192690052498,0.25424355489865136,0.2379467531391861,0.20523876971287444,0.2181267168162764,0.2828303466762527
C3_theta_relative_power,0.0508513573130175,0.009215576267048156,-0.14202410940071875,-0.024540060246709346,-0.0006519773872906343,0.014220890661522444,-0.05529575343120385,-0.09318331001423977,-0.055782383059854786,-0.12339317111297342,-0.06606856192880686,-0.1968727775285581,-0.20723284951349547,-0.16667579314275402,-0.2072743434491249,-0.19009651435532002,-0.1577126186733548,-0.19986608017145016,-0.12339316938648459,-0.0660685595831131,-0.196872767415217,-0.20723285928208235,-0.16667579113244474,-0.2072743583838789,-0.19009652872081195,-0.15771262049403753,-0.219118313652623,0.14456372436681214,0.10662199895042689,-0.06981279634780028,0.03708991547633607,0.043976571211370816,0.0896783051026459,0.016109339958591484,-0.04864434113061406,0.007026634364477882,-0.025255327485070974,-0.010439583375235224,-0.21994959175257156,-0.10752434545879502,-0.08268200710730958,-0.08255895804738597,-0.12507824513393212,-0.17121247796288658,-0.16635988497928159,-0.18473741285483622,-0.1273096951144107,-0.20750916263135846,-0.21671877838243092,-0.17565868252180813,-0.21829170123351221,-0.17887365987938306,-0.14845218707551075,-0.20776859479453422,0.014124193003431514,0.05217615954205293,0.10874067770154824,0.12370930487524245,0.02057143254253775,0.011379767672001917,0.0306424362751066,0.08542626264794353,0.05164719797168345,0.014124198493209462,0.052176166923775316,0.10874068743962376,0.1237093292614705,0.0205714066711595,0.011379763807776475,0.03064243333208815,0.08542624896788906,0.06893267157154212,-0.42817837109635093,-0.34469102533281093,-0.4899693035940938,-0.40796002477549603,-0.4610232276279467,-0.4259015135514598,-0.33831864462220157,-0.31104453043166624,-0.43379059952639115,-0.3853467795928687,-0.33595537828867816,-0.7813724896439004,-0.6086334696477215,-0.6845775971960815,-0.5648428725221054,-0.5500761934104286,-0.47606554080149627,-0.635605265255784,-0.17326619366823232,-0.14556189187483382,0.20503374336039393,0.1434629415532229,0.12754275005686497,0.07183888489151709,0.18063713214710442,0.15268459989400057,0.14873914770083052,0.49022765991877054,0.4522114083788181,1.0,0.7825109120854282,0.8742113070233678,0.7077707885733181,0.6964557585339426,0.6289648600933387,0.872429899388997,-0.1701110263189357,-0.16885312427782906,-0.028593355888519082,-0.03997310708203273,-0.03746945289057983,-0.06598183834837155,0.11593289493881664,0.06697915650854877,-0.0027330160843519174,0.2808091830100187,0.22762240464983713,0.3754064324442912,0.3115115118537705,0.35268199685286533,0.3269973986677323,0.3122569029087575,0.2724850239971601,0.31919079167405395,-0.14814739938226776,-0.12634788299979238,0.006876354769508932,-0.007537762318515354,-0.007133434269077554,-0.03297526843640464,0.14739890283577692,0.1285678629521361,0.007202920033167046,0.3067529511998505,0.26847254873119203,0.38883700181089187,0.3170772943981662,0.3641026665690054,0.3225787241978149,0.3043550827731095,0.27293114032244814,0.3159441157868644
C4_theta_relative_power,0.035800667340177866,-0.005303521450158547,-0.09826882362771937,-0.004904344580470708,-0.011352262667049534,-0.0010157317606979861,-0.05362215190053673,-0.09679812621320136,-0.03965865414279667,-0.10153398323413618,-0.04171798937274475,-0.16300874590564607,-0.19808744012600707,-0.1532416999885075,-0.18670726377860036,-0.18057559971754575,-0.159051206495215,-0.18192797415153145,-0.10153397508272644,-0.04171798666319757,-0.16300873705984456,-0.19808745859493143,-0.15324169073341648,-0.18670727360661307,-0.18057561089030344,-0.15905120798219152,-0.19990738607880512,0.11955769923497025,0.08685857455586454,-0.03006485762181666,0.05458117809464887,0.03338331896949417,0.07754790885028003,0.01705117250570919,-0.047764773965875765,0.019461752762028547,-0.02866526271842117,-0.021044380962475205,-0.17198472928058206,-0.08957728697925672,-0.0906447809574187,-0.09449360138395284,-0.12576148840266202,-0.17330017037979326,-0.14951837622169747,-0.16934840805598658,-0.10958502737295521,-0.1825285666513452,-0.21944993053352496,-0.1762379573438886,-0.21070589242495902,-0.18000575415621842,-0.15753794842137936,-0.20226832156841845,0.04634799667333619,0.07756250932768714,0.054099695881527333,0.09739381028825804,0.005322679363815699,0.006812538775707642,0.011438085536372655,0.06753444639416657,0.0328717768110904,0.0463480006290021,0.07756251494123716,0.05409971362327681,0.09739381422853981,0.005322663193896491,0.006812541801102243,0.011438076135928907,0.0675344379326986,0.046055300795996394,-0.4377430961148704,-0.36795822173722725,-0.44499060404355173,-0.5141424050044751,-0.4489070719728313,-0.5146155818105987,-0.3628855741975661,-0.35853941227232666,-0.47201020514436015,-0.3951466074488361,-0.38112370211550267,-0.6489628196182896,-0.7926710215574079,-0.6027814413252622,-0.7170613403366266,-0.5484000680341471,-0.5419871131990703,-0.6750487524058305,-0.1928479001593894,-0.1444606222235989,0.09250811822238435,0.20967284941648595,0.02287546335430856,0.13879137394455196,0.13505171730344723,0.15523301544058604,0.1298472256162973,0.46517781144858744,0.4798244946342627,0.7825109120854282,1.0,0.7114914000500374,0.889494120991318,0.6602955548705032,0.685950678808584,0.8808549819918023,-0.16012076925584504,-0.15148334257004073,-0.011698152886037433,-0.03480878721965024,-0.025622524030321073,-0.055162495462760947,0.11283744351985969,0.0788086514799501,0.01583870356265315,0.31221019068299904,0.27792988276207864,0.37029548641676735,0.391768740193846,0.3719577802966339,0.39506931833699505,0.3409354585417097,0.3178498041804786,0.3660223946774136,-0.14491132828602263,-0.12204277572929714,0.011394968040524193,-0.007133605141154971,-0.008162236576643112,-0.026979723863189885,0.13143631035216208,0.12831681603258732,0.012987265078067783,0.3282097158951212,0.298848564353704,0.36583916113206544,0.3971492060472125,0.36610063117254155,0.38982004502670575,0.32701550274749747,0.31242250309295855,0.35131389012364905
T3_theta_relative_power,0.05981852848958508,0.004455777837027158,-0.17563689874119243,-0.044358413059072184,-0.014642593142802163,-0.0012770111450559236,-0.08634061610426007,-0.11812066768889334,-0.08669070791345161,-0.09971085002869177,-0.02418248233658301,-0.1316246173099979,-0.15411012184126358,-0.12479593319372106,-0.15231376621671258,-0.1501839636973512,-0.1103341026446121,-0.14893710118035153,-0.09971084964130357,-0.024182477665837167,-0.13162460614048224,-0.15411012896714307,-0.1247959328651302,-0.15231377853448466,-0.15018397876896383,-0.11033410562178096,-0.17219712801765502,0.14500254164562626,0.09332367964169969,-0.11061563376819275,-0.0015874460437760069,0.012567124388514341,0.0510223685892901,-0.02561493157399667,-0.09249736540261355,-0.040390842367800564,-0.004929883622784472,0.006217667680228208,-0.24177733671879184,-0.11285237738165294,-0.08381220903212244,-0.07969288269862312,-0.13529321687306806,-0.18759180506637377,-0.1852191124010793,-0.1676308002413258,-0.09258409461266424,-0.14283278856500653,-0.16652565175943695,-0.1390994227523507,-0.16700205050205846,-0.13868511599833042,-0.10112894960608389,-0.15944901751596946,0.05705855386297986,0.10535592022189066,0.15505919713908006,0.17705485370755225,0.07213044256544092,0.07399538219934476,0.08817752899164766,0.1459722074598531,0.11257660466589191,0.05705856707243123,0.10535592698743106,0.1550592081918045,0.17705487516192622,0.07213042076948006,0.0739953775032012,0.08817752560712068,0.14597219601760944,0.13161227596023342,-0.4505764991793301,-0.3443596592017651,-0.4066404022018879,-0.3495304360165248,-0.4816382811849111,-0.3850635878614954,-0.3069115669685284,-0.26956890813744083,-0.40489093667107934,-0.417784429763527,-0.3359967366805854,-0.663090883684307,-0.5377401118636099,-0.7625745504493364,-0.5360560689033047,-0.5380262175452365,-0.452754165556065,-0.6123812504257964,-0.16331463422277287,-0.13613052494120392,0.19522863139474347,0.14826782737119032,0.1957128062541347,0.10451197710318655,0.22854179674881,0.19155467160869574,0.18264315867063913,0.5418569110063536,0.4705928459378491,0.8742113070233678,0.7114914000500374,1.0,0.6949450888168739,0.7261365975283002,0.6282910130700611,0.8718062927724491,-0.19407327198667093,-0.17477624870288064,-0.019174389074038053,-0.026583904599186515,-0.035915427728688394,-0.047950029683629894,0.14207605076670163,0.09990065814312822,0.015980820454158648,0.2839849719525159,0.2155579958989788,0.3141381992630438,0.27396044127349195,0.36205692024031794,0.3018996952072249,0.28504855877557894,0.2507535886691532,0.2927412108117586,-0.18453498027483642,-0.14539787367077447,0.009736378993961141,-0.0009392061720390744,-0.01258630705580502,-0.024131870269304623,0.165007773174314,0.15242225150671623,0.011014861643885163,0.31388143996775375,0.2499891234944916,0.31413079492031787,0.2650865967266616,0.36662983610188193,0.2829476584580601,0.26529452844292933,0.23246544620470339,0.2784011342055286
T4_theta_relative_power,0.039914291516798796,-0.015317482833623549,-0.1400391512047667,-0.029269312505216936,-0.022916545127588662,-0.019722998235989487,-0.06970241756068854,-0.10675772959936158,-0.07345213304516987,-0.08329762897415792,-0.011850400597538283,-0.11825750773575305,-0.14921947885439063,-0.11766907845029341,-0.17208648806645324,-0.15680472296692344,-0.12834092108382003,-0.1497644466817383,-0.08329762704419592,-0.01185039805304359,-0.11825749216762835,-0.14921949777700347,-0.11766906559527711,-0.17208648559032244,-0.15680473995564642,-0.12834092231023395,-0.17245888224198277,0.12055111547739801,0.06880922001409442,-0.07846729694544798,0.014524729982434755,0.008889416373444087,0.04820531502187306,-0.005579268094086664,-0.07330936200680771,-0.022852141888646236,-0.01654414628278213,-0.010615705111717512,-0.2045894208986047,-0.0996764595505748,-0.09069016361599716,-0.10558754619575257,-0.13082708845671417,-0.17736645448474891,-0.1743699866204835,-0.1515764208538324,-0.07997522364522819,-0.13513468519831565,-0.16706435712361886,-0.13981741268441333,-0.1898420000213063,-0.15066830007108714,-0.12353911352557378,-0.165884002597963,0.06548447557495055,0.10155166009479163,0.10672769641746573,0.13748089371904956,0.04986195739204217,0.04293958631771987,0.05927926798481259,0.10352263173142022,0.07931668482373642,0.06548448388830547,0.10155166153226787,0.10672771197923545,0.13748089676803396,0.04986194502613271,0.042939589746614305,0.05927925853074087,0.10352262486822836,0.09682695951510685,-0.44291257136235407,-0.3623230484827808,-0.39114533748152264,-0.44043874338105565,-0.4167843715160063,-0.526830070514556,-0.3189691763331095,-0.3233019517218067,-0.4422402556034125,-0.40975026270331744,-0.3933129449583537,-0.577759903380763,-0.6938095186613841,-0.5735818007143307,-0.7840557196025534,-0.5055013467552294,-0.5155743522226315,-0.6457636683393193,-0.17609598883375166,-0.11300021913039184,0.09033167231168979,0.20501932100071543,0.043321334918999796,0.21638783142171333,0.1557868767211639,0.18084811634070927,0.1513473554542995,0.4925798893954395,0.519961970423321,0.7077707885733181,0.889494120991318,0.6949450888168739,1.0,0.6381846300585484,0.6816542248174489,0.8685234319790139,-0.16879271504236146,-0.15144092049562652,-0.002224737311630221,-0.017834812547582655,-0.01999370781820976,-0.03786871984592965,0.12604091247481025,0.09292549496898274,0.02790669683147449,0.30991307195761325,0.2639271611632944,0.3310047131952092,0.33985222188147357,0.3428466594373041,0.40502971407111427,0.30635183266343285,0.2922776276500104,0.3365313135121828,-0.16710590984583662,-0.13247989878916713,0.014092018084921552,0.0014326510633343279,-0.007441314003997422,-0.017841680952008714,0.13692062195794227,0.13899425520174977,0.015963845175679475,0.32138726822864483,0.27901328065292436,0.31548134790597004,0.32879805406244156,0.33021557330815915,0.3898314900403207,0.27714790436143194,0.27438092869602393,0.31098822512004265
O1_theta_relative_power,0.0462030990153222,0.019882346341098426,-0.06620412930743586,0.01115917404457638,0.022536968522560142,0.021609541987152318,-0.05019878164133556,-0.09103849323675522,-0.022398140067124737,-0.08466799855124935,-0.018973492057877617,-0.09705285795125035,-0.13754712222785595,-0.07527498001581565,-0.11318193281027135,-0.1307239433258964,-0.09123825227721535,-0.12518752779515632,-0.08466800226468027,-0.018973481150232036,-0.0970528484040669,-0.13754713715491249,-0.07527497765176144,-0.11318195350088825,-0.13072396175527223,-0.09123824522524099,-0.1478022412275823,0.1335893880230706,0.11717781504665654,-0.0035733415053140656,0.05364703999748059,0.045615278522455935,0.06721919409002997,0.009304683471415593,-0.05472543735237032,0.02604196555190969,-0.019113203648469013,-0.004958637172277106,-0.13226451703656658,-0.058848802096755734,-0.03522688890367482,-0.059794299095128116,-0.0910527241302009,-0.15283829963033202,-0.12115227837003814,-0.1549653167029581,-0.08837284304857514,-0.11782066872193861,-0.15951897798192488,-0.10144159309525974,-0.1399528043905872,-0.1242550323068129,-0.08716205863089398,-0.14495209235346587,0.07046421186089372,0.123226402897648,0.06800805300538462,0.12550188901337517,0.0464841025481807,0.07211081536855753,0.04703817934791316,0.14438711899502274,0.09010501406101737,0.07046421701187652,0.12322640425405297,0.06800806096200401,0.12550190225886862,0.046484091832423385,0.07211081872255201,0.047038175628749304,0.14438710966121832,0.09541377319064039,-0.42350449172871724,-0.3396434077676717,-0.3510340438573986,-0.3360452972901057,-0.3892771218876695,-0.37163228317071306,-0.38179016567209173,-0.30519180061135964,-0.4162277030104071,-0.36589035110339146,-0.31895200018832276,-0.5398439305271573,-0.5074397746499604,-0.5688265184125119,-0.5021665306257379,-0.7163500154749279,-0.5412965294460397,-0.5912871540452518,-0.20472141955874154,-0.1615873337235973,0.12947765635573688,0.13511988893566834,0.09731024264960944,0.0829222462066782,0.35171840624738626,0.27227465065157685,0.20825811135697525,0.4433962647237159,0.4106051371102225,0.6964557585339426,0.6602955548705032,0.7261365975283002,0.6381846300585484,1.0,0.771601576777314,0.8266386220411323,-0.17819048353797795,-0.1623009331507908,-0.008377045680485626,-0.012168093682732566,-0.021617583189596935,-0.04068194110867787,0.16063039637968232,0.11217623638236643,0.0191000827973518,0.2740038581686594,0.2273981871484955,0.29042504305341055,0.27825557573028203,0.3136143063196831,0.30045974418229127,0.34209089516215846,0.27513344646200644,0.2976607272905398,-0.16981970824731493,-0.13868399351559288,0.015680187657649263,0.0012299763811796946,-0.005911110586375396,-0.03111560161848543,0.19944437246792251,0.17990483671738064,0.018577001665332823,0.30813185433143964,0.26315910035669027,0.2871324617382115,0.2642567896178217,0.3101401398777211,0.2781263922170227,0.35575809899205807,0.28187103753891396,0.28942683199051394
O2_theta_relative_power,0.0018012226707790188,-0.023718246892740318,-0.0419236176226041,-0.014533951185897703,-0.014450905528081516,-0.011416578125377682,-0.04315769520153712,-0.10021147215664306,-0.04624172652480077,-0.08006686653392261,-0.021816182118150937,-0.09808455694413208,-0.1220888910997321,-0.09281304713698157,-0.1170563245212895,-0.1279712621411645,-0.15394912021235738,-0.1384635432252493,-0.08006686222662683,-0.021816160196094215,-0.09808454772156058,-0.12208889972431547,-0.0928130378132675,-0.11705633375274885,-0.12797128229014038,-0.1539491234731022,-0.15949730365725256,0.08390382989843534,0.0675941192096282,0.014668319167484768,0.024968318272086697,0.021558116914103028,0.03653620813629237,0.016086594551731722,-0.046443369869781086,0.010370510519520029,-0.054047928273815125,-0.04329955674641048,-0.10496236732624516,-0.07616372090188693,-0.0700216615241365,-0.09067382274043463,-0.09348506575623554,-0.1728105523597181,-0.14215947980023194,-0.14266697426931077,-0.08452343981516934,-0.11826823369083776,-0.14466784840186575,-0.11899238934910669,-0.1434360212207214,-0.12612375899624764,-0.14635543132762147,-0.15747111353599968,0.02991510003106232,0.07297489458843409,0.021141728992999112,0.08658971042579588,0.02631487113633794,0.030442469444108295,0.03840799760798683,0.09142972103017388,0.05153070995239973,0.02991510451777266,0.07297489898923396,0.021141727031753862,0.08658971841524717,0.026314857247011065,0.030442477601768395,0.03840798883430543,0.09142969989426467,0.057479252214771,-0.40318513361668007,-0.3339164214594178,-0.346846671550209,-0.3601878404308668,-0.3822958240948114,-0.3968658420301033,-0.34817129544512226,-0.41441868513100544,-0.441318939898941,-0.3783826049409823,-0.3598844377707469,-0.5293619828321987,-0.5624561913751678,-0.5416065235235354,-0.5636759803286153,-0.6097982958634699,-0.6976863974399166,-0.6199918841097954,-0.18278236739420817,-0.13416808945080322,0.09186521459228385,0.14377883103048267,0.04221487852760315,0.10560934817125575,0.2393325554522731,0.3151446456025938,0.19046669560277038,0.42651799085534453,0.4235807071425017,0.6289648600933387,0.685950678808584,0.6282910130700611,0.6816542248174489,0.771601576777314,1.0,0.8056499659299027,-0.13855676215327914,-0.12055590637426078,0.034971567006950526,0.02760485870357436,0.015416877967119942,-0.0009523702330644654,0.15312346095255433,0.07982863702437339,0.042152548488597896,0.30725784773703124,0.2767841829048616,0.32769271388163523,0.3250029460068912,0.35033275101803685,0.3488012851535876,0.34379325419204076,0.3408176116327869,0.3429837665034352,-0.14245957766025463,-0.10750107135661222,0.034674290418984885,0.0254325032912629,0.008654608430532435,-0.009652465399171398,0.16535615326572456,0.15812643171919546,0.033167785301460244,0.30910665374295276,0.2823923007270797,0.2974739339960345,0.29477958471564336,0.32106991354119696,0.30803130720789346,0.33026526893369323,0.3862559226913922,0.31567742291935846
avg_theta_relative_power,0.05096337496701389,-0.004266839051874247,-0.14172291601705567,-0.03285579543592106,-0.013147952885728616,-0.006335670834597743,-0.07727042747792683,-0.11675924132247119,-0.0728134022249298,-0.09892055841853206,-0.014623876095687906,-0.11341737914732941,-0.1448916197215634,-0.10413356471398494,-0.1455051025190313,-0.1510731868789964,-0.11794641754234293,-0.1466827120203986,-0.09892055612060843,-0.014623868044759802,-0.11341736932368346,-0.14489163399048838,-0.10413355668252326,-0.1455051133006029,-0.15107320404415078,-0.11794641513514591,-0.1726840075391469,0.1431486649739461,0.09325257967589624,-0.07423794211620574,0.01045285384071326,0.014129351989401422,0.049802922124713676,-0.011715825774786236,-0.08434368820072373,-0.021749495091043344,-0.014926253696407436,-0.0003599028828022557,-0.21123934030513428,-0.1055403798927147,-0.08140020240960567,-0.09196288368612077,-0.1323648643341884,-0.18799264159193063,-0.18103216863794416,-0.17945325624355954,-0.09362140755136963,-0.13547501491257385,-0.16772932097137982,-0.13094017801146335,-0.1709358727241159,-0.14431419515006078,-0.11173603052232786,-0.16730658054262645,0.06523988116656476,0.11995494887683335,0.12081012079747548,0.16566356918793462,0.07071606248609541,0.06792293256625198,0.07803801918161259,0.1428044162507171,0.10149725709373972,0.06523988950545567,0.11995495338264607,0.12081013287476373,0.16566358283690769,0.07071604050771015,0.06792293453861409,0.07803801206655783,0.1428044050117944,0.11843588927646782,-0.5301829597414629,-0.42028166121821026,-0.4359470264506822,-0.43080787900793743,-0.47020181940590206,-0.47500741698054855,-0.35952011200737366,-0.3450984036638568,-0.47720534177611357,-0.5249426891177288,-0.4787315627908642,-0.6895226797420285,-0.6822838400748977,-0.6970150322385121,-0.6838497943447212,-0.6303014801778613,-0.589100850625083,-0.7264561358446677,-0.1717750630759794,-0.11511799770974993,0.16698333190265294,0.2030587966507947,0.11669144405569823,0.15845107362419186,0.25840860502564733,0.25469445113224665,0.2143140697389453,0.6454630163833719,0.6288878187949684,0.872429899388997,0.8808549819918023,0.8718062927724491,0.8685234319790139,0.8266386220411323,0.8056499659299027,1.0,-0.18744143443343855,-0.16167219844054376,0.006471790910461533,-0.004600985999122605,-0.011909274807516594,-0.029619724875041265,0.17320839273934835,0.12694492865549314,0.04615527573658926,0.37908166460251813,0.32033801380031335,0.36323533712536255,0.3464518630001321,0.38410154693924586,0.3809966217837919,0.3470316287948756,0.3192641832467149,0.366699355072331,-0.1929724579638198,-0.14574575140747656,0.023415438635752354,0.00873997145778209,0.00017718912108482737,-0.02033321663633086,0.1842680323164492,0.17757728719466445,0.025186417749759372,0.38732821222014063,0.3328260286702083,0.3466289941417496,0.32661871045990387,0.3693620225791654,0.34948230797905927,0.3166537469373952,0.30108243969807896,0.3410103487137839
Fp1_alpha_power,0.15491671450936478,0.21109193590439054,0.2360747709210517,0.19882373913255372,0.20108081547179305,0.17686633330992863,0.20223237421837717,0.18371034706749492,0.3028355747521622,0.3947148344910637,0.2902881496260298,0.22256809084134635,0.31528518591410964,0.1843647789109172,0.2726885900009313,0.15477398015383848,0.13524486519726042,0.2680378012059146,0.39471483023143983,0.29028813714024515,0.2225680911066982,0.31528518331131966,0.18436477610995247,0.27268859256996203,0.1547739756225274,0.13524486025834145,0.292661445856391,-0.047922007991370204,0.042853242855031344,0.16079950618765387,0.0821551854645853,0.13574960009240003,0.057979615457599894,0.14859205818704238,0.15430079357968915,0.19396036907931177,0.3350652113281399,0.3348552594150555,0.3165665945109167,0.2880615401457758,0.27244692549237237,0.28923552445379347,0.24240619514596373,0.23955908287686584,0.40253242105805415,0.526258154230962,0.3854001448863057,0.2712981793217397,0.3540292805313319,0.2501151668926569,0.3258893865414159,0.17310734150485935,0.16197994643118324,0.31773581544604984,0.105696997971714,0.10730791128173177,-0.128191409655985,-0.11151037453065435,-0.11057262780219992,-0.08080646928534108,-0.13257862276295757,-0.05773442256028407,-0.1023475165570473,0.10569698864777498,0.10730792447356693,-0.12819142377786327,-0.1115103716286954,-0.11057262193430469,-0.08080647667977281,-0.13257861415943242,-0.057734424812025634,-0.1289870056823069,0.5812824942268109,0.4733877863691587,0.23118982721959602,0.210523274774999,0.28896119535016074,0.2657097609581604,0.11101451902020344,0.10130709372041997,0.27057332566617986,-0.0817702246772566,-0.14085996914980323,-0.047550112128295255,-0.03567684132090975,-0.01965090370594921,-0.01703850721349685,-0.010815889998220137,-0.04895569500543094,-0.058500871012483,0.7290443136506164,0.5752790583131169,0.24409277589292588,0.22618045644535328,0.2902330040427076,0.2765035349597656,0.07382750484034163,0.08601167358472733,0.24265820728194695,-0.04652138403538062,-0.005576714665805423,-0.1701110263189357,-0.16012076925584504,-0.19407327198667093,-0.16879271504236146,-0.17819048353797795,-0.13855676215327914,-0.18744143443343855,1.0,0.6842816224137778,0.5337031276854074,0.46116496695555037,0.5765426650559503,0.4904130413960251,0.09428716955646872,0.1943936397592962,0.46131367967655024,0.26310826171541724,0.2293362376667093,0.16542291617658095,0.12883820667841434,0.1473119394097343,0.10658437484137841,0.07558477385971915,0.10002397095595965,0.16977069089275254,0.7554955664559624,0.5993880285327117,0.4916103905197511,0.44808630759356277,0.4996075705245769,0.4738840194181825,0.061449146355508105,0.13648017503583715,0.4842127395721755,-0.14093147594708474,-0.048914921629912546,0.020825843211851016,0.02792662977744704,-0.026322358511919074,0.002790944240951228,0.03381113992933607,0.07016314852205514,0.0021588102018559596
Fp2_alpha_power,0.05097349628012967,0.07028753220405105,0.19706445239006942,0.2002919522229761,0.05588421759671697,0.16979137520430687,0.10188227641986647,0.059314680563315576,0.16190735336340842,0.38267178425695614,0.44434394469570576,0.34729852725908733,0.4255884140292456,0.2660396263014782,0.3636884699744537,0.2014599395997668,0.2244574651734571,0.36780394215855783,0.38267177362908344,0.4443439419372892,0.34729851820549756,0.4255884058141112,0.26603962120435554,0.3636884768136828,0.20145993921508595,0.22445746343090087,0.3875364859304544,-0.14725279819836415,-0.15650970264482944,0.12509810447641853,0.058073280488280726,-0.021606004673427825,0.018067198457637598,0.04884320636503922,0.023417863418191548,0.047449322674352507,0.20431216892914844,0.2494184111163957,0.2914852672044694,0.3000356548681677,0.149049596229592,0.28935374598775365,0.14536150800523592,0.12540389069555766,0.27998014455078785,0.46425845401447235,0.5457393456648852,0.3739333979120629,0.4467272412992632,0.2990417626489472,0.3965746280875828,0.21134413939353205,0.24120174096072472,0.39583414132374495,0.1680351461361383,0.23246883695121784,-0.060011282268209024,-0.19214658211338254,0.07083497793333861,-0.06039952210328378,-0.027860033091342603,0.10812644425290455,0.01662706224931541,0.1680351430430421,0.23246884396051892,-0.06001129561616329,-0.19214657554189318,0.07083498496981876,-0.060399522965431135,-0.02786002717457591,0.10812643955618288,0.003721304440459594,0.48126953780241044,0.6597924704837215,0.27953790166397285,0.27025146532681493,0.2842706268875409,0.3198395462307286,0.1647682345720247,0.15473950178882767,0.32190009814272613,-0.0832371504741412,-0.1391360229271264,-0.014682347480516755,-0.03039995268671187,-0.006592991028157077,-0.006780714251011758,0.014901611922995424,-0.01535559613177699,-0.04275214361118176,0.6263177198045357,0.7943695417072905,0.3037588621389282,0.3187318342837438,0.30226120450857247,0.36709121232810216,0.15350153252821142,0.1644493999201358,0.3321440154683647,-0.016361878630178964,0.004155795155614213,-0.16885312427782906,-0.15148334257004073,-0.17477624870288064,-0.15144092049562652,-0.1623009331507908,-0.12055590637426078,-0.16167219844054376,0.6842816224137778,1.0,0.5202334265681237,0.5430517207826945,0.49978183625831724,0.5712322358833195,0.09398291065046509,0.18570634059777671,0.4601088277261574,0.1727554492896543,0.2923245182087349,0.10004961287233641,0.1183885598960856,0.10222883229251724,0.10051486964794329,0.018120620453357657,0.03430491851195177,0.12347190448653926,0.5391794986832191,0.7848807744391999,0.42896802904680925,0.4602515720731818,0.3877318381144224,0.4463349276781205,0.03254142141357452,0.1280054396771047,0.45240523262280263,-0.12362740911419659,-0.12440775359566567,-0.07374022767560269,-0.04251507339010662,-0.08943555641613403,-0.08672951005583598,-0.05416720569754235,0.003944117821226769,-0.060985787131224906
C3_alpha_power,0.09518504227585109,0.04785044830061493,0.1811076162442964,0.08138706962888098,0.022239474716405905,0.18195063977155918,0.07945790620357474,-0.021366000627361333,0.13518016801990845,0.2513911452869568,0.2731206896353325,0.339052779273564,0.41536352548041783,0.2740121288189462,0.332483823878221,0.26581329333945036,0.27027618774801393,0.3340416674628545,0.25139113320232087,0.27312068351608876,0.33905278339099876,0.4153635287432118,0.27401212875003206,0.3324838301754206,0.26581327621684747,0.2702761946403736,0.34681523961259464,-0.03832385210313536,-0.06958835691018644,0.09129724045087137,-0.07528264516902872,-0.09020420960815531,0.002479565796887207,-0.02078864061296498,-0.11716088201778857,0.010631773312307677,0.16589019438090852,0.14877128837288084,0.26274016283214935,0.18022993880300647,0.13796250076449434,0.30438367799356814,0.18205015911932398,0.04741686720797422,0.21725996713384563,0.3236760922099321,0.32981527636132696,0.39339989590136365,0.45713101855835603,0.33450079062410293,0.37869865663296576,0.30391951680166523,0.3061324813420486,0.3837568909699665,-0.05175261528897307,0.01916046521679492,-0.08397591065300924,-0.05826993108303655,0.0522775603085443,-0.16237490337209334,0.06437017622771528,0.16091107346517955,-0.06018484578596931,-0.05175261552879901,0.01916047155447687,-0.08397591024550097,-0.058269937111504314,0.052277549291576596,-0.1623749089996294,0.0643701866197301,0.16091107295627513,-0.06162525126666281,0.2584270186019523,0.29498134067504855,0.34986710658240533,0.3291486246503746,0.32529083310908136,0.32003428709972687,0.2792588138290408,0.2479356892635156,0.30945907835855824,-0.18976163282811692,-0.1900759407873755,-0.17291079224101738,-0.12644589160559855,-0.16501419847741622,-0.1301389508227728,-0.07338087306553864,-0.11913605281830265,-0.16935517690187588,0.4352740751093639,0.42418379398539047,0.5136146312603035,0.49881009272359994,0.4842524497549457,0.4974990914171895,0.38456471839354,0.38413895214666305,0.5043938529204065,0.11304311707716487,0.0797078814238673,-0.028593355888519082,-0.011698152886037433,-0.019174389074038053,-0.002224737311630221,-0.008377045680485626,0.034971567006950526,0.006471790910461533,0.5337031276854074,0.5202334265681237,1.0,0.7987480829199873,0.8992292510695649,0.7497005951541524,0.4921465973748245,0.5121916830708874,0.7839417650318963,0.25969675445692986,0.26177266987377146,0.3658404258648266,0.23004722327071664,0.32656395128695226,0.22116566117450467,0.1262314534979217,0.13842954581817837,0.26688372870610444,0.3508912608564942,0.3928058567566878,0.6610519300735891,0.6119616934915694,0.5775581762125246,0.586867821134628,0.4103657199626933,0.49759254954972026,0.6450659162766212,-0.03463885416210007,-0.006365325642033282,-0.07973055364607887,-0.06949971909606728,-0.07829507391572302,-0.048997350126699805,-0.0706818821181309,0.007545003456197674,-0.06620554538633427
C4_alpha_power,0.06471071070015491,-0.007301874860150893,0.17722736489267304,0.12458305719577899,-0.001956121367410476,0.1557470025351837,0.04406558305828756,-0.05367196806957345,0.10849749220117957,0.2518290373754254,0.30416056859314394,0.3744699193758982,0.44937666922181446,0.30011198084566093,0.381299996688704,0.29445636523827823,0.30304957535188715,0.36968366935091396,0.2518290295821442,0.30416055992647967,0.37446992950443914,0.4493766658166605,0.3001119802803251,0.38130000382777074,0.29445635822896743,0.30304958252531417,0.3810275410967431,-0.06607068148615655,-0.12672165883355696,0.09378672659741441,-0.04198312887554799,-0.12271332807037211,-0.033350120304292775,-0.05830651660008307,-0.15541198899186134,-0.018948900875707244,0.12807120302170114,0.0887657569209975,0.2589661771669589,0.22695388101822173,0.1133552302669761,0.28689224106993244,0.15420744098388262,0.018860285963981458,0.19435189133174147,0.30460268794397966,0.3514908277816424,0.40763991195984894,0.48252973474205385,0.33659141852176155,0.4160167311888985,0.32181795846869976,0.3325648002247241,0.40329599813162664,0.019838438732599058,0.09292710915291699,-0.07970192951846615,-0.0987510252199726,0.08599747261750278,-0.10689280823842928,0.10195929748542457,0.19524961677611655,-0.020891835923956138,0.01983843230260622,0.09292711610611461,-0.07970192969518915,-0.09875102536471564,0.0859974697612963,-0.10689281719960193,0.10195930909422243,0.1952496121356221,-0.022317643550432656,0.21922880315363924,0.30579184075172366,0.3335967166754205,0.34011240300926837,0.2976835750912893,0.32854765232357463,0.2805656684365851,0.25050463940175005,0.30291259184337344,-0.19784190447475847,-0.1885474190480045,-0.11579275476893673,-0.15857970252461157,-0.12537128442009413,-0.15505966203258426,-0.06160280388474641,-0.13227413528960671,-0.16571512052470033,0.3831737086094089,0.43793706214191275,0.4657930361458554,0.5122508364267266,0.42951662495296344,0.5080105843818828,0.37993484773542807,0.38898968448375865,0.4953179751070803,0.11041266812846426,0.08114244015775356,-0.03997310708203273,-0.03480878721965024,-0.026583904599186515,-0.017834812547582655,-0.012168093682732566,0.02760485870357436,-0.004600985999122605,0.46116496695555037,0.5430517207826945,0.7987480829199873,1.0,0.7238356760875982,0.9091881198747574,0.4807691096508879,0.5645774209194518,0.800878738824406,0.25874371384387007,0.2667573692846141,0.24774741099071435,0.3599658202152522,0.24111391204388985,0.3236837244778715,0.11499453524769099,0.16973449161500867,0.279418177694009,0.2853168812930584,0.40085698218727883,0.5788129809471645,0.623674014086792,0.49672503686460584,0.5764623992339015,0.39053473345702633,0.5012770984726803,0.611958703973228,-0.01504954452815714,-0.01757133444938792,-0.0869713139338908,-0.08555497485115353,-0.07439148784332666,-0.07676411341527231,-0.08429583771824149,-0.002490384966226961,-0.07106472005707778
T3_alpha_power,0.17272959877864152,0.14129195142901851,0.15991479846568496,0.14313895810328353,0.06628069071464068,0.2624616201820386,0.0825042627850537,-0.004056897320875277,0.20476659206281542,0.2722105294768557,0.2711472773362687,0.3416709798814252,0.4334052376606378,0.29721655736687697,0.35590036940888264,0.3047618017606527,0.2885121936386299,0.35274109074257926,0.27221052393166545,0.2711472704008517,0.34167098288844006,0.43340524123758284,0.29721655406496567,0.355900379097672,0.30476178690239164,0.28851218979707755,0.36813304882220316,0.03149119137114489,0.026974373467364504,0.06863446253900907,-0.028300714645307107,-0.06708820543660923,0.07190490973824146,-0.028498820110310845,-0.10566177532951206,0.06035897188611375,0.2553767114458026,0.2453142973970569,0.24702052465490387,0.25125308349284325,0.18673958385009817,0.39167588073134474,0.19469143561657457,0.079921170268343,0.2980120864742923,0.35471140258670725,0.33317698589462175,0.39522362324335364,0.47530490179292345,0.3737713903367219,0.4032083066846668,0.33926821716090877,0.32331778875984046,0.4051472162529005,-0.015404485785692954,0.04080105429030147,-0.04026605631449823,-0.026340111959308604,0.023690674913816035,-0.15182565400565173,0.08028791508965501,0.1572113960888851,-0.04994912401234434,-0.01540448556997711,0.0408010578114949,-0.040266058235240626,-0.026340108253396444,0.023690666209790417,-0.15182565805656276,0.08028792261120889,0.15721139571230502,-0.058659671316589224,0.2983062211584271,0.29936889379836723,0.3643207020323061,0.34820500606360477,0.3767463437871145,0.3444428310561183,0.2933030184596567,0.2647266223638884,0.3253370573316462,-0.17229460273916825,-0.17858242340640912,-0.13039834358971736,-0.08154407868923913,-0.1534261449703974,-0.0926444521731587,-0.04533936193750644,-0.08863267086365602,-0.1320976498344852,0.46983533117161924,0.42176957215878264,0.5058074123268673,0.4928391831920352,0.531540360313364,0.49869066905319287,0.37603034012667313,0.37321443862248904,0.4966653229651721,0.10398466954284953,0.07057483476266153,-0.03746945289057983,-0.025622524030321073,-0.035915427728688394,-0.01999370781820976,-0.021617583189596935,0.015416877967119942,-0.011909274807516594,0.5765426650559503,0.49978183625831724,0.8992292510695649,0.7238356760875982,1.0,0.7029263314114825,0.4919051464475271,0.5021951496256543,0.7661477195161771,0.23859022090829035,0.2332537437996687,0.2814656825704972,0.1594702918774734,0.334663232407278,0.1643998058851492,0.10560388440739957,0.1123399287238908,0.2236436797861394,0.4028424519946711,0.39513045163984717,0.6603967758634606,0.6082323657039659,0.6514538267901183,0.5954255987717256,0.4144608019671753,0.4904118630844438,0.6577246984731552,-0.05394029502025256,-0.009422411050767607,-0.08596976855446863,-0.08040116019862913,-0.09788774924301259,-0.06024674466503607,-0.08230224710263376,-0.012732547162445308,-0.08450839851782696
T4_alpha_power,0.05697829606555694,0.0029986008166546113,0.16911807903438988,0.11970712442932276,0.02178146176221455,0.13223406068625276,0.07155431481083374,-0.03683903833159791,0.1151338607588614,0.30072563926252843,0.352975095856171,0.4168168712872301,0.4769091848635235,0.33564965368175015,0.42044911465535834,0.30505892477100455,0.3241065586250708,0.4058921513415725,0.30072563743121034,0.3529750855832098,0.41681688191889166,0.4769091790399968,0.33564965866943536,0.420449123479172,0.3050589177631396,0.32410656674872396,0.41494933357825636,-0.09024820238207897,-0.1439875957973757,0.07471630828902145,-0.04955558970605748,-0.10953886956264139,-0.067676262965736,-0.03183453518771602,-0.14503220536961986,-0.02356522022029427,0.15712495427437675,0.13286465237652198,0.26336514474981526,0.23171771071322558,0.15679921578978112,0.27833082214084665,0.18657163194484983,0.04837018187969305,0.21605437988703213,0.3582223521405015,0.402877373282273,0.44837120276424336,0.5051836595333086,0.3711690427691058,0.4593378266494497,0.3317864671594823,0.3511464796734481,0.43861441271022245,0.0354316759006176,0.11531788866120082,-0.07053205972700187,-0.07934330755392226,0.07311074596460412,-0.07108959685774442,0.07972752736797023,0.17623916096437592,-0.018113408695926786,0.03543166727840528,0.11531789496728491,-0.07053206618474889,-0.07934329991146138,0.07311073886619061,-0.07108960280245495,0.07972753883034396,0.1762391539829284,-0.019177263775431403,0.2535566154898621,0.3369565292611842,0.3393086262529753,0.3364411808688191,0.30467585692829047,0.3421760838856381,0.2819714142737206,0.25247095544660103,0.31064183623696906,-0.19677346343717803,-0.18534870451407834,-0.09222922217934387,-0.13248372795266736,-0.11485318003811433,-0.16535126016446744,-0.041573189776252746,-0.11816357467848922,-0.15493792262444187,0.4356228325799619,0.47505095064930136,0.46148182894250284,0.4930953830355797,0.4354868876916226,0.5259701703533423,0.3661382248739166,0.375256514585278,0.48943732669046663,0.11027673051335533,0.07985273487019307,-0.06598183834837155,-0.055162495462760947,-0.047950029683629894,-0.03786871984592965,-0.04068194110867787,-0.0009523702330644654,-0.029619724875041265,0.4904130413960251,0.5712322358833195,0.7497005951541524,0.9091881198747574,0.7029263314114825,1.0,0.4448667165785004,0.5471227977223168,0.7815585583840541,0.25272962631398077,0.26222288095614277,0.20964236503630848,0.30220108071080115,0.22109166557733817,0.36425291711155744,0.09420913716459703,0.15981218881561943,0.26494383908348157,0.30192778313145274,0.40632992499540016,0.5612518999336277,0.5925543158460256,0.49335041982751066,0.5959449635524161,0.34321223121668043,0.45315228440107796,0.5948577978163996,-0.03048934785297569,-0.04105421908392947,-0.0849931488915713,-0.08227878378396837,-0.0696928268052978,-0.07236361694094567,-0.09138591460523816,-0.012669160381267667,-0.07152884653197483
O1_alpha_power,0.10011513766380006,-0.02417491238806426,-0.053275791735867245,0.025703456967392437,-0.022856652452269786,0.05092924339677804,-0.07193211273030657,-0.054546670217523935,-0.022278527918172156,0.22127592082390743,0.2359850585141808,0.3954256235511514,0.33977427440271524,0.426890725099935,0.3982232032182875,0.5222022032620962,0.48435146706069626,0.4037673649734418,0.22127592900847215,0.23598506156308122,0.39542563394566516,0.33977427608352107,0.42689073272004135,0.39822320659256355,0.522202195532452,0.48435147175241033,0.39108952788021606,0.028061507438617784,-0.049244781108902395,-0.1175851599460322,-0.10547555165176925,-0.2017517840475805,-0.1267262573892151,-0.24741445949986773,-0.259817357809746,-0.16396640245887897,0.14208913330742778,0.06374426914469032,0.013396673413082143,0.09466539904619137,0.10186224116529896,0.15966950805313193,0.1293771373530761,0.06909445960547246,0.047836930775373016,0.21026139823385,0.22474906241156434,0.4125577910789012,0.35732024215140606,0.439758949291191,0.40562721484538306,0.5626129805045625,0.5177802037304723,0.4290321641223784,0.11534310313202122,0.13771972417981293,0.14726184039795942,0.10049708511395884,0.2575504683266609,0.1207784625449787,0.33905588142337806,0.32517229746861065,0.16903700185917203,0.11534310408697312,0.13771971468410737,0.14726184284805693,0.10049708680999418,0.2575504570085025,0.1207784608768917,0.33905588447460144,0.3251722883747408,0.17169008280851367,-0.021651558867010843,0.01981891665379399,0.29678295818030087,0.2988237773965535,0.24244510553811807,0.252112689275451,0.3828327128508567,0.3464871153984252,0.25163485682290737,-0.13097679586206926,-0.10370719377172813,-0.029726803739408742,-0.018320216765784356,-0.08434753759041175,-0.05042739880365629,-0.16336274033678516,-0.14086012143050944,-0.11225830460424611,0.06569327384746636,0.0890320563766583,0.4420442263304459,0.45121374165521644,0.3995360057437535,0.41495483979724357,0.5991941801421526,0.5622800080664933,0.5034224174890493,0.1865029017519573,0.16500296935177688,0.11593289493881664,0.11283744351985969,0.14207605076670163,0.12604091247481025,0.16063039637968232,0.15312346095255433,0.17320839273934835,0.09428716955646872,0.09398291065046509,0.4921465973748245,0.4807691096508879,0.4919051464475271,0.4448667165785004,1.0,0.8015809475094963,0.7487559382767335,0.10228061482765836,0.09895778534029637,0.09260097495711253,0.0646851835057587,0.1420406134256652,0.08843805406053933,0.288073285692887,0.211436898274381,0.19121519318380187,-0.006605250863085522,0.002669696387129899,0.30238885233169366,0.2967451221710868,0.28293157473579444,0.2625664210242034,0.6497597684064417,0.6160237597955617,0.3776114135038925,0.04375950983183721,0.02531755572927654,-0.136854937027587,-0.14982678034604502,-0.08674276517376452,-0.11629218116767846,-0.17487945343527023,-0.12944094424348795,-0.12149662116217652
O2_alpha_power,0.14529812884174356,0.020937938504201687,0.009804911370597545,0.07950251530592388,0.016900127690712648,0.1108153647251513,-0.04777817667894653,0.012556433842016827,0.06539917990762513,0.23971626569214627,0.2792365238089375,0.3884230563452786,0.3932771662158278,0.3683010592439328,0.39856504938996645,0.413913866463021,0.4154978122986352,0.3954339846274647,0.23971627633295858,0.2792365267618311,0.3884230733365282,0.3932771630788478,0.3683010646442236,0.3985650496200599,0.4139138649333859,0.41549782144521175,0.3877524883524039,0.04833369010591472,-0.05261322782988526,-0.06323040087790706,-0.07154013343170594,-0.14333743114201317,-0.06811794558081823,-0.18858671328414145,-0.17837607637030303,-0.08221523951933551,0.22091941643041502,0.14833358367616445,0.08979557183982365,0.16764737389762865,0.12911667521426598,0.23687940517546346,0.11372480963324634,0.13224044475726013,0.14417059364109328,0.25009442479545174,0.2810109929090041,0.4016095847265632,0.40260733038050706,0.38713977427599144,0.4096103640964037,0.44452074916045103,0.4548310858803391,0.4187083650202359,0.11802302884651648,0.16031147825368178,0.09302466115815257,0.08434964157221113,0.17311301616339522,0.07876430862218255,0.2492011409650358,0.2362364344185024,0.10355116257189736,0.11802302291397881,0.16031146866626447,0.09302466541689974,0.0843496365249068,0.17311300970174004,0.07876429920240888,0.24920114938290117,0.23623643964579105,0.10099938964911116,0.018726237472241756,0.0655163302067893,0.25510479409588843,0.252595501857282,0.2120259019494952,0.22327924604062657,0.2999484193192893,0.28992221524917744,0.20721368960581857,-0.2146859519830782,-0.17373762568188994,-0.07500577622023952,-0.08792673531659935,-0.13005654769935796,-0.12214214483361902,-0.1385324990915579,-0.24563102885887036,-0.17708574278456984,0.16245189146490327,0.17098278676963952,0.3899802494030646,0.4107390003067476,0.3686827815658334,0.40083241610604814,0.46760936390190766,0.4933678001911034,0.45795057237488007,0.1943388381014705,0.1615625727852417,0.06697915650854877,0.0788086514799501,0.09990065814312822,0.09292549496898274,0.11217623638236643,0.07982863702437339,0.12694492865549314,0.1943936397592962,0.18570634059777671,0.5121916830708874,0.5645774209194518,0.5021951496256543,0.5471227977223168,0.8015809475094963,1.0,0.8500414840990755,0.19728728600023598,0.18148386922866605,0.14420328782454786,0.167177393382542,0.1785312065645503,0.19089644452478607,0.2570092254644779,0.40394933383625575,0.28527038256789283,0.09683131568969831,0.08956518567375334,0.3652649609967076,0.3715603841704232,0.35922722484024927,0.35484232013056766,0.5088276956088068,0.5996169532668453,0.44955652862205436,0.08089121779007015,0.04747638895716844,-0.07137482216765038,-0.07328129529545935,-0.023126945819932538,-0.04232957919780555,-0.1296568064608016,-0.10659331116280996,-0.06707277959039469
avg_alpha_power,0.11397699235420143,0.011200007303918135,0.13162946006520546,0.12217510448674593,0.017834496668743913,0.16178278216537156,0.024716268285019022,0.006668552457754178,0.12804816808513783,0.3073165928529014,0.33230201280206484,0.39251953447185706,0.4592191987744281,0.32778459219686307,0.41949025220564623,0.36112979705393616,0.3462222815333242,0.40756155446199144,0.3073165989308794,0.33230200896722645,0.3925195502468665,0.4592191968803225,0.3277845954914595,0.4194902569946234,0.36112979133434053,0.34622228946564,0.41842649976773233,-0.03399436961598503,-0.11500432481872191,0.04444803176753807,-0.045183002902473283,-0.11407046199217756,-0.03462273264334725,-0.09717979873323945,-0.13465514442051466,-0.01794623613336704,0.22277718781786604,0.1558513146152197,0.2209276852480732,0.23146340750094652,0.13585381759478782,0.3021074363922234,0.15588110381374384,0.1054921955501678,0.2190482926304059,0.3578686376126694,0.3659337223691993,0.4213630556322657,0.48049757278877153,0.36641290047388264,0.44588318775524244,0.39453025723892204,0.3863030163225436,0.4423607688551409,0.0549610944534328,0.10235343679257734,-0.03549089498826237,-0.05175768091969147,0.07671630793934497,-0.06349188412384328,0.13903848950115133,0.1651714124483023,-0.012357884939433749,0.05496108500361022,0.10235343662865383,-0.03549089772750752,-0.05175768141601029,0.07671630112124089,-0.06349189184000649,0.13903849982674696,0.16517140800863478,-0.012397163039318109,0.18368215825066947,0.2212647537273922,0.2791001868612324,0.2724618765343297,0.2477322007576482,0.26266398430020044,0.26016795947975857,0.2296605390417047,0.24887038575772025,-0.24087623148854573,-0.24300360811529148,-0.1549592984070138,-0.16058342403998788,-0.1897022978846958,-0.1792905909014158,-0.17243781264826127,-0.25997884566896357,-0.23848273706708564,0.36667071052531736,0.3714271495261777,0.42822456365034817,0.4499859780630345,0.40860714190493563,0.45612001186307954,0.40718504648477133,0.4165294982058602,0.49045429849268574,0.1523844135673794,0.1455929507927991,-0.0027330160843519174,0.01583870356265315,0.015980820454158648,0.02790669683147449,0.0191000827973518,0.042152548488597896,0.04615527573658926,0.46131367967655024,0.4601088277261574,0.7839417650318963,0.800878738824406,0.7661477195161771,0.7815585583840541,0.7487559382767335,0.8500414840990755,1.0,0.2869773518978872,0.3068298330148701,0.2965119315471227,0.29454024905533527,0.32054138090203654,0.3050350511750637,0.3153324431167915,0.38198200791236214,0.3924895412250671,0.3045224438359489,0.3197531984068026,0.5542488141569136,0.5563568908635111,0.5183969344514061,0.5361530966202951,0.4543879794127114,0.5705779454784782,0.6295756869896747,0.030928533511583443,0.0330797610933,-0.03706121788999921,-0.03194126747135735,-0.011593226534749722,-0.013769154409251265,-0.08437512531397334,-0.009115584567296234,-0.03069255311592065
Fp1_alpha_relative_power,-0.05096776449183943,-0.03599803524268608,0.12332885926596149,0.07629086577808246,0.04016970364037599,0.013382148007763998,0.06090315572322375,-0.028391856925766346,0.057100859277950215,-0.03708086722335365,0.08170777438484214,-0.007141847243569474,0.0655736709225741,-0.09589538632921721,0.011908396181402141,-0.13585634626420215,-0.13170984682916642,-0.04441356241073679,-0.037080850706929805,0.08170777859387734,-0.0071418412192591095,0.06557366587379554,-0.09589538321609725,0.01190839129381732,-0.1358563525650755,-0.13170984929270668,-0.04718605087237847,-0.008729166205435856,-0.01604482182673444,0.14273982312335773,0.0601614751061728,0.09563270176674199,0.00846059255588567,0.12401123082687812,0.03298787911231295,0.09308232609222808,-0.05881636971042039,-0.012045132401022266,0.09687136588239433,0.0641572815184768,-0.010838822431962295,-0.02165147300641019,-0.009610503557138455,-0.08736259595023974,-0.006780566633002946,-0.06878609431712684,0.03706147710634312,-0.05481228416397766,0.009867295293706982,-0.14149786234910317,-0.038897002520539854,-0.16989994615874174,-0.1555773189908987,-0.09247875788921739,-0.03263581477649863,0.05989326430038768,-0.12843424943957452,-0.07200942772743785,-0.09300859161709892,-0.024615347357167385,-0.10500861571530351,-0.0014431317331806966,-0.06775498997636582,-0.032635810038233605,0.0598932714472536,-0.12843425857734428,-0.07200941632233855,-0.09300859763861165,-0.024615365020893034,-0.10500861697806954,-0.001443128454741297,-0.06980991808914201,-0.5412212918555178,-0.3234517793284309,-0.38458501188838595,-0.3809605350765203,-0.4175279461658281,-0.3879199802832884,-0.3820487773553554,-0.376293763627903,-0.4587057909713437,-0.8602633746293019,-0.6289675737528435,-0.5320393027093253,-0.5395020388144599,-0.5663281019702666,-0.5512488498825017,-0.4609938361237396,-0.5052356341496251,-0.6691178770147566,-0.12843411157086068,-0.060325097069008966,-0.13438410466641165,-0.09358393457083868,-0.16342714832200045,-0.09118485860921088,-0.12145446689415143,-0.1046919123852781,-0.11160269018471981,0.5530114349009387,0.38467775290079426,0.2808091830100187,0.31221019068299904,0.2839849719525159,0.30991307195761325,0.2740038581686594,0.30725784773703124,0.37908166460251813,0.26310826171541724,0.1727554492896543,0.25969675445692986,0.25874371384387007,0.23859022090829035,0.25272962631398077,0.10228061482765836,0.19728728600023598,0.2869773518978872,1.0,0.6908832250611017,0.5986969620374918,0.5846277187707091,0.6422510621464036,0.6060679262758079,0.48321946877481053,0.49944900484792065,0.6858192703960675,0.16423857887750662,0.17404645214125875,0.23255369324175404,0.24297934694980505,0.19586331880116215,0.23873629957864517,0.032525842945262534,0.12838091408734895,0.2231078289787604,0.7619293367985112,0.5642162028455728,0.5189290814629008,0.5167092114652545,0.5414318267806676,0.5239233254607252,0.44156332692018735,0.473335986157665,0.6188760301760042
Fp2_alpha_relative_power,-0.08199507534809901,-0.0604007480991052,0.2376811302808115,0.06047890803115739,0.04105211850242845,0.005706741168382377,0.14234464287976803,0.05264310711613036,0.10656502625671427,0.0037354477405325956,-0.0231505920729353,-0.08836543738305878,0.00011277726246481527,-0.17172065746407736,-0.034877233954171416,-0.1451387870490683,-0.1909944073421997,-0.10065493597661196,0.003735446066585119,-0.02315058796629804,-0.08836543064907064,0.00011276969499262011,-0.17172065408237944,-0.0348772408942503,-0.14513879034639474,-0.19099439560300854,-0.08475290782711405,-0.06375839569688599,-0.021158737956413525,0.26404259360987853,0.07575345190794483,0.14697000791936973,0.02508050316110071,0.20709460979853056,0.1414099555076215,0.17060316331025038,-0.06021562155809869,-0.07480598452876344,0.1980112991655056,0.03788689596308537,-0.026271035427219033,-0.048587908008504405,0.04695546385316499,-0.013616253345268456,0.03132890485218073,-0.015605552038653478,-0.0610746812661166,-0.13804695083644608,-0.05861839277517339,-0.21706439586015167,-0.09660779675017225,-0.1845005735730189,-0.21498228291853497,-0.15409066811774186,-0.0844908279216177,-0.07746790415378248,-0.2856059414964641,-0.20396202482694387,-0.2059415633998028,-0.15740245764523017,-0.2094343024665187,-0.1673969067976769,-0.20854027428657795,-0.08449083377636551,-0.07746789758253797,-0.28560596071176225,-0.2039620197533383,-0.20594156721237739,-0.1574024583192292,-0.2094343013183897,-0.1673968959123662,-0.2027685196515024,-0.30727994286121957,-0.441326693889389,-0.4279905088802756,-0.44231309449772466,-0.44363950043745365,-0.4455946205453548,-0.4362459689478844,-0.4439366907808945,-0.4684111158300714,-0.5661593232693053,-0.8534851608151517,-0.5359555607356321,-0.56840352147511,-0.5483300303204981,-0.565857331172253,-0.5159026949089742,-0.5572168314078416,-0.6884430824236901,-0.07430571621913569,-0.08515858192812321,-0.2163559800377419,-0.1754680964968579,-0.24182220875398402,-0.1841562245983678,-0.1843761411691271,-0.17633407796391914,-0.18199733477296984,0.31003609262891885,0.5250365530879206,0.22762240464983713,0.27792988276207864,0.2155579958989788,0.2639271611632944,0.2273981871484955,0.2767841829048616,0.32033801380031335,0.2293362376667093,0.2923245182087349,0.26177266987377146,0.2667573692846141,0.2332537437996687,0.26222288095614277,0.09895778534029637,0.18148386922866605,0.3068298330148701,0.6908832250611017,1.0,0.6513607330540411,0.6571437627493808,0.6732683541979795,0.6772364137587241,0.5693626030007289,0.5764129281771136,0.7612824222678027,0.21010969694631865,0.18315663704148455,0.17763325814072134,0.17958563341216166,0.14800389301096606,0.1650065526606722,-0.024709338701246433,0.07416708602139294,0.17485014399964285,0.5222647930995757,0.727477854827129,0.5388251662513519,0.5493340404686732,0.5473269690054884,0.5480689874510284,0.4845565135594264,0.5352864905974076,0.6437562400571281
C3_alpha_relative_power,-0.050119618601562076,-0.045090547749513654,0.236420894932623,0.10852121855602903,0.07241635162012461,0.04226519841617394,0.15870267315065023,0.06335757116482854,0.14896487968693878,-0.01964032006682825,-0.03875417630008226,-0.24962527199891055,-0.1461188563392043,-0.3105653802785177,-0.1764361091036383,-0.2886696073536256,-0.3280453042143566,-0.22654036756927826,-0.019640323646259537,-0.03875417459320275,-0.24962526228034462,-0.14611885551361556,-0.31056538088626834,-0.17643612052203136,-0.2886696106073559,-0.32804529162950535,-0.21454307174179837,-0.00836943485016341,0.0022545514739370966,0.2936737861094076,0.17565172441397786,0.21684507244257684,0.12079822688220686,0.26433324185065465,0.1885801943264017,0.24666522199188695,-0.06787421046963561,-0.09415833674198947,0.1557680475504137,0.038848858656209455,-0.031128672009615433,-0.06035810387452871,0.02205090364119082,-0.054112032818845655,0.026926154948294045,-0.045126294776397784,-0.08396321534672668,-0.2988354330259971,-0.20356692462177525,-0.349814012335314,-0.23237279084739548,-0.32549790733901474,-0.3507562928773009,-0.27637162103512736,-0.12557128770451492,-0.11744442810013879,-0.3219711601859905,-0.2624751352063209,-0.30330411219950876,-0.24999759926669615,-0.30109768927853353,-0.23635658143740437,-0.3064476704777749,-0.12557129174502216,-0.11744441753388116,-0.3219711663132224,-0.26247512562073383,-0.30330412421070596,-0.24999760752914604,-0.3010976845775709,-0.23635657218516568,-0.2962023607778661,-0.3128723423478621,-0.3495432089516794,-0.668228913971591,-0.6181584010678685,-0.630324651551682,-0.5940366182025595,-0.6119469916828096,-0.6058775155027208,-0.6230753144053478,-0.4709137766067473,-0.5498989345559271,-0.7904976937628451,-0.7092911326956374,-0.7209182374428907,-0.6701427936483794,-0.6579354149649197,-0.6685208684353645,-0.772349089016799,-0.14608553905563196,-0.16912466414654773,-0.3477612753753327,-0.30624404578584363,-0.3629731241029548,-0.30974662692860616,-0.3100944211030572,-0.3043838123751751,-0.31881699645320544,0.2333073393409796,0.2915124699516505,0.3754064324442912,0.37029548641676735,0.3141381992630438,0.3310047131952092,0.29042504305341055,0.32769271388163523,0.36323533712536255,0.16542291617658095,0.10004961287233641,0.3658404258648266,0.24774741099071435,0.2814656825704972,0.20964236503630848,0.09260097495711253,0.14420328782454786,0.2965119315471227,0.5986969620374918,0.6513607330540411,1.0,0.8360041621471445,0.9093877652610387,0.7959998418759318,0.7485253321148623,0.712974578906075,0.8921058079571279,0.17483786889618314,0.11437695303822679,0.14065875454767904,0.1269082083305649,0.09585912484106518,0.11915721531803482,-0.06012507946527354,0.025785760047109453,0.13048811065749333,0.4690196736385425,0.5302130409562745,0.7465720176337178,0.6906533222364879,0.6950363510496622,0.6636185902773296,0.6257544560987719,0.6517708723732335,0.6921729912634731
C4_alpha_relative_power,-0.08527219806288575,-0.09594618871733838,0.2637017389660454,0.15883350101355442,0.02481289390677844,0.03707107537028678,0.0941545338810037,0.025563104252215703,0.14025217501058185,-0.012065411358052143,-0.018563291005617218,-0.21107538379940854,-0.1428998475840456,-0.2830946753557731,-0.15664936530727203,-0.27158480532563906,-0.3122682754421075,-0.20612532575471829,-0.012065412423382996,-0.018563292982484242,-0.21107537418980105,-0.14289985394057453,-0.2830946751941873,-0.1566493748139835,-0.27158480481498676,-0.31226826668201335,-0.19495489768761914,-0.04116755123540458,-0.04625990876345291,0.32180694447549846,0.2291873160063917,0.16579868338694675,0.1253537417805819,0.20764469827741186,0.15745635398825664,0.24014788473400844,-0.09832564648893562,-0.14182440539540214,0.18507344675054158,0.08439089116755699,-0.07586904631881625,-0.06624038947936883,-0.03848268682529812,-0.08295596131605083,0.02145956778619287,-0.049354585131386554,-0.06855293584223761,-0.27113245943589914,-0.21121411579002863,-0.3368494342075719,-0.22319199248334667,-0.3181800066593915,-0.34321255413381374,-0.26769206184972416,-0.07584484633673698,-0.0795616502381029,-0.35608742616628,-0.30793009338605987,-0.2841529147771174,-0.24099823804741088,-0.27552390736906496,-0.21753852701763227,-0.29682902692087954,-0.0758448489358831,-0.07956163982411797,-0.3560874337499756,-0.3079300870803883,-0.2841529221274819,-0.24099824169757844,-0.2755239021545084,-0.2175385216924924,-0.2977623024382304,-0.325118060016512,-0.3443481587966688,-0.6185780001709213,-0.6824037723493234,-0.608398922859412,-0.6406564150007874,-0.6141278114457828,-0.6269199486876957,-0.6331755354640857,-0.45935354198028816,-0.5480500225583852,-0.6765635253544486,-0.7933866752931947,-0.6401247515388493,-0.7296551862602042,-0.641192430483172,-0.6921303300422793,-0.7653227581317534,-0.1726871088159716,-0.16164368900103673,-0.36721476740345377,-0.3442087676560791,-0.3920307363163742,-0.3413140472004799,-0.3252967670148299,-0.32158919120815055,-0.34155227004683786,0.21610094218938813,0.2872605385099048,0.3115115118537705,0.391768740193846,0.27396044127349195,0.33985222188147357,0.27825557573028203,0.3250029460068912,0.3464518630001321,0.12883820667841434,0.1183885598960856,0.23004722327071664,0.3599658202152522,0.1594702918774734,0.30220108071080115,0.0646851835057587,0.167177393382542,0.29454024905533527,0.5846277187707091,0.6571437627493808,0.8360041621471445,1.0,0.788094321378773,0.9200501202989048,0.7309845653188967,0.7517929084315663,0.8997437513396551,0.1444761182588733,0.12497257032848635,0.101603443991769,0.11740046597903678,0.05406605690697249,0.10602962466511125,-0.08257608112133365,0.016343403225676296,0.10765971832086459,0.46953353018675975,0.5265581355189093,0.6845710367815661,0.7477004226725642,0.6580453173491846,0.6967802353139047,0.6182514600658556,0.6640983554769887,0.6941494100242178
T3_alpha_relative_power,-0.0813655661229174,-0.06890074043117173,0.22295516857714948,0.09322729080090834,0.04819429488935051,0.009600782001521244,0.13121041558130114,0.03291519669888984,0.11088061532138707,-0.01959542928049433,-0.01420744747837852,-0.19255081914895866,-0.09774363228992787,-0.2769477588194315,-0.12235578666065583,-0.2401961609571231,-0.2824929347548643,-0.18229629339819992,-0.019595426745861656,-0.014207447249893337,-0.19255080467946079,-0.09774362380869486,-0.27694776139597677,-0.12235579392721473,-0.24019616483147216,-0.2824929323938069,-0.17079017072765815,-0.04276189637904421,-0.02407796294598568,0.2721440067200376,0.1429534812936431,0.1819123807451073,0.0694651240636094,0.22294465421189702,0.14349386064117414,0.195469089966192,-0.09062623403998843,-0.1061311586207817,0.1531422430034707,0.03684778177888161,-0.048814016054852125,-0.0794583533129932,0.011306336423736041,-0.06818816015999797,-0.0004986132816701338,-0.05203925500758471,-0.06536856978660387,-0.24706275061698113,-0.16098242788467917,-0.32433679723799114,-0.18652345850881344,-0.28203000104080084,-0.30826690700789094,-0.23925351218037716,-0.09527789418035826,-0.07377035832451316,-0.2968535307720913,-0.2370257268819449,-0.24902190352539966,-0.18536264448227735,-0.24920415334964638,-0.18196302486287186,-0.24424627141757002,-0.09527789378870917,-0.07377034947885099,-0.29685353905596007,-0.2370257105770206,-0.24902191590633166,-0.1853626522188051,-0.24920415101484555,-0.1819630189649469,-0.23675361647230495,-0.3529250239457023,-0.36422967574925397,-0.6158774190004,-0.580079744403371,-0.6670421300497827,-0.5748368765000068,-0.5915906406013609,-0.5771734711300737,-0.6138491225332909,-0.5158590665244726,-0.5760156584306719,-0.7334590732347901,-0.6843503647841062,-0.7958153629033193,-0.6691362302793975,-0.6657391191886157,-0.669466123778242,-0.783911909234728,-0.1737391465538124,-0.16963936743902358,-0.31475611183487073,-0.2642809794950717,-0.35351728543008254,-0.27459885463455125,-0.2698153401559192,-0.25935682847008,-0.28200361478999053,0.25825630172138303,0.3119065580974364,0.35268199685286533,0.3719577802966339,0.36205692024031794,0.3428466594373041,0.3136143063196831,0.35033275101803685,0.38410154693924586,0.1473119394097343,0.10222883229251724,0.32656395128695226,0.24111391204388985,0.334663232407278,0.22109166557733817,0.1420406134256652,0.1785312065645503,0.32054138090203654,0.6422510621464036,0.6732683541979795,0.9093877652610387,0.788094321378773,1.0,0.7858756483597831,0.7531266915187438,0.7012344709462746,0.8908417857547171,0.14750689407316886,0.10615081516999496,0.14297216903046273,0.13871804051335587,0.10109345678815991,0.12742378261795229,-0.029206005567450958,0.0596219339589194,0.14215622054491436,0.5121299671189262,0.5447450284284533,0.6994952156942966,0.6622860768472847,0.7387005208014837,0.6516362097406112,0.6140977299444248,0.6380496819018158,0.6930016404355588
T4_alpha_relative_power,-0.1060732979471667,-0.10847208773102819,0.21782139993405006,0.09946829636934107,0.020316251481083757,-0.005482069192965162,0.10326937995849983,0.009214741807362639,0.09501534452487354,-0.023414935886469822,-0.014013130375384628,-0.18370047981125515,-0.11682091981415899,-0.2644020517052983,-0.1564292733157673,-0.25580847571871324,-0.2926999310955091,-0.19171342063208938,-0.02341493434134263,-0.014013131067152892,-0.18370046484710967,-0.11682092382722792,-0.26440204643561743,-0.15642927576823615,-0.2558084783044682,-0.2926999240314238,-0.18340598172549183,-0.06019014844008382,-0.06461007568121338,0.2680272414876616,0.1650556060735917,0.15243978276810793,0.07870020547412403,0.20511959898258625,0.12545272952357833,0.18751906779869426,-0.11270067544149964,-0.13917164737811527,0.1471902836959229,0.03312702877300459,-0.06818492151178643,-0.10498237609065218,-0.01728281925781441,-0.09321600847786651,-0.018884871342152866,-0.061494236609296635,-0.06746030134763713,-0.24103235575453627,-0.1840465198604391,-0.31762410465820134,-0.221167531028034,-0.29813039096311,-0.3210007464264938,-0.25100404669916937,-0.1042680435220788,-0.08754111348118158,-0.3158926875967052,-0.2520220096801461,-0.2609454527049024,-0.21455300953349268,-0.26598054994980985,-0.20119068784188607,-0.27305353756427597,-0.10426804558978085,-0.0875411027688876,-0.3158926969493765,-0.25202199999591446,-0.26094546436405297,-0.21455301801303733,-0.2659805429386689,-0.2011906860344978,-0.26663754655955735,-0.3579521950207588,-0.37355681434292287,-0.5935088388149379,-0.6450708225312153,-0.6061528988443099,-0.678127836049767,-0.5863117199856811,-0.6051930798261903,-0.6303725827913387,-0.49297539848922894,-0.5787681350299078,-0.6690131899826942,-0.7633311622444545,-0.6597679426228744,-0.8082600796729604,-0.6370452685301855,-0.697782875967702,-0.785277728358336,-0.18054828708564827,-0.17182869287248492,-0.3238075813108891,-0.2993864864062344,-0.3588019996476865,-0.3091896780641877,-0.2794344792104011,-0.2799422773545648,-0.30055535882087137,0.25309290149943126,0.31953488115221473,0.3269973986677323,0.39506931833699505,0.3018996952072249,0.40502971407111427,0.30045974418229127,0.3488012851535876,0.3809966217837919,0.10658437484137841,0.10051486964794329,0.22116566117450467,0.3236837244778715,0.1643998058851492,0.36425291711155744,0.08843805406053933,0.19089644452478607,0.3050350511750637,0.6060679262758079,0.6772364137587241,0.7959998418759318,0.9200501202989048,0.7858756483597831,1.0,0.708333859059923,0.7398550503862086,0.8918726519315605,0.10938143096727192,0.08825028564564054,0.11107059272778964,0.12267617945800806,0.06166214378022057,0.11989852833960583,-0.056108042764002095,0.04268464578899648,0.11774171799830245,0.4884978453776712,0.5390064158851748,0.6642733491860539,0.7101392838896999,0.6599870948573676,0.7377632251912534,0.5986094885184415,0.6517777628363438,0.6913184912455289
O1_alpha_relative_power,-0.03973566909590325,-0.07229046009710827,0.15158337303210914,0.1229068032654224,0.035373134942181,0.020302511530018504,0.05832717279634123,0.03542080181535708,0.10132161208413752,-0.0244353933648045,-0.07200136798140162,-0.2529619771142158,-0.19694345364356922,-0.2897676904816845,-0.1788431306687706,-0.27123667481856717,-0.31564649397634137,-0.24038742587898135,-0.02443538601726418,-0.07200136188330364,-0.25296196853063135,-0.19694345007013794,-0.2897676912701378,-0.17884314726046666,-0.2712366785650292,-0.31564649108597886,-0.234102695583195,0.004208138284690927,-0.003512222887893686,0.22097867926088224,0.21741121559553248,0.17336613765250886,0.1265564426448079,0.16963495952339752,0.15629288382824966,0.2052471827858809,-0.05265648521658354,-0.11738967131689598,0.06769063488523018,0.04367517169912168,-0.07670807055229882,-0.09158963664845389,-0.0764236841096234,-0.067461273418272,-0.028158919436060352,-0.0659045078933067,-0.12839142404349044,-0.30840540163429697,-0.257705824063074,-0.33694531312170645,-0.24065699987728434,-0.30266105192542236,-0.33225671515234473,-0.2931117010534751,-0.05950421335758986,-0.09580247223826678,-0.25337609374014214,-0.2598985328432885,-0.2617407560858944,-0.18209925991139478,-0.22711749887450433,-0.21877100165630947,-0.25229916928687046,-0.059504217246307244,-0.09580246764448057,-0.2533760975168132,-0.25989852077783876,-0.261740766571175,-0.18209926166889218,-0.22711750089472377,-0.2187710001698452,-0.2438119585212138,-0.3171155225001471,-0.3707213806577785,-0.6156835870007581,-0.6134460573303175,-0.6200770987685664,-0.5937016758213718,-0.6880850461515572,-0.650566843397077,-0.648901010097559,-0.3902733623176769,-0.4955305039260167,-0.6134670115110981,-0.6188031085938541,-0.6109713937116966,-0.5919300167449344,-0.8263325052950656,-0.7541352860821402,-0.7272611796646593,-0.19666643577754733,-0.21286923984914238,-0.3822661369818948,-0.3526091871587308,-0.4083297977170129,-0.3590498184834715,-0.3251182595755261,-0.31926335580683346,-0.3620812798941161,0.20761857008242307,0.30040580549609447,0.3122569029087575,0.3409354585417097,0.28504855877557894,0.30635183266343285,0.34209089516215846,0.34379325419204076,0.3470316287948756,0.07558477385971915,0.018120620453357657,0.1262314534979217,0.11499453524769099,0.10560388440739957,0.09420913716459703,0.288073285692887,0.2570092254644779,0.3153324431167915,0.48321946877481053,0.5693626030007289,0.7485253321148623,0.7309845653188967,0.7531266915187438,0.708333859059923,1.0,0.8493386113930597,0.8741535668658117,0.10916677506144508,0.031994445103575055,-0.0006039812399176604,-0.002105289168765233,-0.01788858687915151,-0.00697701232600434,-0.05177490698569022,0.0036214410436540417,0.018188374800829903,0.4245710803092808,0.49060785791501754,0.6425280754847089,0.6372396821402363,0.6432639433639428,0.6095263248744741,0.7011616809328707,0.6675968996444072,0.6566982235107213
O2_alpha_relative_power,-0.018476048742974118,-0.06802892693786235,0.1467385722801579,0.14589414363896006,0.03134541691920247,0.04666741137893254,0.049494608637863015,0.03564594782423537,0.125942568078472,0.004213747486255036,-0.031180819710898897,-0.2079700514290049,-0.1364653064312028,-0.2639720681846304,-0.14289370480039076,-0.24844015319582913,-0.33189010030341726,-0.20585557223660111,0.004213754614586074,-0.031180810478729407,-0.20797003310920534,-0.13646530300407422,-0.2639720636417507,-0.14289371397863068,-0.248440155727034,-0.33189009509722633,-0.2026992200051027,0.01025085034644301,-0.022230939114398288,0.20304407825708526,0.21780250852120753,0.1519339694972811,0.13937856207265337,0.15262753788194375,0.14881530063055018,0.21031117826350254,-0.00789756959947584,-0.07818407331252472,0.07789367876404571,0.08188818387241546,-0.06590560628927773,-0.04524210536412992,-0.07381573146901793,-0.06304957296741169,0.008857023055896996,-0.030329571182171514,-0.08406479369998897,-0.2612146207303818,-0.19787155103425755,-0.30436614146330665,-0.2005751519483039,-0.2824382878974623,-0.3433570903040512,-0.25460599482435503,-0.04073398996330583,-0.0718113604640507,-0.24830604589657052,-0.2417672916135662,-0.27870057279487154,-0.19414807767389322,-0.2286534340591371,-0.24108864056670104,-0.2732617464404335,-0.040733994139320044,-0.07181135790946279,-0.24830604987366423,-0.2417672869985778,-0.27870058186367874,-0.19414808258716604,-0.22865343033691332,-0.24108863206041123,-0.2655416771782111,-0.2943134658560409,-0.34702799854358524,-0.5663460763064363,-0.5886111815850643,-0.5644295203817422,-0.5732133204948034,-0.6139260528278464,-0.6886235667764392,-0.631953277296528,-0.41231657037879565,-0.5059247482145754,-0.5820461027730665,-0.6225741472692293,-0.5785217107846857,-0.6090947194550324,-0.6919632940730481,-0.8451929811443871,-0.7190760823476787,-0.1538929297156618,-0.18221760235790263,-0.3631974614237696,-0.3384856237710378,-0.3750101123671442,-0.3354920729075906,-0.3222325861431206,-0.3377311562466509,-0.349541369983396,0.21404899188298337,0.2980127196829737,0.2724850239971601,0.3178498041804786,0.2507535886691532,0.2922776276500104,0.27513344646200644,0.3408176116327869,0.3192641832467149,0.10002397095595965,0.03430491851195177,0.13842954581817837,0.16973449161500867,0.1123399287238908,0.15981218881561943,0.211436898274381,0.40394933383625575,0.38198200791236214,0.49944900484792065,0.5764129281771136,0.712974578906075,0.7517929084315663,0.7012344709462746,0.7398550503862086,0.8493386113930597,1.0,0.8787957209924135,0.13155254812886666,0.047011311304082,0.03990658005272329,0.045891591954733156,0.034703745707960865,0.047040525657912786,-0.07236723875244395,0.022586627852211143,0.06758495399744217,0.419335942449592,0.4805554579951203,0.6106855859962778,0.632217072214287,0.6118645852474813,0.6146034432741918,0.6069581545954688,0.6931130734860336,0.6311852327123362
avg_alpha_relative_power,-0.07721310290452957,-0.09351438029215098,0.23327968551684736,0.13560666646004885,0.03638899620613672,0.02932587779621251,0.10632708801382625,0.03271436511526127,0.1323334898955781,-0.0032903119456809283,-0.021356000769716627,-0.202757007075778,-0.11896073972040656,-0.27949850242450724,-0.1337360549903531,-0.2549503555273523,-0.3111298445002688,-0.19709339299021086,-0.0032903075187123727,-0.021355997787040233,-0.2027569924867147,-0.1189607401704668,-0.2794985015020762,-0.13373606688834777,-0.25495035784981884,-0.31112983721176796,-0.18651500834280946,-0.042336711122461096,-0.045792134680197494,0.28722272650813524,0.20220571612714477,0.17640460967668428,0.1082903343709616,0.210560637628077,0.15485835202568876,0.22612763859772336,-0.07508655601727598,-0.12225306349512997,0.16001180496345943,0.07119881681237905,-0.06321649471534002,-0.06758189280370476,-0.023056508346286156,-0.07032832399366194,0.012259033671431946,-0.04066355100481291,-0.07710843146733488,-0.2654314764546839,-0.1910126150658582,-0.33383059209673366,-0.20509715621451857,-0.2992723479062785,-0.3365375437139073,-0.25981206717559785,-0.08720249395149506,-0.09322730799133272,-0.330693230400234,-0.29363015560551375,-0.2938844778428541,-0.22464535329112703,-0.27276496378923093,-0.22822357607495714,-0.29801527792114735,-0.08720249896220704,-0.09322729873341025,-0.3306932396025756,-0.29363014487270556,-0.2938844879885977,-0.22464535971677554,-0.2727649618403472,-0.2282235687232014,-0.29091691299159567,-0.3677574692622948,-0.40367117341230796,-0.6403724208288035,-0.6519027054162533,-0.6482454720430585,-0.6395783284669678,-0.6524288877128461,-0.6648450417337253,-0.6676698035258776,-0.5482864631797655,-0.6468060497136847,-0.7134002769391049,-0.7420539506761491,-0.7107869503821276,-0.724593056170426,-0.7408512176028088,-0.7900261008659988,-0.8364598177449709,-0.17415155333800517,-0.18267603013204858,-0.3717414834472615,-0.3350881543962504,-0.4004221101432243,-0.33873524471741695,-0.3206649074692957,-0.3198581848947428,-0.3420569046748416,0.27343429668026714,0.3547953499226919,0.31919079167405395,0.3660223946774136,0.2927412108117586,0.3365313135121828,0.2976607272905398,0.3429837665034352,0.366699355072331,0.16977069089275254,0.12347190448653926,0.26688372870610444,0.279418177694009,0.2236436797861394,0.26494383908348157,0.19121519318380187,0.28527038256789283,0.3924895412250671,0.6858192703960675,0.7612824222678027,0.8921058079571279,0.8997437513396551,0.8908417857547171,0.8918726519315605,0.8741535668658117,0.8787957209924135,1.0,0.16913262877916657,0.11051725401731824,0.11065913458152452,0.1161507860396226,0.0747013401225279,0.1106556857896362,-0.05653562664462818,0.04450985573278733,0.1240348752344669,0.5438653846254059,0.6066677206466561,0.7212592475247949,0.7296619428685629,0.7208603145607427,0.7134943530715184,0.6654541674387523,0.7119116780103292,0.7511555739359239
Fp1_beta_power,0.13860227127634958,0.232346398873179,0.1417881831732955,0.21760254890627878,0.22735533317122716,0.14245356101833925,0.17548381239475314,0.2009258047833517,0.28430041851849785,0.3966519714757354,0.27800656828722614,0.15525318369810281,0.2558404217324738,0.1369373127712279,0.22637922680634318,0.10029635757554661,0.07333143928303973,0.2195221845499961,0.3966519730639831,0.27800656020636866,0.1552531815492465,0.2558404189283516,0.13693730961802758,0.22637923218840145,0.10029635915155502,0.07333143693777339,0.24141934182934915,-0.04846370252044903,0.07582912981048494,0.08365870479113052,0.12403137590167929,0.1761581119113272,0.05443641907714031,0.1444011863960265,0.18667595463355546,0.19012816895634188,0.33363021107457436,0.34470156166567406,0.208535826679913,0.28606351519335704,0.2628717152331387,0.223385365869658,0.19460895686747823,0.23164309396320568,0.37264746552497247,0.5167385574585195,0.358674241631439,0.18525326826101549,0.278769547484072,0.18903879517401473,0.2669484777498235,0.10140592380590666,0.08401185896039455,0.25388334479029573,0.18920648119635886,0.16674879269507795,-0.05387662546886886,-0.049155241188023766,-0.15535405365757576,0.033398858719209744,-0.16090629250038407,-0.10559120193760528,-0.05928000315224884,0.18920647180791134,0.1667488042138963,-0.053876626192898756,-0.049155243457918454,-0.1553540552768308,0.03339884337491147,-0.16090629279042262,-0.10559119872292462,-0.09447893126134763,0.491975671234594,0.3737359405441597,0.09172151994296485,0.07761377022759457,0.16729868130951905,0.13933421521938347,-0.010614170304897133,-0.012428477688977323,0.14130832083768727,-0.09529869899440448,-0.1593769914217941,-0.07912472238361008,-0.06290560423112392,-0.04654911024303246,-0.03802066119695654,-0.03928946014130605,-0.07144502439840023,-0.0850407904492775,0.5641348511765087,0.4145633319834017,0.07120702635475155,0.054276079913523026,0.12825271932735854,0.10287241157126441,-0.07400107270743836,-0.0620527695352486,0.06297991659192156,-0.10055264826411395,-0.06569413771411145,-0.14814739938226776,-0.14491132828602263,-0.18453498027483642,-0.16710590984583662,-0.16981970824731493,-0.14245957766025463,-0.1929724579638198,0.7554955664559624,0.5391794986832191,0.3508912608564942,0.2853168812930584,0.4028424519946711,0.30192778313145274,-0.006605250863085522,0.09683131568969831,0.3045224438359489,0.16423857887750662,0.21010969694631865,0.17483786889618314,0.1444761182588733,0.14750689407316886,0.10938143096727192,0.10916677506144508,0.13155254812886666,0.16913262877916657,1.0,0.6928772391845441,0.49630679041550896,0.45662257106680115,0.5418306561734036,0.4829519632268473,0.06278245194658277,0.11232855566033899,0.5112467236649545,0.12368853189624852,0.1645665044496846,0.1970794135584151,0.20011425696792828,0.15408493090517209,0.16630399364962628,0.17679006910689876,0.18465271365023952,0.22588708182933445
Fp2_beta_power,0.08124312621760542,0.11030953540106715,0.09410350169426913,0.2635022062554501,0.07060637239647836,0.2036885662495975,0.041675287083556174,0.042859605601561115,0.16946443305922557,0.4113944524291071,0.46322362913519655,0.3139442831891721,0.39889516257742463,0.25361606500205064,0.33971889595587723,0.16210678206043797,0.19105761233436883,0.350501509868613,0.41139445056479507,0.46322362915434623,0.3139442856665464,0.3988951562082366,0.2536160581375574,0.33971890841433755,0.1621067836803302,0.1910576134152701,0.36341177046005135,-0.10567917224499596,-0.10663813893693755,0.03794338246139184,0.13378206886378566,-0.013039204781108385,0.07229501921138676,0.008576323553165779,0.013393263056230948,0.0573835680442006,0.24808808912982283,0.2952418780954658,0.17647751847361393,0.3433678887955541,0.1403643646147575,0.2971139768049954,0.07155499978736728,0.0907118406882496,0.2806035999548498,0.4785261653931004,0.5517634334458825,0.32444998620520976,0.40709911685922745,0.2795901209906307,0.3658802941687518,0.15754382591924315,0.19199147797650482,0.36673552263673587,0.25807576764682405,0.2987642752526947,0.028438271147200236,-0.12767505726321987,0.02876852166008596,0.015158395464777832,-0.027893370772074433,0.10051170497242255,0.04990304812101074,0.2580757655444954,0.29876428585794135,0.028438264346153746,-0.12767505330324458,0.02876852657336563,0.015158389330577268,-0.02789336684612662,0.10051169961139114,0.0267807892957931,0.401867813792218,0.585216399870878,0.1709651273795389,0.16793344212474107,0.20177902525264374,0.22267403857492415,0.06879294871967077,0.06226141933152074,0.21943005153908848,-0.12145111767050089,-0.15338101170432325,-0.05677083887548265,-0.060248783103544326,-0.03972189581682223,-0.03337884050252663,-0.005298362603048387,-0.03076006428373216,-0.07064904965883533,0.509313334344466,0.661225917012595,0.18651524849724527,0.1961346179117977,0.2055417094740888,0.24538381124793301,0.0418486056566958,0.04871984572558305,0.198465896732092,-0.033872025866312196,-0.04548955856417028,-0.12634788299979238,-0.12204277572929714,-0.14539787367077447,-0.13247989878916713,-0.13868399351559288,-0.10750107135661222,-0.14574575140747656,0.5993880285327117,0.7848807744391999,0.3928058567566878,0.40085698218727883,0.39513045163984717,0.40632992499540016,0.002669696387129899,0.08956518567375334,0.3197531984068026,0.17404645214125875,0.18315663704148455,0.11437695303822679,0.12497257032848635,0.10615081516999496,0.08825028564564054,0.031994445103575055,0.047011311304082,0.11051725401731824,0.6928772391845441,1.0,0.4763760907630857,0.5135025944992619,0.46890530916215917,0.5108586238706613,0.06347719764764292,0.13570562726829438,0.5211036520512183,0.06826055037341675,0.13712074886230596,0.085171881879096,0.11633687018819903,0.06295899951866135,0.07094400608999657,0.07744505739559678,0.11449904911951657,0.14251202991591655
C3_beta_power,0.1894698623952709,0.17028359749277208,0.054908346000428855,0.1260141196902031,0.09458216986629628,0.23552287274199796,0.06043458206828592,-0.04127778186061044,0.17848316831305794,0.2052660927717467,0.24568090476660534,0.28405362712261056,0.374888949586518,0.22618651147095098,0.27635709922937784,0.1841910735665421,0.22101597164639655,0.28208905465439527,0.20526609172148838,0.24568091146255544,0.2840536343746189,0.3748889491571142,0.22618650242704658,0.27635711261007495,0.18419105914631564,0.22101597453412608,0.2941676837103114,0.07758152531863902,0.0667720510555157,-0.02036803632027504,-0.022239296438756197,-0.023651513214925323,0.08053284181780089,-0.012481004019905572,-0.12129338418982921,0.05169670555780526,0.25499868135487735,0.26641681233361014,0.1316539046613563,0.2144538525149733,0.17375855436339435,0.342744574059246,0.1427354013477802,0.00893416332534026,0.25375208512932335,0.2830515662021701,0.29857728672664535,0.3432649540461128,0.42309124290012706,0.29922823690552386,0.3388261820372123,0.2222521803360968,0.2511638207241525,0.33872396077084577,-0.013003389132821936,0.07848735272599214,0.03154198577521903,0.09624329259640534,-0.02768575689030275,-0.09848861481205594,0.04582240188093945,0.1451974525589505,-0.02716433471472034,-0.013003388546840702,0.07848736126957193,0.031541989002742694,0.09624329234883074,-0.02768576200709531,-0.09848862362157164,0.04582240563194209,0.14519743892837367,-0.03541568816920905,0.21830510829297559,0.26222205471845933,0.3158122818760858,0.295271459963108,0.31633287523155357,0.2934702461492402,0.23830762579726994,0.2263578035938204,0.28638330705766096,-0.2132709285423652,-0.16489154194934072,-0.13422840095896404,-0.09962059544393302,-0.13571023848234726,-0.11445206175440928,-0.021200671850076392,-0.0673140819734928,-0.12808943010152962,0.3894182997173924,0.35968676826861146,0.45508050113669024,0.441339373439448,0.45573123069874766,0.4487765686729198,0.31039657876629234,0.3236253100160366,0.438844246161184,0.11501635452034424,0.0340209326693215,0.006876354769508932,0.011394968040524193,0.009736378993961141,0.014092018084921552,0.015680187657649263,0.034674290418984885,0.023415438635752354,0.4916103905197511,0.42896802904680925,0.6610519300735891,0.5788129809471645,0.6603967758634606,0.5612518999336277,0.30238885233169366,0.3652649609967076,0.5542488141569136,0.23255369324175404,0.17763325814072134,0.14065875454767904,0.101603443991769,0.14297216903046273,0.11107059272778964,-0.0006039812399176604,0.03990658005272329,0.11065913458152452,0.49630679041550896,0.4763760907630857,1.0,0.83031973381903,0.8883274819615862,0.7927023878038215,0.5488736371378848,0.6072358291384854,0.8929632434802153,0.1030267664213616,0.10129494167026509,0.15315983035480515,0.08877625088312228,0.11537605567447275,0.09934587184533515,0.07395916734237805,0.09939820871135371,0.10758769690167802
C4_beta_power,0.12440055356627241,0.08425707341969972,0.04115848575792955,0.14641816780109695,0.04707835883139976,0.20665466057300166,0.017946454019638163,-0.09458940336358843,0.12676466463819105,0.20080140892885825,0.2670252531563364,0.29768148071480394,0.40064529904706053,0.23049257765564832,0.30391468949080735,0.1939247563528359,0.22875929862996827,0.3006553586908912,0.2008014058467734,0.267025254901135,0.29768148796196015,0.40064530285250133,0.23049257672223317,0.303914702650367,0.19392474342934615,0.22875930035833297,0.31293991181880726,0.016661199089242795,-0.01942963032164727,-0.028243462997712018,-0.007339342130725039,-0.06829867557742975,0.04524242553081321,-0.052800748376103025,-0.17222988407550793,0.0029642640899977873,0.18480826351981727,0.17882776704833364,0.11714889127467437,0.23617611238201017,0.12849255971672735,0.3197041454929837,0.10987843799254428,-0.04860493228483684,0.20460866290124785,0.26636597122907396,0.3158645571202511,0.343461153098713,0.44680197453352083,0.28690293819676355,0.36209011538613467,0.22659127109857782,0.2557364266444623,0.3478653152114409,0.03188947514291013,0.12448548564382943,0.040821733097834954,0.06238538597335968,0.004894694459829803,-0.060306968024932225,0.061094760963521316,0.18659784542366245,0.005243664295737742,0.031889471886298065,0.1244854969361436,0.0408217369118956,0.06238539129165722,0.004894687496505475,-0.06030698214553514,0.0610947547327524,0.18659783566481045,-0.0015883665250877718,0.18934764866490283,0.2846168858409358,0.3004561360636292,0.3076787983938182,0.29176681299319446,0.3017014720057313,0.23719869673640656,0.22268340873934048,0.2831849767215738,-0.22372016082054522,-0.16199633336641592,-0.10740413810803906,-0.10975074787079443,-0.11757966002566832,-0.12447562671669621,-0.01073169269241242,-0.07089194319555603,-0.12469750687404844,0.3488541980039812,0.3819417397667817,0.41460469926313565,0.44996039806032945,0.40903519242233466,0.45606963456607774,0.29831545837776313,0.31445585374690377,0.42756433517956133,0.10809026134071605,0.02623620258622109,-0.007537762318515354,-0.007133605141154971,-0.0009392061720390744,0.0014326510633343279,0.0012299763811796946,0.0254325032912629,0.00873997145778209,0.44808630759356277,0.4602515720731818,0.6119616934915694,0.623674014086792,0.6082323657039659,0.5925543158460256,0.2967451221710868,0.3715603841704232,0.5563568908635111,0.24297934694980505,0.17958563341216166,0.1269082083305649,0.11740046597903678,0.13871804051335587,0.12267617945800806,-0.002105289168765233,0.045891591954733156,0.1161507860396226,0.45662257106680115,0.5135025944992619,0.83031973381903,1.0,0.742299184256134,0.9021789215535746,0.5106942702802253,0.6327555604500794,0.8887034718227647,0.12336838913350041,0.09857782577544502,0.08285959356364947,0.16084796651298267,0.06487884452494438,0.14878304812080262,0.04819849265886982,0.11586222366259115,0.11208474177708501
T3_beta_power,0.23238944371160372,0.22164593188061754,0.035692047201621814,0.1667531187632638,0.08505844478786481,0.284970129322563,0.015396367893056399,-0.01903945772508705,0.21406804530060686,0.2606207747757102,0.27817071510409364,0.3196766218821184,0.4204619720979619,0.27922250522731223,0.3319325316723547,0.24607910577384365,0.26521130635946605,0.33162704077073546,0.26062077850502746,0.27817071514978553,0.3196766310120248,0.4204619689329076,0.27922250092933004,0.3319325414971597,0.24607909438711478,0.2652113050004056,0.3440351585588258,0.11175802299592291,0.11431173807924412,-0.04683580771531916,0.003774592404581116,-0.05065665278425631,0.12182961135277337,-0.06478863846501244,-0.11391192510750485,0.06850854466602682,0.339170856809223,0.3560159334114901,0.12191245896425341,0.2701684443088557,0.17953379115455723,0.4022522067173995,0.107024804347142,0.06602045583011819,0.31259113364332863,0.34405473828216526,0.33420776112402184,0.3697808920975953,0.4612521425011081,0.3665932385075722,0.39144709197241845,0.2767569197305014,0.2906248602600893,0.38447605898737863,0.030598335257402888,0.0895592800923656,0.061624771577752584,0.12508395721115345,-0.030674948884571986,-0.07793916507412435,0.09269234751309349,0.12379002614152872,-0.00718995010419875,0.030598336392355714,0.08955929026983708,0.06162477326545674,0.12508395298131603,-0.030674949293697164,-0.07793917654692345,0.0926923533436689,0.12379001792202626,-0.02994466281786852,0.24984003639375577,0.25433530372531443,0.30697973566433123,0.2892697974702788,0.3463633822315865,0.2970493735435998,0.2364988186093946,0.22625485673879234,0.27946591408462546,-0.19153436406562,-0.15847360729871005,-0.09667098790567923,-0.05864177375882166,-0.11652255399565653,-0.08094158282451401,0.0073946465980963775,-0.04555703256408347,-0.09392503734991046,0.4129460631891501,0.3456399087942225,0.4186694603771158,0.40203814621421025,0.4704005545525794,0.42221718188884405,0.278821307893861,0.2930768649819481,0.40193350276686396,0.10459306365246368,0.030435388941529633,-0.007133434269077554,-0.008162236576643112,-0.01258630705580502,-0.007441314003997422,-0.005911110586375396,0.008654608430532435,0.00017718912108482737,0.4996075705245769,0.3877318381144224,0.5775581762125246,0.49672503686460584,0.6514538267901183,0.49335041982751066,0.28293157473579444,0.35922722484024927,0.5183969344514061,0.19586331880116215,0.14800389301096606,0.09585912484106518,0.05406605690697249,0.10109345678815991,0.06166214378022057,-0.01788858687915151,0.034703745707960865,0.0747013401225279,0.5418306561734036,0.46890530916215917,0.8883274819615862,0.742299184256134,1.0,0.763948396431424,0.528294472893913,0.5625660076517446,0.8623880555967991,0.09016554698277822,0.10746459953380855,0.11791362643229052,0.06685810189156642,0.15454019115749928,0.09929755791809335,0.07278733587065264,0.07821654369886845,0.10108510349278796
T4_beta_power,0.17555645462112657,0.1299204955287791,0.034228146825797896,0.15404665664326508,0.06767341879767758,0.21470522596275954,0.012764505647275083,-0.07416067967511855,0.15095983420852566,0.24579159471686823,0.29685499017169886,0.3162010713919534,0.4000216163463515,0.2485910243564838,0.3207107524157811,0.18545552035921625,0.23212540572134122,0.3146882315495061,0.24579159046957588,0.29685498694144385,0.31620107770007,0.4000216167452891,0.2485910259170416,0.32071075749133776,0.18545551336291954,0.23212541142882692,0.3220080176704449,0.054331354309342474,0.014503270703851498,-0.04032238343556969,0.001378861562619211,-0.055706429398278384,0.052344320057795005,-0.05088014967515264,-0.15523389543297725,0.02066536380541637,0.25465669436348803,0.2433680078985784,0.11469527445988498,0.249335948538057,0.15425447293770223,0.34103859264018865,0.09866020734008192,-0.021445006323647132,0.23596768932153792,0.31219955083525425,0.34420706949397756,0.3608988245184739,0.44291849907651376,0.30940850973207923,0.39166789012550696,0.2184139781884245,0.25723612930392004,0.36301723333952207,0.05426939455292875,0.13365666512807978,0.05041580176748348,0.08747663305620801,-0.005425243252354583,-0.04365886199808234,0.0747822043832594,0.17496177404011995,0.012847124433058533,0.054269390183747976,0.13365667572511972,0.050415800896695596,0.08747664438387287,-0.005425251394569009,-0.04365887153968566,0.07478220427776272,0.17496176560449153,0.0020885176989065392,0.21122016372391797,0.2830247146571592,0.29709805006057804,0.29358606830142314,0.2967637551704061,0.3060452435891697,0.2273279902976186,0.21775379122841582,0.28073110142771346,-0.22008390973367123,-0.1565534188222398,-0.08602046947211395,-0.08820674109001508,-0.1042738592058172,-0.12503448788509808,0.00902728710337547,-0.054489628893172534,-0.10888062559373404,0.38374878486221514,0.3799090965656337,0.3914291937463637,0.41115405394242227,0.4000167143068071,0.4492253034020989,0.25792795205802066,0.2791354507669326,0.39472546716295737,0.10817792843803826,0.019015351772279608,-0.03297526843640464,-0.026979723863189885,-0.024131870269304623,-0.017841680952008714,-0.03111560161848543,-0.009652465399171398,-0.02033321663633086,0.4738840194181825,0.4463349276781205,0.586867821134628,0.5764623992339015,0.5954255987717256,0.5959449635524161,0.2625664210242034,0.35484232013056766,0.5361530966202951,0.23873629957864517,0.1650065526606722,0.11915721531803482,0.10602962466511125,0.12742378261795229,0.11989852833960583,-0.00697701232600434,0.047040525657912786,0.1106556857896362,0.4829519632268473,0.5108586238706613,0.7927023878038215,0.9021789215535746,0.763948396431424,1.0,0.4701761836211177,0.596506352859806,0.876791042296724,0.1150068718338244,0.09695572530062667,0.07619222127721186,0.1348557152104602,0.08246196037897563,0.2058871002634483,0.05294133077190834,0.1136596661408574,0.12152465711337919
O1_beta_power,0.1602070209112119,0.0573248456403532,-0.14674851100704858,0.013817243967989355,-0.005148864986698283,0.09497511179592069,-0.09617660721497046,-0.14307374861711222,-0.018208160734539045,0.12151895066555453,0.14986997054208107,0.32287718795301484,0.26477508408638556,0.37401743809707244,0.3028975536547478,0.43288172490667004,0.4405155340309945,0.32560136522415023,0.12151894981424631,0.14986998180295186,0.3228771937039807,0.2647750831921147,0.3740174436428345,0.30289756525159955,0.43288171152806465,0.44051554528889636,0.31261071323100975,0.12574828167358412,0.07248415946922812,-0.1973499639711562,-0.09520501662067501,-0.1915526711535013,-0.05027340457256274,-0.25346837888374296,-0.32903691620291825,-0.15560500586821696,0.150908689047298,0.09932783092342785,-0.09413354480586608,0.058183617311658754,0.10011445660787871,0.1858379911416689,0.09810113942991894,-0.047029865400384174,0.04334701732242346,0.11710755926747346,0.1426053425595237,0.362167049506692,0.3085488847362029,0.4122823465375829,0.3393180753643805,0.48756847343748283,0.4728963432457584,0.3696252682307837,0.06779008194295412,0.11290995490378342,0.2055416727619529,0.24856618909097714,0.19858352140071636,0.08753966534395706,0.30999433992283376,0.34835041197181754,0.16401042953035055,0.06779008978157429,0.11290995472147478,0.2055416883785483,0.24856618455780868,0.19858351235702948,0.08753965619336226,0.30999434429981193,0.34835039628894016,0.16287656009657692,-0.025246093895304144,0.027287723718140828,0.36121194031197845,0.36169850576813106,0.32183564224439076,0.3098913549487308,0.4331090145356121,0.41195421501587826,0.3257085907622888,-0.0872616565946723,-0.020036954631260893,0.018256409571647196,0.036096869448861146,-0.01913317147606263,0.003472203828701973,-0.020324807671419993,0.018290198301809314,-0.0068756709695557494,0.03443549952467454,0.047006201449749596,0.5090372454424346,0.5140818632497556,0.47237435864391325,0.46540487252080975,0.6133058282109284,0.5822372200081294,0.5389086187454776,0.16119239332588556,0.08513730291554882,0.14739890283577692,0.13143631035216208,0.165007773174314,0.13692062195794227,0.19944437246792251,0.16535615326572456,0.1842680323164492,0.061449146355508105,0.03254142141357452,0.4103657199626933,0.39053473345702633,0.4144608019671753,0.34321223121668043,0.6497597684064417,0.5088276956088068,0.4543879794127114,0.032525842945262534,-0.024709338701246433,-0.06012507946527354,-0.08257608112133365,-0.029206005567450958,-0.056108042764002095,-0.05177490698569022,-0.07236723875244395,-0.05653562664462818,0.06278245194658277,0.06347719764764292,0.5488736371378848,0.5106942702802253,0.528294472893913,0.4701761836211177,1.0,0.8235282214122608,0.6522883287672596,0.06964004868658881,0.045201679418905454,-0.0805998287623286,-0.11445394980847794,-0.03853362683673358,-0.07151457568030069,0.015456635345603674,-0.044300361423461616,-0.054558367913600726
O2_beta_power,0.15443935303324216,0.032979139823468534,-0.06660421591540913,0.0330077040581579,-0.019273837760907683,0.12566478214119428,-0.08263525817707112,-0.12421793558280722,0.01627124609517246,0.11397555345113129,0.16936374108161903,0.3116801358365897,0.30828964620392374,0.3127025834308838,0.30450782748091454,0.3620715247790057,0.3902423843668781,0.31544658487042615,0.11397555008939822,0.16936374667276158,0.3116801425426432,0.30828964405033643,0.31270258498983816,0.30450783367773393,0.3620715101455087,0.39024239142205513,0.3104997797331297,0.10306962446518464,0.019310166276556053,-0.12194336257836946,-0.09239681090763338,-0.1781035910219725,-0.026555776332855895,-0.21651166404204425,-0.2984707012703091,-0.11494532347240471,0.15439822374152123,0.0911949110857381,-0.010688606618489303,0.08924790381779964,0.07364337842843913,0.2309977621134212,0.08135051093037404,-0.03754492242209933,0.07701738471606835,0.12413870978240697,0.17077974529778603,0.34942770555260405,0.3484150743311582,0.35314798351632115,0.3425205393165099,0.40907144431293646,0.4291735794429148,0.35667802759643547,0.03581066183038766,0.09498972253221398,0.12160721187517048,0.20088991066104014,0.14636305291665663,0.01128654441211421,0.2544332584416706,0.29447124377309036,0.09795404696815939,0.035810663785573224,0.09498971997722347,0.12160722257159431,0.20088991226909272,0.14636304193849095,0.011286527718027297,0.2544332653898733,0.2944712409333678,0.09684350804008035,-0.013799259076474606,0.05777990462211415,0.33084081879718213,0.3338623881099368,0.2873484751719705,0.2885742049010086,0.37740109173158704,0.3756749083580649,0.29451681811794594,-0.16775340588968585,-0.10091733786094075,-0.04553570117546351,-0.043541413823284816,-0.08658123494492286,-0.07736623701931604,-0.04367355288106464,-0.06608569455124685,-0.0852462946543053,0.09005181982413112,0.12039185536808307,0.4936772221108904,0.5195563396047181,0.45690005599181327,0.4848809937562924,0.5471400320300367,0.5659366334607642,0.5402675092881876,0.17902452921290193,0.10673517292289791,0.1285678629521361,0.12831681603258732,0.15242225150671623,0.13899425520174977,0.17990483671738064,0.15812643171919546,0.17757728719466445,0.13648017503583715,0.1280054396771047,0.49759254954972026,0.5012770984726803,0.4904118630844438,0.45315228440107796,0.6160237597955617,0.5996169532668453,0.5705779454784782,0.12838091408734895,0.07416708602139294,0.025785760047109453,0.016343403225676296,0.0596219339589194,0.04268464578899648,0.0036214410436540417,0.022586627852211143,0.04450985573278733,0.11232855566033899,0.13570562726829438,0.6072358291384854,0.6327555604500794,0.5625660076517446,0.596506352859806,0.8235282214122608,1.0,0.7469019410497443,0.09921549389496641,0.06732134447003688,-0.04528894853799052,-0.04243382531542129,-0.01063614337148555,0.0017255340775003609,-0.020292332941584095,0.06846126936345133,-0.014236041934152498
avg_beta_power,0.1655805247879073,0.10989835890140742,0.04499518458958339,0.13749629731632731,0.04904663661982516,0.22139449367672567,0.010850170830761518,-0.06421181640446845,0.15055743306222866,0.24685984196107708,0.2907722398580845,0.32055399822216957,0.41498986014173106,0.26016858295758044,0.3370724296149241,0.24417424530665585,0.27255220471654623,0.33956697490185017,0.24685983927475133,0.29077224485730335,0.32055400624156133,0.41498985998583404,0.26016857836227847,0.3370724420468835,0.2441742320339602,0.27255220903714805,0.35555943551479374,0.03865983505797826,-0.001914424537567825,-0.030887062806697913,-0.01590975846209832,-0.07970166544489542,0.05467863575544724,-0.07744736655842116,-0.16858422920035016,0.008740314083754494,0.25363120318956706,0.23013536930028297,0.12469724384711756,0.23041716122980027,0.1415184636525794,0.34658293265017853,0.11879283383220048,-3.4287917898672e-05,0.24207790086348469,0.3213378730567222,0.34144473424785826,0.37383584567043115,0.4623439161884146,0.3308781836099746,0.40171066173668535,0.28433636803927026,0.30561948330006905,0.396499654349391,0.031212520242824185,0.1073803044606988,0.02890826985568693,0.09242300341194151,-0.007621227445914847,-0.08120254667044167,0.0766048863170735,0.16415014025992272,-0.011822698317209836,0.031212513460058745,0.10738031347396151,0.028908274176219856,0.0924230049886292,-0.007621228349524493,-0.08120256039734465,0.07660489162185924,0.164150128576043,-0.021904454994431267,0.22147593289626427,0.28669697676007716,0.3162315559904054,0.3092825827513409,0.3135993218586706,0.30736010525099444,0.26369145756260076,0.2517643821005135,0.3101242843562372,-0.21465835243194856,-0.16861780305178692,-0.11589303577906292,-0.10290556421736531,-0.13388836966267814,-0.1258434447771083,-0.031123019168272252,-0.08640264808871205,-0.13468307002889257,0.38070819133596007,0.3815083624074337,0.446482304321053,0.46042098997596215,0.44682083822069,0.4703172627418529,0.34377698289126674,0.36007748064104966,0.4745799584047003,0.10406947318473467,0.03550376995389978,0.007202920033167046,0.012987265078067783,0.011014861643885163,0.015963845175679475,0.018577001665332823,0.033167785301460244,0.025186417749759372,0.4842127395721755,0.45240523262280263,0.6450659162766212,0.611958703973228,0.6577246984731552,0.5948577978163996,0.3776114135038925,0.44955652862205436,0.6295756869896747,0.2231078289787604,0.17485014399964285,0.13048811065749333,0.10765971832086459,0.14215622054491436,0.11774171799830245,0.018188374800829903,0.06758495399744217,0.1240348752344669,0.5112467236649545,0.5211036520512183,0.8929632434802153,0.8887034718227647,0.8623880555967991,0.876791042296724,0.6522883287672596,0.7469019410497443,1.0,0.11620331344360363,0.10875506985723304,0.09383443704338763,0.0990389024894393,0.10268198182618046,0.12887216545206107,0.08243773450389895,0.12720028117392296,0.11611942452691193
Fp1_beta_relative_power,-0.10070703581962896,-0.07162277887594512,-0.010081136134766657,0.04514481640726806,0.016197568447074536,-0.0607550836101721,-0.01702935699286877,-0.058927283881680344,-0.031922859468175566,-0.11565104150646727,0.009127615760737725,-0.06516991489660236,-0.03475997439989606,-0.11420224301994492,-0.04829940906099941,-0.14027507985328022,-0.13840643569673744,-0.10010066774313384,-0.11565102343286882,0.009127626832589086,-0.06516990912990328,-0.034759980375611316,-0.11420224421170591,-0.0482994118706651,-0.14027508534493993,-0.13840643648865136,-0.11154685408402756,-0.004030298363462532,-0.0024530286471969647,0.029831004189261427,0.06739636254497472,0.06933337665815932,-0.029975872351643007,0.047887389657804466,-0.00851869910693475,0.021787658788216473,-0.13405788828755613,-0.08513867651919667,-0.053818444828888166,0.003926143556705159,-0.053054026637110965,-0.13328242735478943,-0.0733628680632623,-0.12379249593494146,-0.10723860288037852,-0.18488742738152822,-0.06527839371062992,-0.13446925525603326,-0.10652671685430075,-0.1846992582645518,-0.11963956379512028,-0.18539086581546474,-0.17780842276617928,-0.16709259626764333,0.025632438252477338,0.099118907144862,-0.02325785940805585,0.019494217709022807,-0.0642850522920482,0.1149848828695896,-0.06145352758803726,0.015374393279588325,0.017716196547909326,0.02563244611880611,0.09911890996417057,-0.023257851295988227,0.01949422321019931,-0.06428506305162279,0.1149848668852559,-0.0614535370561259,0.015374397267404761,0.012964686371079698,-0.7186492698693114,-0.48565474116274304,-0.47541755568758154,-0.4607184716951253,-0.514074190475613,-0.4811976284926067,-0.4189929754790012,-0.40285381164701667,-0.5489934829205553,-0.7949410676745033,-0.535145156083879,-0.46611317131596175,-0.47188773039822457,-0.5103416165834369,-0.4889229727461913,-0.4303931895483285,-0.44152780659702884,-0.5966316866392758,-0.40824440917270655,-0.3115560174453518,-0.2705805870009465,-0.22876858034487743,-0.3050444908476279,-0.24279770658217834,-0.1722632594482409,-0.1651654609362463,-0.24857876855009378,0.49269797102575474,0.3033571870455858,0.3067529511998505,0.3282097158951212,0.31388143996775375,0.32138726822864483,0.30813185433143964,0.30910665374295276,0.38732821222014063,-0.14093147594708474,-0.12362740911419659,-0.03463885416210007,-0.01504954452815714,-0.05394029502025256,-0.03048934785297569,0.04375950983183721,0.08089121779007015,0.030928533511583443,0.7619293367985112,0.5222647930995757,0.4690196736385425,0.46953353018675975,0.5121299671189262,0.4884978453776712,0.4245710803092808,0.419335942449592,0.5438653846254059,0.12368853189624852,0.06826055037341675,0.1030267664213616,0.12336838913350041,0.09016554698277822,0.1150068718338244,0.06964004868658881,0.09921549389496641,0.11620331344360363,1.0,0.71218670276276,0.6043921104053158,0.5901762196032719,0.6463260011244442,0.5994907862830853,0.4993263983172215,0.4886363092174588,0.757354761418731
Fp2_beta_relative_power,-0.0667312172891937,-0.036648205853281844,0.07944242905883823,0.060243005806028475,0.03450103579405907,-0.0029158272197141876,0.04986365553059061,0.015097070150065086,0.062110110437809396,-0.07618238772552177,-0.1163070087264891,-0.15644605780389376,-0.10766361247987499,-0.18644682226042109,-0.11667236627075238,-0.16276899463237438,-0.20369005902234058,-0.16860542448128107,-0.07618238114168159,-0.11630699548355686,-0.15644604346927413,-0.10766361764225278,-0.18644682357805673,-0.11667237167049972,-0.16276900147625567,-0.2036900453130225,-0.16596375675435693,0.012867588308646791,0.062472288243899644,0.1250819235226326,0.1141719314592894,0.12393199911500846,0.05949519699602161,0.11713873204352204,0.08873739530681839,0.1384534165783587,-0.07750320773105959,-0.09225943510734652,0.022898076151947326,0.0061744596267778755,-0.047035507352439186,-0.09508667131655255,-0.028901940476981348,-0.05485297548667934,-0.024311180130455374,-0.12634108384654252,-0.1780519017228325,-0.2213549534883248,-0.1769155717674806,-0.2420171915778334,-0.19027940268045582,-0.20884096710925734,-0.24195339177441175,-0.23293063838801714,-0.051327367585561785,-0.07231327327188015,-0.16271922772629707,-0.0731605540797626,-0.2222794269810092,-0.05898057170825426,-0.16706433545324553,-0.15970408564782548,-0.15798912507124244,-0.05132736776551466,-0.07231326822775261,-0.16271922974904024,-0.07316055083990158,-0.22227942832086064,-0.058980574981981226,-0.16706433817400848,-0.1597040713451836,-0.16032452155497198,-0.47327158329405916,-0.6348826680325109,-0.5053236475881766,-0.5143276327343981,-0.5021962330753582,-0.5333859368214076,-0.46368430655994397,-0.4653225122309112,-0.5570701880052207,-0.5253309194150888,-0.7687200514403286,-0.48410732624863806,-0.49991110774104736,-0.49301065389872495,-0.506186027228906,-0.4733131102470781,-0.48512792635083773,-0.6180760879046312,-0.3234793849921052,-0.37186511116722215,-0.321878770600498,-0.2997144113304044,-0.3313147120758684,-0.3260965744474377,-0.2324012741938301,-0.2368928283327184,-0.31375795663521416,0.2703210716322843,0.4346057942865965,0.26847254873119203,0.298848564353704,0.2499891234944916,0.27901328065292436,0.26315910035669027,0.2823923007270797,0.3328260286702083,-0.048914921629912546,-0.12440775359566567,-0.006365325642033282,-0.01757133444938792,-0.009422411050767607,-0.04105421908392947,0.02531755572927654,0.04747638895716844,0.0330797610933,0.5642162028455728,0.727477854827129,0.5302130409562745,0.5265581355189093,0.5447450284284533,0.5390064158851748,0.49060785791501754,0.4805554579951203,0.6066677206466561,0.1645665044496846,0.13712074886230596,0.10129494167026509,0.09857782577544502,0.10746459953380855,0.09695572530062667,0.045201679418905454,0.06732134447003688,0.10875506985723304,0.71218670276276,1.0,0.6453440755668876,0.6454662330756805,0.6532212753022371,0.660613206903659,0.567525233184366,0.5721231418934506,0.8108298927964722
C3_beta_relative_power,-0.06389328686441226,-0.01728085145152296,0.10495753776654534,0.08310654798696543,0.09265847451283123,-0.01856651621452474,0.11996435229673713,0.062213768886643,0.11027448881783948,-0.11992387313864818,-0.1407519239516197,-0.36492701145448314,-0.2765863306882058,-0.40406095182042967,-0.291142502988006,-0.3947502469862659,-0.41807729227245294,-0.34159121126119385,-0.11992387146362106,-0.14075190936706414,-0.364927002394102,-0.27658633253446846,-0.4040609583601242,-0.29114251298424143,-0.39475024700000355,-0.4180772879249473,-0.3314056895061316,0.01413105673276084,0.0538253743215996,0.18312321637087936,0.20055871689231675,0.25396146047353896,0.12338795971943793,0.25293193294346544,0.20831710484837954,0.23227576842347594,-0.07945024780838936,-0.08171549356268387,0.015119243352005965,-0.00976592715298907,-0.04765991796460273,-0.15150606952702647,-0.04218271157135841,-0.06347117929647784,-0.01693846976675336,-0.1515434775241758,-0.19245007130007946,-0.42552363580959063,-0.34236718016140116,-0.4505842644114479,-0.3508797790553859,-0.43956862554594195,-0.4516413487195003,-0.39909413145718264,-0.10906206521239013,-0.11372364863125681,-0.24591861487824554,-0.1512472706412913,-0.3747130748108093,-0.1585092433242901,-0.3454444221362936,-0.328352069684303,-0.28625701795375036,-0.1090620710224243,-0.1137236412672197,-0.2459186132554746,-0.151247255427378,-0.3747130780380434,-0.15850925197375101,-0.3454444241034041,-0.3283520747824877,-0.2813670509190262,-0.37967617925811764,-0.4311649920211703,-0.7924391433543047,-0.7294300514162132,-0.7260188121590103,-0.6955121030971234,-0.7073431502140816,-0.6765911275351504,-0.7200153532220734,-0.4478722332448516,-0.5014689465470308,-0.7257647117168777,-0.6599492017806332,-0.6625911474579289,-0.6268456829049011,-0.6184516724588114,-0.6070731379380362,-0.7139032023898473,-0.2621837309577225,-0.2994428540422182,-0.5120531128808536,-0.46908450323803275,-0.5033268153000655,-0.46737335325283946,-0.4389782950449868,-0.4280791136331687,-0.4844926827515651,0.19001196641309437,0.22978418684482088,0.38883700181089187,0.36583916113206544,0.31413079492031787,0.31548134790597004,0.2871324617382115,0.2974739339960345,0.3466289941417496,0.020825843211851016,-0.07374022767560269,-0.07973055364607887,-0.0869713139338908,-0.08596976855446863,-0.0849931488915713,-0.136854937027587,-0.07137482216765038,-0.03706121788999921,0.5189290814629008,0.5388251662513519,0.7465720176337178,0.6845710367815661,0.6994952156942966,0.6642733491860539,0.6425280754847089,0.6106855859962778,0.7212592475247949,0.1970794135584151,0.085171881879096,0.15315983035480515,0.08285959356364947,0.11791362643229052,0.07619222127721186,-0.0805998287623286,-0.04528894853799052,0.09383443704338763,0.6043921104053158,0.6453440755668876,1.0,0.8720505415983298,0.9115320037864054,0.823496786032342,0.7930734559629046,0.7560881904461225,0.8965549936299888
C4_beta_relative_power,-0.11191734498198184,-0.06908545256126493,0.13984971492791856,0.11397309884384986,0.04003595605858539,-0.008501664307560596,0.06839070620771494,0.026405702439547606,0.10354895529036327,-0.11071299026930022,-0.12788890017421478,-0.3389801385557472,-0.273070856240736,-0.38825701841317545,-0.2876589864267151,-0.3905314668837529,-0.4194539185475234,-0.33092516478648576,-0.11071298716196022,-0.12788889245839732,-0.33898013200660215,-0.2730708552300963,-0.38825701964716064,-0.2876589920457052,-0.3905314722350386,-0.4194539168572795,-0.3193432144894705,-0.033636149569023104,0.00046832310559911206,0.21442289503814263,0.23595372172698229,0.2040830241806635,0.1433675065323876,0.20943646383041156,0.1829943449921646,0.22868277317980665,-0.11667130816766115,-0.12293737102020758,0.05444806092967655,0.01768433468846135,-0.0912819109797333,-0.14418604443136193,-0.08993106529949436,-0.09212672396122457,-0.01922368051438853,-0.1424985622322691,-0.175745876091633,-0.40002458973321586,-0.3440782175750465,-0.43750732789949487,-0.3518912021200931,-0.4395703460891058,-0.4576969847443695,-0.39186466345708376,-0.1029479188331516,-0.11588118307971011,-0.28665850859819036,-0.19058332885585075,-0.3681260939637176,-0.1851447659799148,-0.35015531170704584,-0.31713653079221904,-0.29997461539122794,-0.10294791900347365,-0.11588117239351303,-0.28665850925482206,-0.1905833200174882,-0.3681260995199312,-0.18514477101507312,-0.3501553172688852,-0.3171365292975536,-0.30628401055533916,-0.3667166271470501,-0.4139504028172538,-0.7218077787370973,-0.7945239470005226,-0.6798018653587048,-0.7423428992481863,-0.7045649811523911,-0.6981818749144199,-0.7182056331524486,-0.43584708374752745,-0.5044627820836313,-0.6420423311735075,-0.7279148298698876,-0.6033931727092406,-0.6741202419318334,-0.6033100983305085,-0.6247484109103052,-0.7102115518978049,-0.25697104586728764,-0.2786230409608561,-0.5029719575462994,-0.5053766908381667,-0.49988151318898744,-0.497976534604465,-0.4524518261838321,-0.4486977900785471,-0.4961173780106574,0.16995286914533955,0.21828192690052498,0.3170772943981662,0.3971492060472125,0.2650865967266616,0.32879805406244156,0.2642567896178217,0.29477958471564336,0.32661871045990387,0.02792662977744704,-0.04251507339010662,-0.06949971909606728,-0.08555497485115353,-0.08040116019862913,-0.08227878378396837,-0.14982678034604502,-0.07328129529545935,-0.03194126747135735,0.5167092114652545,0.5493340404686732,0.6906533222364879,0.7477004226725642,0.6622860768472847,0.7101392838896999,0.6372396821402363,0.632217072214287,0.7296619428685629,0.20011425696792828,0.11633687018819903,0.08877625088312228,0.16084796651298267,0.06685810189156642,0.1348557152104602,-0.11445394980847794,-0.04243382531542129,0.0990389024894393,0.5901762196032719,0.6454662330756805,0.8720505415983298,1.0,0.8190411283247636,0.9187024115727007,0.7709625071578079,0.7859340006749307,0.8965565190688682
T3_beta_relative_power,-0.11552158245431718,-0.07901017587832028,0.08957363658987658,0.04787450758998333,0.03205085597298835,-0.07381695955751046,0.05747887109380228,0.023748605519533405,0.042612842317531645,-0.10162301292199317,-0.0961031378485775,-0.28898155106187623,-0.2176629351502499,-0.35344076348046566,-0.22350387636757038,-0.33892189202012685,-0.3571198743711944,-0.28182292584328317,-0.10162300966492979,-0.09610312629102823,-0.28898153636824847,-0.21766293168977685,-0.3534407672954268,-0.22350388803954316,-0.33892189421139207,-0.3571198725337694,-0.27535398958366664,-0.03879875039989583,-0.0116431839101577,0.15747381092490967,0.15194326377689885,0.1821585469620023,0.05282637396340116,0.17934266285715667,0.14787581680280673,0.15344607159411885,-0.11393771058408839,-0.1153958647920493,0.009626007926925662,-0.0318814545611269,-0.09381405417131604,-0.19200604039707073,-0.08415681052109397,-0.07995776471866069,-0.0703486269478129,-0.14633607504595392,-0.15818733214881814,-0.35766832156604367,-0.29077687063140295,-0.40754141213443695,-0.28974003789075065,-0.3867258329641937,-0.3944712066515709,-0.3480273478572481,-0.08563162011704564,-0.08288138210503748,-0.23044220606605473,-0.12631720015560968,-0.3021546758020686,-0.09752049469975928,-0.2762153634012968,-0.2728104799050982,-0.22431393200369387,-0.08563161996857652,-0.08288137410978601,-0.2304422030775276,-0.1263171899103671,-0.302154681352923,-0.09752050386464828,-0.276215362697083,-0.2728104856641593,-0.22418144666885792,-0.42987737681818017,-0.4524168092145192,-0.7370129092986352,-0.6925445807952552,-0.7733191271653215,-0.6796749692028052,-0.6841420620600746,-0.6479573166684235,-0.7132882654303077,-0.48310840714083975,-0.5177461359913123,-0.6703369315596693,-0.6358859329235547,-0.7290316065952619,-0.629453163898252,-0.6232492228261873,-0.6131914376708681,-0.7232481299757099,-0.3012474295745869,-0.3089420185054291,-0.47947235935892857,-0.43133984013502297,-0.5084398621253289,-0.4356548842142749,-0.39694935516535423,-0.3793541116498124,-0.4503514479756618,0.21652404147144425,0.25424355489865136,0.3641026665690054,0.36610063117254155,0.36662983610188193,0.33021557330815915,0.3101401398777211,0.32106991354119696,0.3693620225791654,-0.026322358511919074,-0.08943555641613403,-0.07829507391572302,-0.07439148784332666,-0.09788774924301259,-0.0696928268052978,-0.08674276517376452,-0.023126945819932538,-0.011593226534749722,0.5414318267806676,0.5473269690054884,0.6950363510496622,0.6580453173491846,0.7387005208014837,0.6599870948573676,0.6432639433639428,0.6118645852474813,0.7208603145607427,0.15408493090517209,0.06295899951866135,0.11537605567447275,0.06487884452494438,0.15454019115749928,0.08246196037897563,-0.03853362683673358,-0.01063614337148555,0.10268198182618046,0.6463260011244442,0.6532212753022371,0.9115320037864054,0.8190411283247636,1.0,0.8120231202834037,0.7792393576092208,0.7335428181770056,0.8939313858354833
T4_beta_relative_power,-0.08130556893339737,-0.049399124394013755,0.11338934856495615,0.07605086060989781,0.0440477593453912,-0.013025651770070883,0.06755667763116648,0.020313542371316905,0.08869482657479666,-0.130356831896968,-0.14189643937285185,-0.32588924209675846,-0.2646202081512534,-0.3776370559565298,-0.30114415351417156,-0.3808686234851831,-0.40715554998348713,-0.3289785878905312,-0.13035683582179824,-0.1418964318833561,-0.32588922884130994,-0.264620206408597,-0.3776370548751889,-0.3011441591695203,-0.3808686274058927,-0.4071555483079528,-0.3218555984468603,0.002133828801506031,0.02706176070872345,0.1830643235130443,0.19324505764641464,0.1978597625836279,0.13732830223861794,0.19836283526823273,0.16219166699497242,0.2077775983878617,-0.09998858466207262,-0.10822356769633543,0.03033716799104486,-0.01483415223885586,-0.08060645307717883,-0.143073151903491,-0.08073309639022995,-0.09676051335518843,-0.03397851466624096,-0.16398234423291533,-0.1939691533761869,-0.38138108575887825,-0.3306457540803322,-0.4191428395767601,-0.35362878599878694,-0.4234544391848239,-0.4405027823865321,-0.38333331502256285,-0.12930285418290138,-0.1338540876613847,-0.2581177197627416,-0.14311385856701342,-0.3501858873306478,-0.18471070667175055,-0.32350004355125955,-0.29499958183559555,-0.2838340492212521,-0.1293028547824663,-0.13385407951830106,-0.25811772054882615,-0.14311385151061465,-0.3501858916116386,-0.18471071226618035,-0.3235000452481361,-0.29499958454602265,-0.2853531775437598,-0.39593919604833394,-0.4539589595861806,-0.6803755855464564,-0.7396797804104003,-0.6581481371802606,-0.7730543847205836,-0.6638815946020493,-0.6614454702567519,-0.7031896227438158,-0.4541489715911684,-0.5186584577085614,-0.6241067053938596,-0.6889799579254845,-0.6087200827773463,-0.7374109573528681,-0.5861758348030764,-0.6170957164672419,-0.7127370338183687,-0.2693209455536014,-0.3083704960409101,-0.4529098743678355,-0.45421803314245895,-0.45792810928133615,-0.4686293163670678,-0.40679912292133624,-0.40546070963908043,-0.45459271917594785,0.19833303163008686,0.2379467531391861,0.3225787241978149,0.38982004502670575,0.2829476584580601,0.3898314900403207,0.2781263922170227,0.30803130720789346,0.34948230797905927,0.002790944240951228,-0.08672951005583598,-0.048997350126699805,-0.07676411341527231,-0.06024674466503607,-0.07236361694094567,-0.11629218116767846,-0.04232957919780555,-0.013769154409251265,0.5239233254607252,0.5480689874510284,0.6636185902773296,0.6967802353139047,0.6516362097406112,0.7377632251912534,0.6095263248744741,0.6146034432741918,0.7134943530715184,0.16630399364962628,0.07094400608999657,0.09934587184533515,0.14878304812080262,0.09929755791809335,0.2058871002634483,-0.07151457568030069,0.0017255340775003609,0.12887216545206107,0.5994907862830853,0.660613206903659,0.823496786032342,0.9187024115727007,0.8120231202834037,1.0,0.7391710652362804,0.7596364473674697,0.8847260012276349
O1_beta_relative_power,-0.03521082317432987,0.0006594327522119697,0.10263915194082159,0.09232925223027175,0.07817201509824062,-0.004174738225111501,0.08432377537378344,0.026861357815472074,0.11321751465341641,-0.14479330853523256,-0.18871296111473507,-0.37571798778912957,-0.31846760740754027,-0.4025180619433097,-0.32121086136070137,-0.44354807130045104,-0.4504176023682955,-0.3779311127571691,-0.1447933115573998,-0.1887129465312799,-0.3757179827072786,-0.3184676070495695,-0.4025180643135253,-0.3212108725234318,-0.4435480780136162,-0.45041759649211,-0.37038639694916664,0.04518913346772087,0.09252757164350356,0.18377077612385595,0.22538204513415103,0.2311985222512937,0.15964725898125745,0.2307570315587077,0.1909590400227989,0.23803906890287804,-0.07031496446167951,-0.08588525300871543,0.0097090173176671,-0.01313631445111375,-0.0644745098721318,-0.14187148331961877,-0.09134179785629734,-0.10524712080063052,-0.01995852468934328,-0.17438449489169758,-0.23279731854637933,-0.4265227904250476,-0.37320524102208213,-0.4408321236745463,-0.3733661021822313,-0.48059293276713083,-0.47897644447682625,-0.4289944965403178,-0.11088727267158713,-0.1320310743814549,-0.25522725450036915,-0.15110838414523092,-0.3673272779222638,-0.18977150022446337,-0.346412427028519,-0.3175627274968966,-0.29291189822438984,-0.11088727137804621,-0.1320310680425098,-0.2552272457455768,-0.15110837786495093,-0.36732728249167723,-0.18977149961351378,-0.3464124297295871,-0.31756273167212806,-0.2930792176188552,-0.31869710871682333,-0.3827336675826483,-0.6563962749490998,-0.6561174166493812,-0.6340948942054977,-0.6270650544650306,-0.7795938661732328,-0.7054559422526123,-0.6840647670026022,-0.3648808705632,-0.4454799998910275,-0.5800963917303873,-0.5845578402233623,-0.561088692355727,-0.551810303011679,-0.7058465903726437,-0.6203627422398857,-0.6480570137911957,-0.2274812952582828,-0.2676222403949699,-0.4430926998910131,-0.4221325116488552,-0.451984220264021,-0.43149825623500654,-0.45970680760553523,-0.436494706355342,-0.46613946508399623,0.15222760521867432,0.20523876971287444,0.3043550827731095,0.32701550274749747,0.26529452844292933,0.27714790436143194,0.35575809899205807,0.33026526893369323,0.3166537469373952,0.03381113992933607,-0.05416720569754235,-0.0706818821181309,-0.08429583771824149,-0.08230224710263376,-0.09138591460523816,-0.17487945343527023,-0.1296568064608016,-0.08437512531397334,0.44156332692018735,0.4845565135594264,0.6257544560987719,0.6182514600658556,0.6140977299444248,0.5986094885184415,0.7011616809328707,0.6069581545954688,0.6654541674387523,0.17679006910689876,0.07744505739559678,0.07395916734237805,0.04819849265886982,0.07278733587065264,0.05294133077190834,0.015456635345603674,-0.020292332941584095,0.08243773450389895,0.4993263983172215,0.567525233184366,0.7930734559629046,0.7709625071578079,0.7792393576092208,0.7391710652362804,1.0,0.8399613738875097,0.8281714244634044
O2_beta_relative_power,-0.09660543526376869,-0.07428697040432283,0.13338452324942068,0.09984138889764688,0.027939534667356197,-0.010008735607568344,0.09161104399880711,-0.024967472155173837,0.09480041815841297,-0.12369563795425177,-0.1655949983626107,-0.34332206280701594,-0.2719574024723357,-0.3907700716985841,-0.28644814929476775,-0.39206477792180905,-0.48145879981549927,-0.353316331032718,-0.12369564344392517,-0.16559498376854467,-0.3433220525865256,-0.2719573965986897,-0.390770071441726,-0.28644815796547085,-0.3920647878060713,-0.4814587966048768,-0.34348353975436385,-0.03155294166256826,0.0035163162317342627,0.20366871958931176,0.2204392489547624,0.1820558451541679,0.14046557396254475,0.2224066284502031,0.14804826655261255,0.2170950744575038,-0.1179224434995312,-0.14693090405581938,0.04833007100387763,0.004699372437347589,-0.09646894865601385,-0.13434812697100823,-0.06862774271591877,-0.160195843277551,-0.032494858822277914,-0.14938973694672464,-0.20702819907589606,-0.3937611115875724,-0.32848144598495266,-0.43042012551221376,-0.3427782630736472,-0.4345260015175822,-0.5105974933532728,-0.40637263671867196,-0.13921225182244495,-0.16411463967264073,-0.3069568761215639,-0.2235357262649459,-0.38750603999547767,-0.25399562745979876,-0.35818962094039775,-0.33616349800164425,-0.34783487498966037,-0.13921225186272837,-0.1641146346419927,-0.3069568737208499,-0.22353571688602622,-0.38750604813252326,-0.25399562643033696,-0.3581896235778098,-0.33616349566505915,-0.3416955896361337,-0.2961092120030753,-0.35599307797737545,-0.6192901325053155,-0.6408596847991128,-0.5994085515927382,-0.6200430059776343,-0.7034851191087848,-0.7886575114613605,-0.6792662605706741,-0.3831894670763594,-0.4805652658160715,-0.5788862103208862,-0.6091938540546749,-0.5560376608273883,-0.5843701680224629,-0.6389794862126398,-0.7163537042078308,-0.6713493900220231,-0.20154679918757418,-0.22657611321603188,-0.42139195176471983,-0.40301495966719586,-0.43381433453238233,-0.4115317629917941,-0.42786595039307396,-0.4635011324551292,-0.44794941410902467,0.14872906467559585,0.2181267168162764,0.27293114032244814,0.31242250309295855,0.23246544620470339,0.27438092869602393,0.28187103753891396,0.3862559226913922,0.30108243969807896,0.07016314852205514,0.003944117821226769,0.007545003456197674,-0.002490384966226961,-0.012732547162445308,-0.012669160381267667,-0.12944094424348795,-0.10659331116280996,-0.009115584567296234,0.473335986157665,0.5352864905974076,0.6517708723732335,0.6640983554769887,0.6380496819018158,0.6517777628363438,0.6675968996444072,0.6931130734860336,0.7119116780103292,0.18465271365023952,0.11449904911951657,0.09939820871135371,0.11586222366259115,0.07821654369886845,0.1136596661408574,-0.044300361423461616,0.06846126936345133,0.12720028117392296,0.4886363092174588,0.5721231418934506,0.7560881904461225,0.7859340006749307,0.7335428181770056,0.7596364473674697,0.8399613738875097,1.0,0.8197418191683614
avg_beta_relative_power,-0.129616259573683,-0.08021166645098231,0.12399171106425666,0.08221247662762994,0.03559961277049686,-0.04218733811227803,0.07497551062437714,0.011066508869244757,0.07341147628604383,-0.12065790350726444,-0.1337320435222481,-0.3053336456744965,-0.2398480392539654,-0.358349730019495,-0.2498937359456455,-0.36039512144768937,-0.3950135056040738,-0.30842277401583407,-0.12065790000875401,-0.13373203226334204,-0.3053336343629786,-0.23984803942070604,-0.35834973265226405,-0.24989374439622802,-0.36039512651248656,-0.39501350105132854,-0.29848314199565207,-0.04686346241085087,-0.0009449858351153577,0.19419335547471367,0.19388999823314965,0.19087243284365313,0.09176858836698765,0.20374577382808634,0.15747616904845013,0.19444686584913098,-0.1359335669447535,-0.13886014120997464,0.042699187903386435,-0.005859286375024115,-0.09044636149316303,-0.17005048299792258,-0.07521399715705541,-0.10451434845802464,-0.04409827641583998,-0.1629653529891604,-0.19059883192590588,-0.3751605694729436,-0.3163735014262253,-0.41820371475821266,-0.32111053222542474,-0.4121666749319101,-0.43666561502819484,-0.37725942933310525,-0.09426407066244094,-0.10467570439489643,-0.2729420986183143,-0.16771247773936881,-0.3484886994294918,-0.13947893062484057,-0.32406543798171056,-0.2951001064904475,-0.2681907463594721,-0.09426407106820384,-0.10467569698753211,-0.2729420968343661,-0.16771246715107102,-0.3484887034562876,-0.13947893567572156,-0.3240654412043459,-0.29510010745013004,-0.2705517964343646,-0.46526520981922387,-0.5019401095678283,-0.7205600399033804,-0.7269523050432729,-0.7074313259087203,-0.7129377214750481,-0.7081083438489985,-0.6974485666282122,-0.7270149199343467,-0.5568783257392131,-0.6211756191118071,-0.6422507798637348,-0.6604024002300198,-0.6373397486025464,-0.6482230180224788,-0.6362951775617989,-0.6381314716374494,-0.7461847267909013,-0.31242639452274484,-0.3242772645378959,-0.490636777470982,-0.4643123538753548,-0.5062644208344664,-0.4727727505784033,-0.4267710873477153,-0.42610751557348164,-0.4794567730455381,0.23611762435861186,0.2828303466762527,0.3159441157868644,0.35131389012364905,0.2784011342055286,0.31098822512004265,0.28942683199051394,0.31567742291935846,0.3410103487137839,0.0021588102018559596,-0.060985787131224906,-0.06620554538633427,-0.07106472005707778,-0.08450839851782696,-0.07152884653197483,-0.12149662116217652,-0.06707277959039469,-0.03069255311592065,0.6188760301760042,0.6437562400571281,0.6921729912634731,0.6941494100242178,0.6930016404355588,0.6913184912455289,0.6566982235107213,0.6311852327123362,0.7511555739359239,0.22588708182933445,0.14251202991591655,0.10758769690167802,0.11208474177708501,0.10108510349278796,0.12152465711337919,-0.054558367913600726,-0.014236041934152498,0.11611942452691193,0.757354761418731,0.8108298927964722,0.8965549936299888,0.8965565190688682,0.8939313858354833,0.8847260012276349,0.8281714244634044,0.8197418191683614,1.0
