,Fp1_mean,Fp2_mean,C3_mean,C4_mean,T3_mean,T4_mean,O1_mean,O2_mean,avg_mean,Fp1_std,Fp2_std,C3_std,C4_std,T3_std,T4_std,O1_std,O2_std,avg_std,Fp1_variance,Fp2_variance,C3_variance,C4_variance,T3_variance,T4_variance,O1_variance,O2_variance,avg_variance,Fp1_min,Fp2_min,C3_min,C4_min,T3_min,T4_min,O1_min,O2_min,avg_min,Fp1_max,Fp2_max,C3_max,C4_max,T3_max,T4_max,O1_max,O2_max,avg_max,Fp1_amplitude,Fp2_amplitude,C3_amplitude,C4_amplitude,T3_amplitude,T4_amplitude,O1_amplitude,O2_amplitude,avg_amplitude,Fp1_rms,Fp2_rms,C3_rms,C4_rms,T3_rms,T4_rms,O1_rms,O2_rms,avg_rms,Fp1_energy,Fp2_energy,C3_energy,C4_energy,T3_energy,T4_energy,O1_energy,O2_energy,avg_energy,Fp1_delta_power,Fp2_delta_power,C3_delta_power,C4_delta_power,T3_delta_power,T4_delta_power,O1_delta_power,O2_delta_power,avg_delta_power,Fp1_delta_relative_power,Fp2_delta_relative_power,C3_delta_relative_power,C4_delta_relative_power,T3_delta_relative_power,T4_delta_relative_power,O1_delta_relative_power,O2_delta_relative_power,avg_delta_relative_power,Fp1_theta_power,Fp2_theta_power,C3_theta_power,C4_theta_power,T3_theta_power,T4_theta_power,O1_theta_power,O2_theta_power,avg_theta_power,Fp1_theta_relative_power,Fp2_theta_relative_power,C3_theta_relative_power,C4_theta_relative_power,T3_theta_relative_power,T4_theta_relative_power,O1_theta_relative_power,O2_theta_relative_power,avg_theta_relative_power,Fp1_alpha_power,Fp2_alpha_power,C3_alpha_power,C4_alpha_power,T3_alpha_power,T4_alpha_power,O1_alpha_power,O2_alpha_power,avg_alpha_power,Fp1_alpha_relative_power,Fp2_alpha_relative_power,C3_alpha_relative_power,C4_alpha_relative_power,T3_alpha_relative_power,T4_alpha_relative_power,O1_alpha_relative_power,O2_alpha_relative_power,avg_alpha_relative_power,Fp1_beta_power,Fp2_beta_power,C3_beta_power,C4_beta_power,T3_beta_power,T4_beta_power,O1_beta_power,O2_beta_power,avg_beta_power,Fp1_beta_relative_power,Fp2_beta_relative_power,C3_beta_relative_power,C4_beta_relative_power,T3_beta_relative_power,T4_beta_relative_power,O1_beta_relative_power,O2_beta_relative_power,avg_beta_relative_power
Fp1_mean,1.0,0.9017817340423265,0.26330176308193004,0.4215266264212138,0.7064280275740527,0.4948305629665637,0.6462677106793868,0.5519632387385723,0.7989951710425514,0.29508994683161405,0.24504548573743373,0.237987996339582,0.2456828264408504,0.2574439282792106,0.23912353674647188,0.2205140899626781,0.09774643833912014,0.24305558489619705,0.07105975576143857,0.04737996269121843,0.05518632112831551,0.060609382622388845,0.055510441077990885,0.062092294191217694,0.05595449751469272,-0.04429069357473059,0.028872715326048366,0.8939341543872116,0.7848274543495313,0.18952258605666158,0.32937922176981616,0.5767559968097181,0.386189569785936,0.552807653798317,0.4928374725260573,0.6541954550072264,0.9019678288593445,0.7703759232172755,0.31147711694765684,0.466776619048444,0.7169030493209809,0.528867757850842,0.6375892625870577,0.5213061692238139,0.740079068551961,0.21972549288895024,0.17340347803822087,0.20075448159608258,0.20372088085924311,0.2258503863124162,0.1996140280127363,0.19192797316419002,0.12128608533865602,0.2025292172567664,0.2527944793665336,0.3704323518116235,0.08194916375787457,0.0480268528244838,-0.30157493401746327,-0.15888205177376247,0.1390566558060781,0.04949219991784704,0.0773055326832234,0.3498881036500504,0.44496155896115863,0.01266122622281947,0.011239494549127831,-0.3792913306873816,-0.20645616234565184,0.3085988515953729,0.0013759659248690395,0.08477914499362521,0.006512743448783564,-0.004960230708239927,0.0014660610639216723,0.003785087657000634,0.0023384366031992117,0.004030408139906715,0.0019583053156475142,-0.045517156177000605,-0.01222413370585392,0.01547430371318181,-0.01648574199455432,-0.0008157394226800046,0.03672375670008215,0.02297835915980724,0.031146544503345697,0.01836929337669899,0.012996311686779529,0.018218935057278278,-0.003619016101948815,-0.008192156305549377,0.0011202190797166636,-0.0016491508968859041,0.0014216876709471332,0.00021426882629543923,0.004980142256573473,-0.04519308726141814,-0.019651979959854234,0.08102799799971165,0.048588309147367954,0.01587550465515597,-0.006995969609144161,0.01503282305391062,0.0037726161089742254,0.010932395648558904,-0.0013867417881713408,0.023581241380265554,-0.005297573021862813,-0.00941239078968532,0.0038472270014109286,-0.0037007516877881445,0.002278312245883456,-0.001353743262749019,0.0015639659231082563,-0.03872621537033306,-0.01932764614962211,-0.020937888616970685,-0.013949507518424897,-0.0050415437424644926,-0.03685354966242202,-0.022606870172600334,-0.04923608678240045,-0.02820915059694944,0.003879182588882085,-0.02457017701266143,0.0004741391289057992,-0.005287706793537616,0.0023099467170383664,-0.004470629304296503,0.002944604068058468,-0.0005417988118780959,-0.009220786786962488,-0.04204279699271136,-0.027818471283575202,-0.12876609808925446,-0.006099528992031542,-0.029752638333793727,-0.05401655728685605,-0.07619940472192813,-0.025991777902780164,-0.0323491785946137,-0.0666925210357013,-0.06976306537751936
Fp2_mean,0.9017817340423265,1.0,0.2757526292278464,0.3984184479604137,0.6996347515376385,0.4782721245458194,0.6511586563259758,0.6477275650615828,0.8132228302631678,0.32580469986052596,0.32251818230963764,0.2721936070747311,0.2821161982545018,0.30303169220721016,0.2707913600653965,0.2559163164308578,0.1505194393571337,0.2918729784760285,0.07499942323009424,0.09054971351414218,0.0670375094013186,0.07135868368766152,0.06821040235878377,0.07185543882763012,0.06720721967438642,-0.011942287432743759,0.05516884915387283,0.7790065693741123,0.8428642463565993,0.18781463666037973,0.29418298339360915,0.5516120212909014,0.35677227658649296,0.5444064968341711,0.5645964819289798,0.6438281560286762,0.8391375069124705,0.8858340428644723,0.3347526671306994,0.4589484664333813,0.7281958961136952,0.5274450261879802,0.6546765359753027,0.6239324553337012,0.7741501741432415,0.26022563717574365,0.2537087366191165,0.2376157369815294,0.2410716194340329,0.27256479386111926,0.23418908998888074,0.22602103823023362,0.1737066583031228,0.25174000340911784,0.3249123550864873,0.48194883195719956,0.17026626894033506,0.07893635893688614,-0.1225889742326085,-0.09839169563430523,0.1258952129317073,0.1429724846148526,0.18811198525149322,0.394267459013872,0.5110664633350719,0.08967479579407578,0.03235545281238601,-0.1803146096045608,-0.18377163116871195,0.2950170820023594,0.08682809397923998,0.18951377258480184,0.008962786342738166,0.02594495132285155,0.007735748728352475,0.009984078077707157,0.008793513747169397,0.010143759430363004,0.008463102085388509,-0.020966770489807905,0.0034190606098682616,0.05167517557777767,0.03291222717029979,0.03940448259952617,0.08864259494009392,0.07021478568260488,0.08532568372545554,0.08120160399174715,0.08454741498941191,0.08079546910337213,-0.007000309398819266,0.00258660237759739,0.0012693312552981637,-0.0047045958091303484,-0.0004156684918292749,-0.0015516562863989284,0.0018301060161182608,-0.02598734015316456,-0.011594684370673857,0.06061231796754632,0.011611364124396286,-0.0006718877805559132,-0.02955850082643996,-0.0074844378113046945,-0.022016580122179434,-0.016732177708431994,-0.03627721181374747,-0.008890371770555834,-0.013489169352540718,-0.0044227177430323315,0.004095733311272738,-0.012864112219421334,-0.0014358679232231734,-0.00818251778412139,-0.0053043286910979945,-0.023148260983640836,-0.015848705886246178,-0.04850320209566825,-0.04661577208672309,-0.04132042679223656,-0.08828067649397704,-0.059191805208057426,-0.10136633459878495,-0.08980776769134059,-0.061321000185413824,-0.0797207592073354,0.0006418887855308993,0.005691763921015592,0.007351451328587622,-0.0039969745219921304,0.0065647955469363825,0.002061077517968318,-0.006174723783776513,-0.024191820786092798,-0.013759725527678922,-0.15885130924259672,-0.03819233003680171,-0.07028411973067478,-0.0945841394187025,-0.12431758172220232,-0.06395914616355458,-0.06608062046108985,-0.10307612807293465,-0.11736498312773547
C3_mean,0.26330176308193004,0.2757526292278464,1.0,0.40243237766022444,0.45636519107024753,0.4961043516016224,0.451368635382186,0.5630073216746667,0.6762877786429579,0.15377909325823036,0.1134016075499937,0.12046559271693771,0.13594263991623579,0.1256044081789815,0.12426967465953367,0.10580633412372276,0.03980116781769589,0.12059854773378875,0.030327906660694053,0.019450155279020484,0.02163056853249025,0.027146976973218922,0.02253869055710284,0.024527178714985807,0.020024676304807486,-0.02266634963057536,0.009715909405617978,0.21980649177748235,0.2280838572496176,0.9408488415999714,0.3549665633172897,0.4035950707049274,0.4339446698532546,0.4181378321582867,0.5433880792052413,0.6035701215623749,0.24906458038808946,0.2363457728243357,0.9177716555453732,0.39731145507150595,0.4335717838369499,0.47156036340474994,0.41175812399270306,0.4884711209337889,0.5756229689612644,0.08933065263659559,0.06477158385134135,0.06478637832805163,0.07090216374166516,0.06752065057342192,0.06712112691815257,0.04771970057126496,0.021457691705323814,0.06417681121675844,0.08770184223896993,0.2411558457097367,-0.7949386453071585,-0.567114642926554,-0.1433988795220804,-0.4152445518514053,-0.06240236511979131,-0.010042542939631072,-0.31534601365026904,0.21751017948928486,0.3559327246645457,-0.7883253739113797,-0.5441791058969354,-0.15051575107449588,-0.403728156264263,0.12540161999504476,0.016911175957557374,-0.21178578459912245,-0.004511875425804341,-0.008857428534764181,-0.007893773906278824,-0.006590614178974498,-0.0059096505793550195,-0.007143686199246865,-0.009562175044835633,-0.025566163963020902,-0.014119655691235083,-0.03460980661742515,-0.10002005208765335,-0.09807483008105491,-0.1358290200693485,-0.08305427995429422,-0.09316624330051826,-0.123435462671948,-0.1206283784283839,-0.11941535568568423,-0.023294150451154273,-0.011093901325522766,-0.026119616573125164,-0.029914132362605594,-0.02650532621800225,-0.026096143453826392,-0.02485247149058826,-0.03114570924084423,-0.033012108965644424,-0.11482475562610064,-0.0648761112861035,-0.10582417967963456,-0.062315869780000456,-0.12874773920254323,-0.1023854470090027,0.00907024997335654,0.01855658863552741,-0.08516462458859475,-0.016992190451701198,-0.010760409374547539,-0.020984848997665145,-0.02531502213245754,-0.0214499511321804,-0.023038105636880683,-0.03322317351791368,-0.027524039548081875,-0.030557717245829247,0.1827582526709825,0.23701454594560753,0.2566474490670173,0.2680138324863446,0.2487997398978223,0.23629669184588348,0.13610497948257316,0.11241461894960852,0.24172319976344925,-0.017139717472701016,-0.012968003766563766,-0.02225502725302293,-0.029330058748188125,-0.021487525705479866,-0.0212088794464206,-0.03164230308484024,-0.026488163876826905,-0.03276500522633772,0.0028105340555845005,0.023106147450593483,0.09995715616532815,0.13555959734150239,0.0874037665678133,0.10927747528637732,0.14298485218612897,0.15799105563716836,0.11130143155224675
C4_mean,0.4215266264212138,0.3984184479604137,0.40243237766022444,1.0,0.4910113634656179,0.6948687712700118,0.38368547914037565,0.22224916222753477,0.6628475506536804,0.05932312316016107,0.07510658212982171,0.016536826035889587,0.02766066678176604,0.027021063728218768,0.02803122811854382,0.017116710280866764,-0.0012388634936793316,0.032008138790539625,-0.005663311060688675,0.009920413627260713,-0.012717644724838908,-0.008388991791945502,-0.013165663084162135,-0.010298442618915596,-0.01110193577950713,-0.0212402597000112,-0.015060944728214405,0.40369884662327427,0.3585459471903339,0.3893089105147901,0.9334092730887973,0.4542259404031188,0.636832523686895,0.3730768221484589,0.22573640445312468,0.615890080751738,0.35700228802676537,0.33383258968092305,0.363666460549217,0.9161446858525353,0.4432721260733929,0.6277227382781311,0.3351809650875468,0.18924418850670086,0.5436731668803566,0.034109003079053936,0.05832316430638121,0.0029471666476996957,0.005619372993823993,0.01657978570298978,0.016123823490977407,-0.0019333696021246831,-0.008879188270964553,0.015470157149334236,0.25043674676810135,0.33710991806543456,-0.275352202330465,-0.5925058704261221,-0.38455780486929064,-0.44628478068417254,-0.2920123563535098,0.027383738293555553,-0.253381840937094,0.17669436757201504,0.25722023758481655,-0.30089602074704613,-0.6276879944465998,-0.30261896077536704,-0.4831616324694061,-0.17449075094608416,0.004729648382578151,-0.23766754793507208,-0.016700279131670902,-0.004944936920250636,-0.018498006108361102,-0.017847536854371984,-0.019260653573136523,-0.018960948327186786,-0.019692944315012187,-0.022053809498868905,-0.021031552097193103,-0.004231844416237128,-0.011802371097803,-0.05375616272478145,-0.08294176592679903,-0.03210532412934411,-0.04897476865122922,-0.10836153457282716,-0.1152134647750587,-0.07040646690434692,-0.0013011002651570056,0.002506446561250442,-0.0054748831827691954,-0.008519388029055226,-0.004379147221704336,-0.0034795094693513434,-0.007998622486213861,-0.019448885825113796,-0.011287660288781969,-0.0678570461304597,-0.07041875541440143,-0.06168135917083612,-0.044185787411394416,-0.0802206092081389,-0.06497397641364387,-0.013844641004620475,-0.03421786338527501,-0.06771384807498831,0.0041095723399961395,0.006587324343983717,-0.0003042093610062104,-0.0037333713534117643,-0.00010623085609362644,0.001503866421855054,-0.0022363952177304456,-0.014595880058641864,-0.005861596758310916,0.0693486329458,0.07591162540756179,0.12917184643555266,0.15835938084950235,0.11907103415496074,0.12138906641850694,0.14759639538977742,0.16679159530786258,0.14924389942854555,0.00992982607778717,0.009340484045945978,0.004910415308659476,-0.0012870503073112336,0.004868280468097249,0.005187141457575436,-0.0019054554453623847,-0.013818639761805106,-0.00532036186659386,0.011823011060954989,0.02484952997723747,0.09440411115447776,0.11398641816426086,0.057468185856528305,0.08981055557047657,0.10987981312546465,0.10655298328622478,0.09010280225980638
T3_mean,0.7064280275740527,0.6996347515376385,0.45636519107024753,0.4910113634656179,1.0,0.3394994565173822,0.825242503982461,0.6991468191519945,0.8631889066064661,0.09669150566214657,0.07147030619267339,0.02846495734066065,0.04843383690957682,0.04782054165258214,0.04695132142125684,0.014564821992979194,-0.027389640857651353,0.03938525993788194,0.0012340549603470459,-0.004562010204106664,-0.012811644248548049,-0.0045469755487770975,-0.011725569572861335,-0.0018079154081881113,-0.013725453862027686,-0.06528158586608278,-0.03368273876230082,0.6738195710947384,0.6533023419766703,0.4399682971941397,0.4562781649030894,0.9239231794736193,0.3095561380002871,0.7972111404461103,0.6983828709735245,0.801891012092549,0.6061989372238424,0.5551671210264847,0.4210434366223384,0.4653425160333406,0.902965249968498,0.3235964265379998,0.7224189416794757,0.5906982325174898,0.7129763932163602,0.07028726334708507,0.04500015701815494,0.018237427072799062,0.02735620569806529,0.03548278512821943,0.03149424504339908,0.004418358932159309,-0.020686719369601196,0.02599326423528785,0.007165213530484724,0.27584830613527955,-0.16245546395460242,-0.23274967967045151,-0.6089549675324488,-0.07285227924550627,-0.4052189281969618,-0.17369812451289388,-0.25917859690759,0.08865556732282288,0.2951260645580883,-0.11598341690404708,-0.18629333789324373,-0.6066086920373716,-0.06980593808424432,-0.1695849744725379,-0.09644873242503227,-0.17452943169680685,-0.02105547498694227,-0.022729669878110516,-0.025402143380771906,-0.022526464783600455,-0.02460535391268979,-0.021846112954178067,-0.027839942412013,-0.0587657850311551,-0.038564646323070086,-0.020982193328246967,-0.05849939008147266,-0.08294644421271498,-0.05926733632337118,-0.05542666688604531,-0.05023648771908014,-0.08144435036488001,-0.06233445507762113,-0.07125930787509095,-0.015254686385796782,-0.009935864845590808,-0.020573091930978407,-0.022781703093906536,-0.019759686153524872,-0.018608135283663726,-0.020806657854034693,-0.05651359278661965,-0.03869949971639203,-0.01670328064248258,-0.01711085109423757,-0.030636681737243623,-0.030358051585826034,-0.0390362898308686,-0.043546946871545526,0.012324542907088794,-0.011777686366526862,-0.027920717769916576,-0.00959473553722819,-0.009421671879438796,-0.011195012325870175,-0.016891081532618157,-0.011844296426888062,-0.013895861765236614,-0.020651853696812272,-0.04768911403979224,-0.032871106241408314,0.07878432123920037,0.10793097655002691,0.14133920381732193,0.11324633833071758,0.12382841257869909,0.10333794496245158,0.08181622906308192,0.07990139479583921,0.12129892598787606,-0.003190526188792926,-0.0071969785931754095,-0.007576261460724855,-0.013639566699409257,-0.007899319288207005,-0.009179435353090348,-0.02180457347231226,-0.047509303515565336,-0.03709749531205688,-0.029422633319341418,0.027174756534270428,0.10419939879688907,0.0776392550199124,0.03726584792274524,0.08123117527298371,0.098423652562493,0.07131742627782107,0.06718248165127305
T4_mean,0.4948305629665637,0.4782721245458194,0.4961043516016224,0.6948687712700118,0.3394994565173822,1.0,0.2610680489700724,0.17206391687279213,0.639872305418813,0.027361494854883203,0.023896635857589082,0.004092805322251196,0.027016233049827424,0.022045860347105848,0.012219025731622118,0.02578585871445706,0.012661459985144645,0.020895457131377495,0.00759138021747462,0.014967956322367025,0.0024011102706830117,0.007977243748793746,0.0038165767778893913,0.012020536877911742,0.008956737242921722,-0.008566061825834071,0.003158156153274544,0.4872700246150678,0.4597145612869639,0.4776494157720344,0.6448364222746471,0.3091652085333312,0.9193314987810282,0.24982238734596093,0.16815366960187134,0.5945522930563286,0.4058019417927531,0.37708480010637635,0.4469339281030996,0.6441520295102986,0.3138590574698622,0.8966633515615771,0.2341014260261873,0.1544772632563016,0.5246240333988943,0.008685243491286928,0.01600456088048117,0.004721440227685694,0.019688616019841162,0.0274361262329322,0.011085469308124063,0.01205027376804407,0.010956147095251523,0.014690013376249218,0.0430010351319642,0.05650626142822369,-0.3415091493691259,-0.46121807620549116,-0.22099463838923503,-0.8334967960998155,-0.10180120869692534,0.17166142267188073,-0.29417092512840287,0.10915808039243137,0.13906310496272192,-0.3779714139660273,-0.5054529503711761,-0.19611750431616698,-0.8415465406311704,-0.00522610526457766,0.0836754425524884,-0.2401217683438705,-0.0028989693184609377,0.003502118550561446,-0.003307836982505335,-0.002243446701989851,-0.0025663061807231426,0.0006316485957415597,-0.0007246396210672895,-0.0089745998512388,-0.003690463575478594,0.06856376005875331,0.0328567665037102,-0.03565555510840776,-0.018838681334445242,0.021478891597000647,0.010678258072557392,-0.020307877982478677,-0.03694523356227359,0.0021533354591402325,-0.010380713391661531,-0.002623993731412171,-0.004132575961367565,-0.008544533075814677,-0.004668099657764023,-0.005887527695893585,-0.0038728554955398025,-0.01375657924095344,-0.010516094859599805,-0.038179887647750564,-0.07958999058050281,-0.03532840360911129,-0.05017899953593803,-0.06732719925455494,-0.07619380123082435,-0.04525988203705235,-0.05435993789906453,-0.06993794008482576,-0.007870731851481553,-0.002688873397366901,0.0003946434682667735,-0.008003702128553393,-0.002787356183530255,-0.005404297237346616,-0.005620334366328232,-0.01022691401338424,-0.008624085409721862,0.03740750992297608,0.053831674938626534,0.11114096912254368,0.09185782587437433,0.07269468211231893,0.05936801263861998,0.061480565452676626,0.08598308605153264,0.08567558763626702,-0.005088179398211235,-0.0017485920261738664,-0.00414303683963354,-0.015022223188154285,-0.003395059909074961,-0.0071464969692199756,-0.0134787050316149,-0.01200266110359199,-0.012635837535824689,-0.18292499191470277,-0.04964329800918621,-0.017671448447157654,0.006671320670905684,-0.08015560412681932,0.016806454354618305,0.04343440811364662,0.04866405590417774,-0.04709710183785258
O1_mean,0.6462677106793868,0.6511586563259758,0.451368635382186,0.38368547914037565,0.825242503982461,0.2610680489700724,1.0,0.6702799877742269,0.8120145614544275,0.20635642631939433,0.1747316364055385,0.14956036533023764,0.16956321273824704,0.15682928406441993,0.163239370663279,0.14081685608477698,0.06635927257588556,0.16241104536821047,0.01625099308607852,0.015492438369201307,0.006890270413608569,0.011787788789755328,0.006492048970170675,0.01271793936263357,0.007929687269151027,-0.01930298927760416,0.0008446837110256717,0.5805792887210711,0.5726359326885508,0.4015967917005087,0.321320969161619,0.729183925998211,0.20140614138661822,0.9246954304584585,0.6309162542979212,0.7077876656010925,0.5830314153415905,0.5508375408717252,0.44449404915986657,0.39913343294199033,0.7760412874112983,0.28487021314874716,0.9083711735962421,0.5965597212882431,0.7094645959148524,0.13912566391881764,0.11353658454702469,0.1058583341459319,0.11968995591256495,0.11228362421702544,0.11570091136043636,0.10246768856170255,0.06316666081512853,0.11468795481589895,0.3252928379972829,0.4210921585704842,-0.13538551420080627,-0.25263174123386567,-0.4040163767428863,-0.03172051987448467,-0.204607117179087,-0.061917479852079155,-0.07975615028806807,0.4473722093663741,0.4889204796055634,-0.08290570677521249,-0.22902186258198853,-0.3514167204474937,-0.03661941152775732,0.041059362143889166,0.012963240717802018,0.04190811084451921,-0.034708996918856594,-0.029445077951830555,-0.03691813608680993,-0.03433957454470907,-0.03625866220153892,-0.03540692335042324,-0.03581205916354389,-0.028675695422508307,-0.03870866637967205,-0.021330666288857686,-0.06857501782043908,-0.07801282356092175,-0.05517916238577491,-0.04827965843328723,-0.0452607729188161,-0.04891166136751304,-0.04093728729570291,-0.06102885811539216,-0.019937963209013136,-0.014530098568898373,-0.021794554557250028,-0.02305482270163874,-0.021446803858935444,-0.01958085412799526,-0.01871818485785843,-0.02078143258840535,-0.025480225200015406,-0.03221717523388925,-0.011748739642556228,-0.03173674847458891,-0.027928010338207705,-0.04950868895709363,-0.03423518341816308,0.00896732162007353,0.007224054187174568,-0.02675455233564831,-0.01266719719534773,-0.0105524509949803,-0.013675634622745451,-0.018056100388894356,-0.013982829451066336,-0.016020925194728454,-0.022265645689084502,-0.019200633528204634,-0.021541509851524598,0.09847995727814855,0.13650436594780116,0.14854572131022603,0.11779416157877946,0.1390262601252864,0.10939376947275074,0.045645484555246814,0.03294550424264122,0.1176466388630001,-0.006527807317801195,-0.006788640698864495,-0.014844390652724904,-0.02004814993903419,-0.01604963270300957,-0.018439652963915445,-0.022187968969283284,-0.017243633383008404,-0.021646026241851232,-0.03376117546167895,0.005716006319218921,0.06719490222730039,0.04079428696354558,0.0013631838827868352,0.027469592840170084,0.06394371143159978,0.06687064235985465,0.03213766510973081
O2_mean,0.5519632387385723,0.6477275650615828,0.5630073216746667,0.22224916222753477,0.6991468191519945,0.17206391687279213,0.6702799877742269,1.0,0.7686411541515439,0.23831076471230428,0.19774764504009,0.1750545052027434,0.19028384626278297,0.19514117293317668,0.19055233529397608,0.16576644511886596,0.16195924242443976,0.2072072479838886,0.03612271836030203,0.025515804099906916,0.02393900157353927,0.029889889464929726,0.025130910559971718,0.03398143102894854,0.026073794407161163,0.033256340233107515,0.037789005781251175,0.4647505241821465,0.5409576599751146,0.4993254730656151,0.164697453794656,0.5970038066962357,0.10853027824953143,0.6006044526645717,0.9001714117510032,0.642238025838405,0.5238921308900542,0.5585107972675005,0.5529951935846994,0.25919094600315545,0.6793288675302406,0.21655314991559768,0.6355164355022117,0.9030139326876657,0.6922115551159315,0.18535698351659918,0.15126593836505905,0.13211329847420716,0.1381266315132254,0.15037135037288274,0.1431055541628115,0.12946305670000663,0.15758681767430308,0.15952273517431406,0.2087034986143152,0.3860003565610644,-0.17782129225346988,-0.1274628960596668,-0.1345096341217637,0.08390975980382401,-0.0364788499390864,-0.13625228122985508,-0.011054371113407811,0.29687622987813084,0.4279346026743527,-0.17508830347307225,-0.10559700685248617,-0.17402192035160713,0.054277846999215826,0.15507649904107546,-0.02699190369199349,0.053009624789129746,-0.014412408224564504,-0.014286821489798431,-0.01805494484305568,-0.015793958265781095,-0.016980210788820515,-0.014381032596580919,-0.018234227568231284,0.021755650287031872,-0.007094851721598708,0.04938942930026452,-0.0188614505236148,0.007119753182056916,0.025475491482267548,0.0334518557940661,0.04430245646316585,0.023143869157198255,0.04613585293956646,0.03179709781131788,-0.013733425440532371,-0.0036542831890694653,-0.01833834804412928,-0.020615787180525227,-0.01814393166732782,-0.01673741571023419,-0.0179248407455848,0.004270511475544352,-0.01120561521820056,-0.08401059879726493,-0.04385193140940265,-0.09497482246629965,-0.09976494431159388,-0.11682066446740795,-0.10687898630458366,-0.06873457195409453,-0.08275205601702823,-0.11107257731343363,-0.012772459898236402,-0.0061613084451317066,-0.015178766149724802,-0.02121294325289954,-0.015143407672926002,-0.01907760577472749,-0.02419999763847602,0.017596402321236534,-0.005524117474505415,0.039445775714423995,0.08825473532296946,0.07903305605231015,0.05884347815824248,0.06599267332967063,0.028347579993526384,0.01165927780688329,0.010527410425374651,0.05379300339024312,-0.00811380694214629,-0.0046827779270254355,-0.012180658331387526,-0.017426200007514624,-0.01259072324812948,-0.013949089865129584,0.000970593106746722,0.014733090850516961,0.0023140221421173077,-0.06821033023826623,-0.01207976504064012,0.04499355089331411,0.03486705487682273,0.008842308288151647,0.025354391107661866,0.04934519997524415,-0.025688694365103702,0.0026655718344775615
avg_mean,0.7989951710425514,0.8132228302631678,0.6762877786429579,0.6628475506536804,0.8631889066064661,0.639872305418813,0.8120145614544275,0.7686411541515439,1.0,0.22797017736629663,0.19726758459260846,0.16167220666108084,0.18231276289737897,0.18260803951215487,0.17420077849453192,0.1522258778147467,0.08330526660710816,0.18100226877459183,0.03615922940771926,0.03344559316171299,0.022804775400143217,0.030207563046699908,0.023671732268954703,0.03174861209833517,0.02443335648810532,-0.023968889625260777,0.013534248976590944,0.720956144131769,0.7143087922165569,0.6137615731175831,0.5795644923173233,0.7545866074969136,0.5459204167570894,0.7431845757621719,0.7181493200588802,0.8745229251290625,0.7161641030802895,0.6861688568829851,0.6519388497538624,0.6596185923315941,0.8235771096614035,0.6291520722842933,0.7516605172082551,0.6885266185947527,0.8710912504100824,0.1626235779557646,0.14053173258557955,0.12118549207611916,0.13111178943773055,0.14344850536415998,0.13043855972852883,0.11220291624961395,0.0842375217741606,0.13540600669532787,0.24547744889841705,0.42492600242672174,-0.30300713091410436,-0.3728139512369989,-0.38269825303765764,-0.32250211606160845,-0.15064955256440993,-0.011168144815835676,-0.17192949879938801,0.34221618586232766,0.48305791640621426,-0.3153115454965114,-0.37693843126421506,-0.3830326655993325,-0.35247347343423774,0.08597484114897176,0.00982030532363783,-0.09235448423354328,-0.014468293916599312,-0.010952911564121896,-0.018186330001352325,-0.01566707315074955,-0.01710825957734104,-0.01523485852320768,-0.01837373846705146,-0.02901882267866837,-0.022482177893574085,0.01583958686651383,-0.038601114271732094,-0.05351274255966537,-0.03977687075437576,-0.015513572992926843,-0.015341286708705605,-0.048706891358205696,-0.04312350859387878,-0.03643984965255368,-0.0163496739156294,-0.007702539556137138,-0.01700689167701329,-0.021159631990568032,-0.016916676664279064,-0.01639645209196092,-0.01598015946042706,-0.03289528873622559,-0.02698359147965147,-0.04571499027164313,-0.042566074811125884,-0.06412196096080222,-0.0625835343937989,-0.08665691119320963,-0.07998868967679995,-0.019347691801162414,-0.03397338188238982,-0.06885488592800867,-0.012556877219427172,-0.007776543971517198,-0.010120598408931817,-0.019051586413025047,-0.011766067910869508,-0.01508097791417915,-0.02010225976644615,-0.02506233299745717,-0.02298754603667464,0.08058097344882618,0.11702119777370792,0.14655230341827846,0.12617462087735873,0.12527239526269754,0.09579314637499876,0.06872191093719178,0.07708780452509628,0.1217618405807548,-0.005418249013417753,-0.00434715097489215,-0.00894584969201722,-0.018464269603480826,-0.009048108620382484,-0.011509249752978415,-0.017555920828927873,-0.025851294526167055,-0.023928705671718734,-0.08989670258198154,-0.0021860181739604963,0.05666338073294746,0.05310864345427465,-0.005177784806336626,0.049823920537978135,0.07666357042025347,0.05054683473069557,0.02082995084234392
Fp1_std,0.29508994683161405,0.32580469986052596,0.15377909325823036,0.05932312316016107,0.09669150566214657,0.027361494854883203,0.20635642631939433,0.23831076471230428,0.22797017736629663,1.0,0.8373544218152578,0.9064670721945579,0.9018404160012885,0.9190548529611069,0.9042491771007841,0.8670543767373103,0.5508752206285294,0.9261458700643008,0.7724646848757404,0.6048827158081876,0.7369328808743846,0.734751555806084,0.7403923536538068,0.736292034714008,0.7298654354722329,0.2251269548041449,0.6907099287980247,-0.1219555456492871,-0.09879367199035438,-0.13127955376826975,-0.23128712996988945,-0.2248529903875729,-0.29536448109459845,-0.09905140885796518,-0.02422222214336431,-0.19797472238761732,0.6261326326950739,0.6166874941852746,0.4561074845413269,0.383652589492367,0.4431152570468893,0.38774576579477676,0.5084614704412894,0.4686166690229842,0.6009607484546968,0.9394475245105115,0.8015535485194715,0.8570564066044797,0.8571615896055955,0.8725656935832337,0.8621217436956454,0.8262850502220466,0.6369571138859614,0.8828896866511624,0.5219519493137007,0.5250651220963201,0.15850975763064687,0.1832404801584011,0.32543177276560936,0.2509491170165127,0.4540039533493738,0.3003623493039167,0.4745426548426061,0.6043835961409468,0.5996477182061573,0.17783176515970114,0.2881539450892093,0.39865261278810055,0.2501535285713834,0.5986433221994071,0.22760092190998754,0.565268539023299,0.5982669787929743,0.49123904000079194,0.5703384518923149,0.5703470672459661,0.5802990940472882,0.5804197365024776,0.5753815908028606,0.25016782854267894,0.5646211549722822,0.0634775967705909,0.044742346751895305,0.12077584506729248,0.11294117570537514,0.10616112170671857,0.10892149642682071,0.11294565658888144,0.10566224591600079,0.1171386078532395,0.3508122350078526,0.2642516219660095,0.3547450281869843,0.35311483239649627,0.35842037746986954,0.3647622167024389,0.36135308710536834,0.11331082821126606,0.3398115016692293,-0.03891112709494804,-0.02230130480799834,-0.10487300229671542,-0.09777642854485989,-0.09279686916798406,-0.08272468876951626,-0.07640870559247098,-0.06670911201552175,-0.09445634691824462,0.25308855476399816,0.23037942197532063,0.288475228811618,0.2491457409160491,0.27691447186026474,0.2773941640378271,0.2791681319144496,0.07462320933408699,0.2554634221499537,-0.036775906149753186,-0.026660171342337072,-0.052781473640281115,-0.051857587178962765,-0.04645794157623937,-0.05494915821979955,-0.06860247675467412,-0.07047198668903079,-0.061914629386489825,0.289918611750816,0.22216880364667288,0.27838582938726336,0.28263597922128336,0.288722284548482,0.29015404729032623,0.2585524548928849,0.05582727235001753,0.23368891573739245,-0.06444597121870657,-0.04932230114161778,-0.10283251574053705,-0.09235873727936016,-0.08427830538405226,-0.10652198550595504,-0.09928366227349937,-0.09207209521825903,-0.10781569187487679
Fp2_std,0.24504548573743373,0.32251818230963764,0.1134016075499937,0.07510658212982171,0.07147030619267339,0.023896635857589082,0.1747316364055385,0.19774764504009,0.19726758459260846,0.8373544218152578,1.0,0.8119080930385418,0.8126919337240539,0.8180446530264432,0.8084886618333793,0.773925676043601,0.5183448746569175,0.8609660835274426,0.627813675272929,0.7884750804846243,0.6187043121954988,0.6207792755349839,0.6198036243756594,0.6216034672497628,0.6156019574471271,0.20555420082278042,0.620501914506965,-0.11351425162319453,-0.18000788351425745,-0.1450461469271067,-0.191382547169667,-0.21816892629525797,-0.2679140518209629,-0.09981558102178,-0.047849490449071996,-0.20177230353031642,0.5288493144602454,0.6814174040539085,0.39042641306842174,0.36755228243748456,0.38523881985070446,0.3493466887175858,0.4497750628792925,0.41753635853922655,0.5492033415979003,0.8046194593199033,0.9502661280809995,0.7786384975327165,0.7796999992203609,0.7871987149884553,0.7789715481081145,0.7461241147198315,0.5972062518823237,0.8273915869666276,0.48973866090733165,0.5959034344507875,0.18390968812561503,0.17102536123374698,0.3332597812213366,0.24215964096122303,0.41913631834329385,0.3380712768445535,0.48487444319973527,0.5429762627987679,0.689216399035568,0.17935490669466203,0.23252363811074736,0.3782429444629035,0.22706793172322748,0.5270810353691479,0.2638617237358701,0.5568019051685601,0.4877701413740799,0.606990993544157,0.4760241122378445,0.47825074080777186,0.4840173975573125,0.4855482175536251,0.482327871088988,0.21813265008733715,0.4981600553957336,0.031242024493025575,0.06411168521388282,0.12341381902893281,0.11609872424374937,0.10037398802280018,0.1073778638865537,0.13231340635232183,0.11649783744838794,0.11991566088728757,0.31318313755346383,0.3637201928039445,0.32176539447234515,0.31805842255693545,0.32346590419619975,0.3295975790261286,0.326638598915247,0.10544569644003393,0.3272292896963402,-0.016171416656409934,-0.03609296056249597,-0.09880060955312571,-0.09173409611932912,-0.08057072618922839,-0.07389598891170202,-0.06710162883583107,-0.06160757182022927,-0.0854718635125698,0.2274788684433419,0.32978023081413066,0.2682410510012303,0.22564152748002547,0.2531041441062808,0.2534263368307891,0.2563619220005678,0.0695256792668371,0.24911062176783033,-0.012588763515048671,-0.03390438276061869,-0.059207564160178555,-0.0591586224438293,-0.04663290394208129,-0.057148163380121596,-0.09592917224295118,-0.08179065370573488,-0.06873142497207,0.2629068557555837,0.33525587643257837,0.2542730004862241,0.2542078117191785,0.25846451590145625,0.26131814927982205,0.2325043409563319,0.051879997131347715,0.22846732160418817,-0.043693813846245905,-0.07083174900673801,-0.11608693802327162,-0.1064498589967304,-0.09119019502556606,-0.11701751698301732,-0.1338591566045329,-0.12009939631719509,-0.12366966202024257
C3_std,0.237987996339582,0.2721936070747311,0.12046559271693771,0.016536826035889587,0.02846495734066065,0.004092805322251196,0.14956036533023764,0.1750545052027434,0.16167220666108084,0.9064670721945579,0.8119080930385418,1.0,0.9727627492796246,0.9872978549371998,0.9547050131260433,0.9439422831465791,0.6047600097529557,0.9684178933631369,0.7333079395412309,0.5898779253773435,0.7722306276987351,0.7475201910333358,0.756320760342598,0.7404792371018004,0.7469571034536936,0.2369834723339136,0.6996975338401527,-0.14995083950338586,-0.1459373793777083,-0.1943032253342312,-0.2989407730672106,-0.31611246323766673,-0.33981686402544076,-0.1878106196187424,-0.11635702102929558,-0.2859597485299534,0.5488144729833516,0.5698697929409732,0.4588265897008329,0.36729531039442004,0.4064964154717432,0.3842304425896716,0.48476409757546507,0.4382435151011279,0.5661049041767432,0.8690695101956585,0.7905119741687741,0.9478961214368605,0.9271146136753288,0.938946973991058,0.9126189939414525,0.9042093559626896,0.7015473723163455,0.9296811354982492,0.4939889052678633,0.5161265623037291,0.19245154016151328,0.22109620521198725,0.39110362111923147,0.273809750350985,0.5068455135600063,0.3600560099236061,0.5200629799549044,0.5845519645162666,0.589946232448729,0.20302914123911497,0.3139555332365402,0.4505003412210713,0.2716358931752175,0.6235892879358927,0.2598401381192148,0.5998704860654203,0.57309004868138,0.48052736275572705,0.5967158340254619,0.5752438377111532,0.5856468791221242,0.5799982529095028,0.5830568697630155,0.2572608872427146,0.568003497219877,0.019330722209781392,0.041319845229501294,0.1961682474638468,0.18357360067860043,0.1582866589592308,0.1630357707714487,0.1899610511112523,0.17282822507712425,0.17073854847777423,0.3340847075665354,0.2561544770690358,0.3834715005427569,0.35332290644132197,0.36012278391880753,0.3619852919570101,0.3723392651416642,0.121130066556345,0.34429192234645956,-0.010926120472082851,-0.02807787239306637,-0.14433603511580692,-0.13353820855699006,-0.1199911912121851,-0.11119814044019381,-0.09414873486605828,-0.08488138656455525,-0.11912448023171791,0.236060690900439,0.22459334333707245,0.3320179063281803,0.2610300197757946,0.29546516911024706,0.2895754156673454,0.31092179365959716,0.08755171449970667,0.2716271676355867,-0.01379246779588673,-0.03121422540169166,-0.11752697735858518,-0.1143360927722108,-0.09181695308168308,-0.10414073825604736,-0.1485567913112871,-0.13361054834843153,-0.11603639434046788,0.28462152674424673,0.22603095900898149,0.3255587370855888,0.3117093426601699,0.32262608784226243,0.3174319886191842,0.3005441799136614,0.06569983237898996,0.2584207530831436,-0.017325544801348767,-0.025417943399553996,-0.1624926612963441,-0.1510368355762775,-0.12061515421387203,-0.14396765422931201,-0.1703957973899723,-0.15812109430365529,-0.13983411047350464
C4_std,0.2456828264408504,0.2821161982545018,0.13594263991623579,0.02766066678176604,0.04843383690957682,0.027016233049827424,0.16956321273824704,0.19028384626278297,0.18231276289737897,0.9018404160012885,0.8126919337240539,0.9727627492796246,1.0,0.9704039088999247,0.9570474231813758,0.9371734672877846,0.59848508206782,0.9638575178813762,0.737902775639505,0.5964233687488762,0.7536897599121407,0.7630438531812155,0.7559957124021407,0.749677767233802,0.7540829422429532,0.23777836767398433,0.7028449912252941,-0.1432382101716134,-0.13824074005870501,-0.175339330332282,-0.29830590120407846,-0.29425654757973185,-0.32073293214499704,-0.1654925369274154,-0.099307226694095,-0.26685013817055053,0.5539602832982241,0.5772502427100699,0.4591243281809683,0.3841488386945735,0.41765279470400063,0.4048310678893498,0.4976895900923777,0.4476489928473768,0.5789875235906315,0.8686139680959837,0.7920112166517524,0.9222168301453022,0.9499374084687986,0.9262216900634948,0.9153946271970735,0.8942450077559552,0.6945181955979742,0.9255985984593471,0.46310370235630416,0.4904382316384437,0.16403180518319166,0.19650152372092541,0.3551852074975418,0.240620237777534,0.47271229734773856,0.3250026698296833,0.47541600148712654,0.5622838851758831,0.5723279431144533,0.17924324755635013,0.29641313389991203,0.41654722970548175,0.24568410437592142,0.5984320487203825,0.2426650231488998,0.5649739786541351,0.5806316505598444,0.48783391247303626,0.582681555626152,0.5887412403431138,0.5919499186742415,0.5898154572728536,0.5915034870659254,0.2608030470557932,0.5738450812290667,-0.02536479559388104,-0.0035227313016613256,0.14483706994567996,0.1465489946263629,0.10986169573179888,0.12510995256414084,0.1735072831230455,0.1362310986779064,0.12340982727987303,0.3438655246006678,0.2626255156338088,0.3665372752660691,0.3643960151653838,0.36704271600781474,0.3707792029468904,0.37805037056226104,0.12307214319532711,0.3491085099430604,-0.010991384758655326,-0.030778943541321952,-0.15103466309432434,-0.14735211768176146,-0.1299028872687381,-0.12258071664418446,-0.11272012567511502,-0.09725407823738089,-0.1315612508370825,0.24843779578685402,0.23236875559962344,0.32132096126304693,0.2735893262025338,0.30240286758786855,0.29918667186096093,0.31489607353886045,0.08808687556936437,0.2773814577611951,0.07013903790901725,0.0494468628627576,-0.03607846664407725,-0.04740624086325834,-0.011124952282083161,-0.036720636260701794,-0.11175364359990919,-0.07726716933716149,-0.035912447532717315,0.286576459224011,0.22600479554453,0.30684807562151184,0.3173633812022467,0.32036082988743003,0.31827301597184154,0.29979118724953174,0.06585387441550833,0.2570061870969076,-0.013680226232502757,-0.01661923314623092,-0.11845664589526347,-0.10834919865229425,-0.08628720431454158,-0.11170055046775586,-0.1482683830149008,-0.13049810525428124,-0.10817782357597334
T3_std,0.2574439282792106,0.30303169220721016,0.1256044081789815,0.027021063728218768,0.04782054165258214,0.022045860347105848,0.15682928406441993,0.19514117293317668,0.18260803951215487,0.9190548529611069,0.8180446530264432,0.9872978549371998,0.9704039088999247,1.0,0.957088502648207,0.9526256701051644,0.6117246564992027,0.9733816392927248,0.744175775448945,0.597265632393083,0.7636974256091591,0.7569060126926211,0.7680498894948931,0.7491941342880961,0.7573194555932132,0.2414630143129386,0.7074331997165844,-0.13563678786299063,-0.11806000008418113,-0.1876846650877051,-0.2885044502631193,-0.3028132844315797,-0.3242600875259947,-0.1839312025282988,-0.09937161323737406,-0.26887443577548864,0.5667288110887243,0.5934927873515551,0.4536183430187291,0.3748478387030391,0.42651206364915073,0.39953414720380737,0.49248476635193467,0.45709974043507096,0.5821828386930117,0.8770800648239331,0.7923551164203113,0.9310579293524447,0.9233943932125213,0.9487874786230894,0.9129737599927077,0.9100431137709256,0.7068847296183302,0.9312502527106996,0.4947248065287507,0.5215364461200324,0.19847510293078877,0.23173412528998608,0.39232939643813086,0.266956062052417,0.5009627218258959,0.3629119095868479,0.5224511500439535,0.5841147408042977,0.5918119935725334,0.2051506480447617,0.3265062163823878,0.4557246257101265,0.26019501252530536,0.6230819414974248,0.26399043360975855,0.6028107988111837,0.5816860325819545,0.48707433811326345,0.5843245739594266,0.5829385646904489,0.594345550884298,0.5874607313178216,0.5911970390924123,0.261833493257679,0.5736253838090495,0.05071910491967994,0.06953906499863688,0.21001938734879788,0.20117073514298975,0.18267403068415025,0.18347575388304932,0.19896294922976232,0.1899674254746481,0.19484520180151937,0.3418649320622865,0.2613169174804601,0.36679116148289126,0.3605250265836725,0.36662408328606005,0.3675791245522298,0.3773527916283395,0.12288665295376805,0.34765078842114283,-0.014618154797261806,-0.03180016803157279,-0.1365334738099587,-0.1309120449288887,-0.11950703298963306,-0.1105200200530104,-0.09254668058673901,-0.08619746761603553,-0.11811691761769275,0.24216366167190537,0.22718251992240762,0.31624903764348067,0.26383200172726834,0.29662355702168985,0.29013566018663256,0.3099951135640712,0.08681016413270883,0.27122263867842983,-0.05687798993494243,-0.07168792363121552,-0.14473823873892105,-0.14217673974889736,-0.12612915802330546,-0.13466951341417127,-0.1603289782888553,-0.1532837912394012,-0.14954676790753405,0.2882413981607687,0.2270092245486276,0.30851632545784125,0.31123145186725776,0.3217366814824454,0.3147553291607367,0.2964687443020592,0.06543159852891998,0.25603673957217243,-0.03668756025152487,-0.03777593020128864,-0.1786097055037058,-0.16947413160958574,-0.14089383159080365,-0.16045638436836768,-0.18190381578648815,-0.17285460362119656,-0.16068655046942348
T4_std,0.23912353674647188,0.2707913600653965,0.12426967465953367,0.02803122811854382,0.04695132142125684,0.012219025731622118,0.163239370663279,0.19055233529397608,0.17420077849453192,0.9042491771007841,0.8084886618333793,0.9547050131260433,0.9570474231813758,0.957088502648207,1.0,0.9237189720542698,0.5999494540741479,0.958187653170581,0.7293863857546784,0.5897933047037536,0.7377924340687056,0.7402750414147832,0.738419114165442,0.7794559203879421,0.7361277411081978,0.23732755175781253,0.6955408577792963,-0.1495120275397772,-0.14571087474068703,-0.18072687823760755,-0.2834595272674731,-0.291107799408904,-0.3473648077438909,-0.16760033614001174,-0.09897639607102546,-0.27102007991460386,0.5511133373648243,0.5680976998889032,0.4461383736683251,0.3750306673004803,0.41516718467686375,0.40850552569781584,0.49191420343528686,0.4507446593991606,0.5736152784119434,0.871579122938207,0.7882609660142413,0.9103843930768386,0.9167201422001703,0.9189473816935941,0.9530524539587434,0.8888908258175053,0.6981713256741411,0.9235581086665507,0.49219649792213405,0.5126197097098152,0.17930873165369585,0.2065344935263121,0.3642614673631919,0.28701574585191336,0.48509597262469106,0.34124547501652835,0.5037584360342224,0.5765335645239567,0.5840576491978471,0.18917954280884514,0.2995581814030532,0.41782197879341837,0.2899407850525902,0.6040246361248032,0.2487947538453486,0.5823873978977654,0.5752421435106401,0.4836410149757232,0.5733038971277331,0.5747499641795034,0.5818130415682524,0.6043629383024243,0.5803186010284084,0.2606750097639476,0.5688527838868267,0.02211420762618682,0.04294249993733473,0.17814587971591328,0.17396250539487168,0.1432911150270999,0.16502250409579727,0.17433398860113392,0.1602818378578417,0.1608554396842452,0.33889858289369396,0.2595302011448239,0.35929118883877215,0.3548267152437688,0.35883595398749113,0.37335297628247266,0.36906085995010857,0.12157520043571499,0.3437378073268533,-0.02055780368185059,-0.0325108943902915,-0.14092873544818912,-0.1360938963657969,-0.11906931856634669,-0.12346728408071493,-0.09593026668381922,-0.08923343188207193,-0.12369889872930458,0.2413779401982893,0.22699547869118689,0.30796414627374086,0.25963890789634325,0.288954546898652,0.29199939097196587,0.302248450380887,0.0855656863532826,0.2675902107106338,-0.008795962543041646,-0.025074987490273485,-0.097631895544686,-0.09876755125707591,-0.07363597857391142,-0.09529483391884572,-0.12638900902790778,-0.11448740042234547,-0.09845029520524023,0.282670938985988,0.22433204556978217,0.29908250394519403,0.30297288120986193,0.30997154872462035,0.3162064388832642,0.2895675096890791,0.0652671228618835,0.2514606687215748,-0.018023936450171155,-0.03209398044542256,-0.14185385918470161,-0.1385464915223487,-0.1046690407925263,-0.14080226599563042,-0.15732204559964952,-0.1477861426474874,-0.13067771834331585
O1_std,0.2205140899626781,0.2559163164308578,0.10580633412372276,0.017116710280866764,0.014564821992979194,0.02578585871445706,0.14081685608477698,0.16576644511886596,0.1522258778147467,0.8670543767373103,0.773925676043601,0.9439422831465791,0.9371734672877846,0.9526256701051644,0.9237189720542698,1.0,0.622589582166585,0.949508407125836,0.7134457978412653,0.5791925019312277,0.7307870015735496,0.730509739373455,0.7338305555609652,0.7227420205822727,0.7667650314818137,0.2544133002975785,0.6943193432396488,-0.15158699083813645,-0.1418557498007947,-0.19635868986500493,-0.2895735978355118,-0.3209735917489297,-0.3110179876806423,-0.21306842242599563,-0.13380808033125677,-0.2882581238981739,0.5196300023094347,0.5405396139551368,0.4231447591315138,0.35584417175633243,0.381723164766113,0.3911247035571575,0.4958183362497127,0.4357421985680109,0.5489282365403746,0.8330396099713031,0.7529519107369591,0.8978247944320099,0.8981452901598733,0.9121429830036605,0.8858176994208437,0.9509831190672207,0.71801104520101,0.9122858005547304,0.4613580275767464,0.47098852362996046,0.18767457832702442,0.1941264554709842,0.3782733527276374,0.2348478958532922,0.49413732195251664,0.3558841962226954,0.49048399838462925,0.5526548856593294,0.5522398867718442,0.2009121181309096,0.2893882148081786,0.43331810975910734,0.23565670522561513,0.5989543829286068,0.2685338704677037,0.5768032222257982,0.5610519542910869,0.47369649392812657,0.5642804136862674,0.5652987826979393,0.5735434167821576,0.5690870522773075,0.5932962140622836,0.2777205428320317,0.5651942687461179,0.07060218252929344,0.08550346957664427,0.2330707608323791,0.22913275336224434,0.19937252311472578,0.2096333568892167,0.2346594684431924,0.21863916618432497,0.22425124356551865,0.32773520925842686,0.25060330219396837,0.35618202337691063,0.3502816822114049,0.3549578478709715,0.35664825390633065,0.3712607502041642,0.1339384088492423,0.34304031090539533,-0.033788213012801896,-0.04839061092807902,-0.14908141508992018,-0.1465288304982096,-0.1300179985833385,-0.1271467606538686,-0.12159959178022339,-0.10889663312525658,-0.14066964175734978,0.23087828483731038,0.21696733741624924,0.3090155701082052,0.2580928704285813,0.28854549339830377,0.28374762855969876,0.3093890631654066,0.09201125271231753,0.2675384943808741,-0.07379610282273548,-0.08625905195436406,-0.1654458781216395,-0.16579469466736577,-0.13877923190291822,-0.15593422067502122,-0.1749864287104174,-0.16754753377310821,-0.1698106398593961,0.274700030251969,0.2170573848748074,0.29933082596554783,0.30337227768347796,0.3114454736961884,0.3070064593210402,0.30515843407445864,0.06964071612934862,0.2535464292885869,-0.03931716828857161,-0.03576944335872405,-0.19315755268336315,-0.1911427778548072,-0.1523033352852552,-0.17697465005518673,-0.21857315366479882,-0.20055893163054192,-0.17946074276552818
O2_std,0.09774643833912014,0.1505194393571337,0.03980116781769589,-0.0012388634936793316,-0.027389640857651353,0.012661459985144645,0.06635927257588556,0.16195924242443976,0.08330526660710816,0.5508752206285294,0.5183448746569175,0.6047600097529557,0.59848508206782,0.6117246564992027,0.5999494540741479,0.622589582166585,1.0,0.7374370022528189,0.43720719316341206,0.3695308280948422,0.45177626391523085,0.44790683837484685,0.45453016986393446,0.44898408570765247,0.4633761275699,0.8392607064479756,0.7211229400119308,-0.1441942009259907,-0.12682345245286408,-0.15587830235430278,-0.20034242856892548,-0.2436701887463146,-0.21010426572169494,-0.15788111867074647,-0.23557464480921023,-0.2448786822082394,0.2986934325191585,0.34534606529531486,0.24731217435203684,0.21898834043546028,0.21400779022142857,0.2517245751048707,0.28891169810253653,0.5241393004647535,0.38112193562434316,0.5393188493554683,0.5140462877895916,0.5813749451944178,0.5831380825461681,0.5917205826240453,0.5823980915503072,0.5961902163260264,0.9479834924638271,0.6774818315233042,0.32747942059364094,0.32870969046603093,0.16245441309991684,0.1523356298527955,0.3050452999629903,0.16444084615192536,0.3183825711080479,0.4490780669023736,0.3989329798253948,0.36686272014149485,0.359056159499226,0.1616122075912714,0.1963596528745736,0.3476446640377292,0.1514476131017842,0.37318585637034246,0.5296068129987561,0.5460367416353589,0.3428274494683709,0.3007077856957593,0.34638356610138166,0.34578980709823437,0.35219467405254296,0.35074204559731154,0.360417872302562,0.719728737984778,0.517002047795433,0.07226213862492108,0.09183620932888262,0.18147699136058035,0.18279896879224117,0.16242295348629468,0.17179186932464494,0.1888022141013614,0.20091556434445512,0.1896290217678126,0.1982909212278339,0.15292509515580482,0.21761545637408816,0.21245187817609745,0.2161988595839537,0.21643422541616225,0.22452077348232266,0.5551767391542796,0.40389810579427504,-0.04311460404085306,-0.06009274189317551,-0.1179247667950816,-0.1205324918935447,-0.10594507951295218,-0.1092238354675234,-0.09925218698978405,-0.11521214997813647,-0.1242822096822151,0.13771459367931074,0.13093632312704184,0.18836840897115936,0.15432724561993003,0.17442214809863135,0.17018927748798263,0.18435851780149934,0.45104855160867613,0.34097873601313294,-0.06362166929009155,-0.0767816866478289,-0.1301982527322338,-0.13285502561241525,-0.11590151166664639,-0.12787038154926875,-0.1485981696682114,-0.14902909664292918,-0.14252499589387546,0.16936416796295173,0.13483121867438377,0.18622657218234034,0.18773672325776133,0.1937840972281836,0.18902981580845898,0.17933325391221466,0.46868645168133377,0.42167432170330216,-0.044651979714232244,-0.049293021537316836,-0.14158010571274898,-0.1403008511925509,-0.11773257438049146,-0.13290585389683277,-0.1525687391318727,-0.15997734908004987,-0.14202544412080442
avg_std,0.24305558489619705,0.2918729784760285,0.12059854773378875,0.032008138790539625,0.03938525993788194,0.020895457131377495,0.16241104536821047,0.2072072479838886,0.18100226877459183,0.9261458700643008,0.8609660835274426,0.9684178933631369,0.9638575178813762,0.9733816392927248,0.958187653170581,0.949508407125836,0.7374370022528189,1.0,0.7386171047377514,0.6355939487879838,0.7488245640565887,0.7454487662501651,0.7492573575087672,0.7463735887323145,0.7504549128895761,0.3879873570223906,0.7678858144754084,-0.15398175746784176,-0.15134310735000486,-0.1878960271836298,-0.28262082307095354,-0.303198853113824,-0.32640403301851695,-0.1761639552053128,-0.12937130973203592,-0.27956017532147676,0.5609002415852244,0.6041919728375086,0.44673450812287424,0.37987988961025354,0.4127213316518745,0.4015600449159195,0.49836486924393336,0.509471624036236,0.5920439122820076,0.8889801505439121,0.8350385010823772,0.9211429634371398,0.9223855504890639,0.9309405304826405,0.9182214444331933,0.9084850129615067,0.8089072775757719,0.9530648678603554,0.5063450538544773,0.5348565355748391,0.19632026058533464,0.21168944092820305,0.38949181387421733,0.26446385836709246,0.49341861231256545,0.4004352023481767,0.5286399077331151,0.5899403413655228,0.6113358729686521,0.20498469834700517,0.3028462632507454,0.4509102051164982,0.25953882506024795,0.6123359524894302,0.3399037084372755,0.6336443729357047,0.5780433177264257,0.5136858401918961,0.5775451138299745,0.5758728009404375,0.5843778026037868,0.5847080416466951,0.5868759454034417,0.3813585782643133,0.6095912138849006,0.04504922485798392,0.06384896708933768,0.19273611004428687,0.18750979355208244,0.16228688739294314,0.17227886974886872,0.19568856317823458,0.18335134225499808,0.1823573740134155,0.34236441793136435,0.2785023393986829,0.3667038018626669,0.35865081366347007,0.3639201732453313,0.368469170135668,0.3741864089454325,0.22568778302081638,0.3919798584035244,-0.027777031114530424,-0.04228656064459901,-0.14324583164489227,-0.13847046917113826,-0.12357998701387146,-0.11913477928079357,-0.10542792662496527,-0.10045814568662421,-0.1302418386522915,0.2438007119581776,0.24442369598922684,0.3137975498105116,0.26152016408410234,0.29276187371146317,0.289753434721701,0.30520907229174976,0.1706429298737782,0.3102219153941548,-0.030527090693205687,-0.04533694320768005,-0.11379779704495184,-0.11512859499628848,-0.09300754007236336,-0.10886668826512629,-0.1449911741702542,-0.13378454407340556,-0.11990274504126867,0.2876001156588146,0.24401535474033823,0.30420221738073694,0.3059452673949045,0.31358714018270795,0.31154779268258037,0.2912741458307263,0.15593672345434514,0.31189969046837057,-0.039315617117851136,-0.044975818476829035,-0.1596934881920999,-0.1522521787878525,-0.12480477902289326,-0.1506986147525977,-0.17443154308565728,-0.16476723676227784,-0.15179927117450234
Fp1_variance,0.07105975576143857,0.07499942323009424,0.030327906660694053,-0.005663311060688675,0.0012340549603470459,0.00759138021747462,0.01625099308607852,0.03612271836030203,0.03615922940771926,0.7724646848757404,0.627813675272929,0.7333079395412309,0.737902775639505,0.744175775448945,0.7293863857546784,0.7134457978412653,0.43720719316341206,0.7386171047377514,1.0,0.7651580912312187,0.969399709560973,0.9785408206861922,0.9804414499902461,0.9658939529428777,0.9679340926367002,0.27183119704277847,0.8953973807504564,-0.2565029997342157,-0.24345672763721743,-0.18888864157643248,-0.2318166442042311,-0.24358875148848294,-0.24772488225418138,-0.21407013388147755,-0.159650857662046,-0.2859845672281338,0.3620167651299992,0.3413008691936919,0.2904446462587133,0.27074384118321126,0.29811903523548555,0.30596801990095296,0.29097079857562314,0.24793713337872203,0.3702601106121894,0.7402829470097981,0.6156964974195728,0.6907920873528539,0.69914613582985,0.703433442947643,0.6984270967812042,0.6691007886614474,0.5029081976813339,0.7055488507585431,0.2604728329473098,0.2504551335344848,0.13739011006634755,0.17686373060488456,0.2086823315834968,0.17434158178504483,0.22991207504662414,0.16816041669556464,0.2819033116010952,0.39613829279230073,0.38751228866922244,0.2500163607405827,0.4023135258103859,0.37537989190797777,0.29582722398647504,0.3797088588465564,0.15626175750082857,0.4653661315144675,0.8818490050883672,0.7175760452231047,0.8498739032918635,0.8633528217611847,0.8715407846489974,0.8632137497085337,0.8645169274134203,0.34639213592597234,0.833488095426917,0.051628855417685915,0.04963466386556098,0.06748406274931094,0.06703190412110052,0.06621342388261439,0.06678262328103926,0.0671388085823931,0.06626450178707119,0.0756408845548786,0.4360962631402867,0.30880621896528027,0.44318149520192485,0.44069265491611936,0.44944479427119827,0.45421419035335925,0.45286917241004804,0.12398156569461473,0.4138347461460692,-0.03962901132899338,-0.03718487346418257,-0.055433691155726376,-0.05508452334027901,-0.0542534394897833,-0.05236742115625041,-0.049128821681767576,-0.04691726783807758,-0.062102056259761965,0.2959002845216165,0.25189136283953084,0.3332076511518292,0.28929215298189315,0.3192348133160683,0.3258601858857009,0.31856958250240686,0.07399645942043727,0.28852445832244794,-0.029697190534458788,-0.02808643500560587,-0.03703845358820693,-0.03788548713835816,-0.03611985921487298,-0.04003192952355178,-0.04417390495689225,-0.045766362589795634,-0.04477597338041338,0.3347630519674192,0.23812835034893082,0.31594903827400567,0.3251231634573753,0.33125604164780115,0.33849336759922655,0.2973746506815803,0.05291750621881092,0.2596477004182728,-0.04127157170040417,-0.038933750864359996,-0.04765440519935256,-0.045991639436623356,-0.04560828449902622,-0.048227033129684994,-0.04104891993682626,-0.0398735913915744,-0.05596569399930989
Fp2_variance,0.04737996269121843,0.09054971351414218,0.019450155279020484,0.009920413627260713,-0.004562010204106664,0.014967956322367025,0.015492438369201307,0.025515804099906916,0.03344559316171299,0.6048827158081876,0.7884750804846243,0.5898779253773435,0.5964233687488762,0.597265632393083,0.5897933047037536,0.5791925019312277,0.3695308280948422,0.6355939487879838,0.7651580912312187,1.0,0.7485589161369095,0.7634890260325793,0.7547854677246427,0.7552720093567097,0.7537655514937752,0.2201195935110235,0.7482962697370239,-0.21600674038883297,-0.30614359404018765,-0.16087347437936184,-0.17641913782155222,-0.20567278956198326,-0.19490145463177805,-0.17309266804528045,-0.1409972634320974,-0.24840388326348573,0.28921594702886366,0.42026202888669273,0.23918426102768825,0.2402498974702146,0.24440271890267584,0.26461927743231334,0.24767192401826024,0.20852985355391532,0.32897782605395676,0.603162544932387,0.7639396205609407,0.5762046655101456,0.5801619861770162,0.5842191168615012,0.5801050635693532,0.5581583391329511,0.4305699911877517,0.6212727651726945,0.2251018519778,0.30704126654172553,0.1259306278329255,0.13838494769605422,0.19041739827645895,0.1389834376269859,0.18807856797165265,0.17949191058712985,0.2615587259794911,0.31999358061335986,0.49486168066621755,0.2046565481293189,0.30363974619022593,0.3116939016378892,0.22656010188069825,0.2970314883002262,0.18371558908576793,0.4214311777763978,0.6858664991388834,0.8541204702701597,0.6672842653779778,0.6811568078117352,0.6838750648102565,0.6803970708467968,0.6811197618576561,0.2786645740860521,0.6932121002267878,0.054914830038496065,0.06025582939594613,0.07590373472635602,0.07578044848504495,0.07328803324718892,0.07482356454334788,0.0770560592774812,0.07310897870038703,0.08512626223913745,0.3733529764404658,0.48783175814774193,0.3869374796982135,0.3785816243056042,0.38893568637707754,0.39310355877139264,0.3924034070721556,0.10782827781118616,0.3922146206726111,-0.04279914564627645,-0.04574868014984376,-0.06109195342217009,-0.06121640397538229,-0.058269583195269564,-0.0578659653025006,-0.05343156232691663,-0.05178958132314555,-0.06873533647902792,0.2525778294333539,0.44356169022745134,0.30077942825935383,0.2466798846207111,0.27953839297946736,0.28380919150027223,0.28070371883913287,0.06520128369452502,0.28048342377455526,-0.03160822300456639,-0.03413796479176948,-0.04295354599910132,-0.043956893379505556,-0.041474724582750006,-0.0456910323204402,-0.05220929898554675,-0.051240292742176466,-0.0514429100854949,0.2902347396527133,0.4589990995331278,0.2794804369644147,0.2770032231746572,0.2847217894831885,0.29200030084284945,0.25503960919918267,0.04514724652187699,0.2552350857003528,-0.04294007799441484,-0.04633367319870335,-0.05399564961913588,-0.05233990414358643,-0.05151896290615217,-0.054207598724419076,-0.05079180860944091,-0.0416788398923975,-0.06318778169786168
C3_variance,0.05518632112831551,0.0670375094013186,0.02163056853249025,-0.012717644724838908,-0.012811644248548049,0.0024011102706830117,0.006890270413608569,0.02393900157353927,0.022804775400143217,0.7369328808743846,0.6187043121954988,0.7722306276987351,0.7536897599121407,0.7636974256091591,0.7377924340687056,0.7307870015735496,0.45177626391523085,0.7488245640565887,0.969399709560973,0.7485589161369095,1.0,0.9760552919224661,0.9868277042045702,0.9563028441715579,0.9698510503466341,0.2766368614116326,0.8952406744889563,-0.256976282988224,-0.2458332826397043,-0.20375183186779744,-0.24190469877031548,-0.26007635559605713,-0.25385438307710473,-0.2285836364259853,-0.17626122922354057,-0.30019674138607,0.33925362065687475,0.335325792965122,0.2995618496393484,0.2683777454473005,0.291264055665673,0.30418182439273245,0.2873186758826613,0.24282478785891376,0.3645854506514699,0.7113296514752846,0.6109691583081666,0.7247818572610742,0.7096796799887284,0.7151084479992951,0.7037230345514758,0.6821505114204311,0.5150255047347769,0.7130562142828363,0.2505024407809509,0.24677654314292208,0.1490244886647385,0.18443153437246956,0.22344360479182054,0.17824145547222595,0.23956802503256083,0.1824410585076822,0.29153005391443987,0.38690780308510636,0.3785103433595682,0.2685301954902608,0.4094145053345091,0.4012955972357205,0.29727444230398475,0.386831160578753,0.1704829571678828,0.4793697955716704,0.8491186983394802,0.6954695150807825,0.8638556013932339,0.8473812083330203,0.8574434479706247,0.8428772964697098,0.8501975946680764,0.3433626441889828,0.8197373505944302,0.04410873121828962,0.04694476403691958,0.0777604095526276,0.07698300343856049,0.07368869609414137,0.07442348398032081,0.0769105578639295,0.07470737938659539,0.08231927019065982,0.40293659314247293,0.28829562024344824,0.45847513146696395,0.41271498566043446,0.42740803433192043,0.4287213176847287,0.43436037084953666,0.12178799729575225,0.3965180369828082,-0.03627438507435953,-0.038839826878986614,-0.06310421402377539,-0.06254610206063424,-0.060412649656560825,-0.05860837854495162,-0.05381257793700691,-0.05147000437435869,-0.06796291635008807,0.2607791287288166,0.2338233628619259,0.3507436618660147,0.2619972990368594,0.3027686300053472,0.3042317176728705,0.30832378106272884,0.07511793204277915,0.2747974188276304,-0.024185847032271293,-0.025739369054338747,-0.04397287822939576,-0.0446466179126159,-0.040811786610632776,-0.04513028543730391,-0.05238240902085701,-0.052249648651863795,-0.04965430725819344,0.32083102228114196,0.23558510011358866,0.34649782330973034,0.32264876745143317,0.33638927198097524,0.3377188407994252,0.3057464073480906,0.05591803548347347,0.2642705104385689,-0.033450541522141275,-0.032718046528650284,-0.05389184420812418,-0.052130566744694934,-0.049315231068749285,-0.05207604613524131,-0.04878842973813159,-0.046679006894400264,-0.05789711931506132
C4_variance,0.060609382622388845,0.07135868368766152,0.027146976973218922,-0.008388991791945502,-0.0045469755487770975,0.007977243748793746,0.011787788789755328,0.029889889464929726,0.030207563046699908,0.734751555806084,0.6207792755349839,0.7475201910333358,0.7630438531812155,0.7569060126926211,0.7402750414147832,0.730509739373455,0.44790683837484685,0.7454487662501651,0.9785408206861922,0.7634890260325793,0.9760552919224661,1.0,0.9872462528718424,0.9736731062650369,0.9818180846191819,0.27672941313481364,0.9015864560923752,-0.2522309954146113,-0.24230088501049002,-0.19698666728193007,-0.24163930939091116,-0.25393144674772333,-0.2500932222920762,-0.22423163604681356,-0.17133994389736126,-0.29455237055365413,0.3413503737069269,0.33617613688112713,0.2897321309259545,0.272848381543399,0.29489407176843574,0.3083061520741769,0.2900582781625993,0.24527790872204955,0.3660811956818601,0.7090137124436326,0.6087302706155995,0.700889858162755,0.7156005051533925,0.7121865000792172,0.7043523696004761,0.680510370066833,0.512656171298785,0.7092071415453455,0.24491023390793007,0.24441450358017117,0.13991260830239083,0.18241195166340396,0.21399191701032966,0.17432060244136563,0.2331316413119351,0.1737327599314209,0.2826510429342102,0.3801415415436277,0.38003455054721186,0.2500283011367382,0.4099027737443156,0.3778364189334507,0.29573604264180614,0.38053719242915407,0.1603799620500569,0.4651605870274484,0.8648733717547215,0.7119859503036393,0.8508239500669756,0.8748863855231901,0.8723820924107686,0.8628981170849326,0.8671369118011151,0.34935918270798105,0.8336904658594242,0.03771483160534189,0.04082797945368866,0.07068688567222406,0.07125056843952386,0.0669018132367552,0.06867798031522439,0.07365181462765347,0.06906203108143724,0.0753298409158721,0.4220462369794829,0.3007321068430344,0.4399798354912139,0.4305827988097435,0.44271636242759504,0.44689813806801737,0.4485682877420618,0.12517977636388045,0.4076665186462114,-0.03485225373100401,-0.03780908596619981,-0.06259255441169359,-0.06258401811632,-0.060119357161386645,-0.05842701175619301,-0.054555014996895725,-0.05146821809511035,-0.06760364660336564,0.27927753107923053,0.24269776251036373,0.3375817003737996,0.28122343047593634,0.3148476115551355,0.321071418328042,0.3183361172609922,0.07613510345113911,0.28445075307959594,-0.01417898483218839,-0.016208373613763018,-0.03412814290172093,-0.036216653719418464,-0.031148560078501347,-0.036653288442658145,-0.04751447662382457,-0.045046784069591804,-0.0397935821020306,0.3229959167434154,0.23427248631104047,0.3183106593440367,0.3241590986846665,0.3318997880411755,0.33757056558616605,0.3016920943246152,0.05482240283534153,0.25983125474568747,-0.03218659135987375,-0.03143852712036762,-0.048518506888434586,-0.04696401385800339,-0.044969511684827004,-0.04810817243412364,-0.045740438136265264,-0.04288313800980826,-0.05367847294159959
T3_variance,0.055510441077990885,0.06821040235878377,0.02253869055710284,-0.013165663084162135,-0.011725569572861335,0.0038165767778893913,0.006492048970170675,0.025130910559971718,0.023671732268954703,0.7403923536538068,0.6198036243756594,0.756320760342598,0.7559957124021407,0.7680498894948931,0.738419114165442,0.7338305555609652,0.45453016986393446,0.7492573575087672,0.9804414499902461,0.7547854677246427,0.9868277042045702,0.9872462528718424,1.0,0.9650404932991601,0.9816619221523837,0.2806393589693294,0.9026474047745239,-0.2590978562834968,-0.24583055505325307,-0.2019799376035039,-0.2439620297245843,-0.26109942949562936,-0.2540181897338024,-0.2304806652003838,-0.176311638423197,-0.3010373481516525,0.3370332112421811,0.3331536250852327,0.2866497484800884,0.26589098937244776,0.29067349171780876,0.30245361804194054,0.285133852163445,0.24270279188836227,0.3607243020608136,0.7107049576412109,0.6084605514668395,0.7031975559247903,0.7090100481953104,0.715613275001217,0.701712009209596,0.6814962319549069,0.514923765069223,0.7094650829987759,0.250647418531705,0.24708659071282987,0.14640444453428228,0.18661216065705094,0.22394179974284872,0.1778216754108337,0.23805821380917144,0.18200454286620898,0.29103971536672585,0.38936314639388653,0.38029714915234714,0.26660357359990716,0.41558478109873925,0.40748898798095445,0.2988591787028155,0.3889376808375819,0.17271926283247263,0.4829848475735024,0.858579906257841,0.7015859097322558,0.845673753466753,0.8562047391445957,0.8675121155386154,0.8509282547061614,0.8600539217651789,0.34755056938644857,0.8251528433462957,0.04620955881198664,0.0489816669785098,0.07669162056372876,0.07623315599065734,0.07373771238201833,0.07404054623521199,0.07610993843454994,0.07422881343093773,0.08239380171266872,0.4136267932980578,0.2945382191482333,0.4352717406400043,0.4246421845021109,0.4361613969694707,0.436166355200226,0.44183555761842663,0.12347989499127499,0.4009306429192115,-0.03593372277215732,-0.038177308916661996,-0.06097969303546275,-0.06073798128288581,-0.058914217523080015,-0.056987453898823794,-0.05260268637167428,-0.050389872767136974,-0.06628105287604852,0.27105622798252504,0.23774967900693791,0.33197252569804636,0.2721384863414166,0.3080341291273267,0.3088029633723715,0.31150664221615104,0.07500998112662519,0.2774457552023971,-0.02734516118828871,-0.02899932543988848,-0.04456010059962107,-0.045360567328073004,-0.04228383492746083,-0.04615017591290318,-0.05209361574073052,-0.05228914607851973,-0.05099131293075641,0.32371182587842123,0.2346056064220344,0.32297546784857134,0.3251688743241525,0.3353110379441019,0.3349968689976806,0.30285798780655376,0.05559918900901691,0.2612402903385436,-0.03520408542857018,-0.03446815357660508,-0.053802115755767536,-0.052332741306405535,-0.049907202634054355,-0.05234186589265213,-0.04928073586693811,-0.047195710007806625,-0.058945829552222134
T4_variance,0.062092294191217694,0.07185543882763012,0.024527178714985807,-0.010298442618915596,-0.0018079154081881113,0.012020536877911742,0.01271793936263357,0.03398143102894854,0.03174861209833517,0.736292034714008,0.6216034672497628,0.7404792371018004,0.749677767233802,0.7491941342880961,0.7794559203879421,0.7227420205822727,0.44898408570765247,0.7463735887323145,0.9658939529428777,0.7552720093567097,0.9563028441715579,0.9736731062650369,0.9650404932991601,1.0,0.9616778414124713,0.2723490504381295,0.8898608557587259,-0.25212759370927806,-0.24283547180175213,-0.19843558620339952,-0.23911962584984486,-0.25009149091383537,-0.25839127748898283,-0.221213760120151,-0.16829010774071507,-0.294022377055922,0.3485480381229331,0.34158963376954954,0.2906743054334693,0.27361390003771713,0.3009154593671259,0.3303066904559999,0.294223563015302,0.25342535879269623,0.3744000716346764,0.7182177070896587,0.6154633504687165,0.7042824719263039,0.7132149469637661,0.7153497110094642,0.7428004099949812,0.6825043229741983,0.5198086699919249,0.7182064515521783,0.24788451474199888,0.2463230425621624,0.14247286442046833,0.18340365024164768,0.2120877222271745,0.1886833239922146,0.23369527708993046,0.17520925248984573,0.2867366872348915,0.37667359785808063,0.3769629953986671,0.24702971887632588,0.4019625022306324,0.3662719309328914,0.3106471909349153,0.3769227224319145,0.1581516534925774,0.4614924255613068,0.8602399386132981,0.7090122803051865,0.8426109038894725,0.8582205836464656,0.8635097955149337,0.8792367629989548,0.8581256157210304,0.34781823186771926,0.8289496821821152,0.04595582149399254,0.050694732862643,0.07656708226812792,0.07771749525606007,0.07307902457805454,0.07767751003823838,0.07656303169575202,0.07572072454366714,0.08356292379775306,0.4146012785821041,0.29684536878262324,0.4323398022608976,0.42256489705703654,0.43317819064924046,0.4467712585349043,0.4387717929424517,0.12261692224905031,0.40100800938316183,-0.037639062196931916,-0.04058378830974092,-0.062243869205365676,-0.0631484022645173,-0.0598768515968238,-0.06148182591205444,-0.05418648200864413,-0.053017210121589976,-0.06902764575138869,0.27265901950459126,0.24004543623929545,0.328218958450767,0.27106888495989245,0.3051511766854932,0.31520300391325773,0.308088119799157,0.07378437697112986,0.2769102854618628,-0.025386339322892876,-0.02823447298980503,-0.04340059787869667,-0.04498347295960145,-0.04066341544267495,-0.04670838131317813,-0.051797424875695657,-0.05224305462784381,-0.050204184701671276,0.3174684642702988,0.23353255237579493,0.31388056987048557,0.31445608437618283,0.324398892915394,0.336144681490429,0.2939591496290244,0.053642060626310994,0.25531080659860017,-0.034810321345743814,-0.036661443974952475,-0.0524930490885709,-0.05283142223088855,-0.04857623589778971,-0.05443508150118961,-0.047882239406093347,-0.04726711136100774,-0.05914923883174807
O1_variance,0.05595449751469272,0.06720721967438642,0.020024676304807486,-0.01110193577950713,-0.013725453862027686,0.008956737242921722,0.007929687269151027,0.026073794407161163,0.02443335648810532,0.7298654354722329,0.6156019574471271,0.7469571034536936,0.7540829422429532,0.7573194555932132,0.7361277411081978,0.7667650314818137,0.4633761275699,0.7504549128895761,0.9679340926367002,0.7537655514937752,0.9698510503466341,0.9818180846191819,0.9816619221523837,0.9616778414124713,1.0,0.28696854482663525,0.900806706864215,-0.25345358154287995,-0.24303854115989265,-0.20354692964808221,-0.24111360975593968,-0.26197573203356717,-0.24780773996480168,-0.2372517529631304,-0.18058071295431072,-0.3008513816496354,0.3371132761854316,0.33263418265398187,0.2842321199971363,0.2698780493529437,0.2882803977484243,0.3088565434740326,0.29997557088081533,0.24835088793932678,0.36492632938604896,0.7048267278821554,0.6053161829945599,0.7017715003100558,0.710702128665608,0.713536808587135,0.7022295937714049,0.7104529827979573,0.5270944650814908,0.7140913476894222,0.24571038116252875,0.24116483666899033,0.1467580790039736,0.1784804086582981,0.2211022618615894,0.17128726798080926,0.24297876176673436,0.1851322774235527,0.2881178909874533,0.3795336758727045,0.37471527653380254,0.25754806556069576,0.40132556951531506,0.3851535214201169,0.2901635213026324,0.3877045250174638,0.17371305974117102,0.47223197463565586,0.8513360176932179,0.700187009633054,0.8389643347053088,0.8528782087684076,0.860773208189246,0.848378604273336,0.870024357430911,0.35828535913804327,0.8262882142835679,0.048613542349012336,0.05233856388797556,0.08503816338599514,0.08545237446201845,0.08091321916290993,0.08236211218089884,0.08808852915683962,0.08469276803168206,0.09171912022162634,0.40633549152524634,0.2905672525474289,0.4305244334056895,0.4190765512172414,0.43028897781676195,0.43145333925866924,0.43878560613958384,0.1309102064370274,0.39969471368320175,-0.037488679439228706,-0.04176311256983518,-0.06671939275196721,-0.067460610409232,-0.06369379482739618,-0.06289950498409116,-0.06269382998334057,-0.058890851458327925,-0.07389192968873869,0.26339396587689146,0.232839728024861,0.327217875224682,0.26671985975326207,0.302157669122436,0.3043488116992123,0.3081235710105308,0.07818386962473767,0.27446829504398446,-0.02952967773653153,-0.03140167437890934,-0.05056039561474476,-0.05165554266413061,-0.04741468143265289,-0.05213432023572465,-0.05891137646064081,-0.058759612285761556,-0.05724073360471041,0.31145426929018244,0.22811990088204073,0.31441859538040484,0.315007086531155,0.32508071778196884,0.32700766989680724,0.3006687856796392,0.05788871810641383,0.2567277613395717,-0.03642155094215939,-0.03484661433541109,-0.05936548898289983,-0.05850565025337589,-0.054843008236172205,-0.057739686600241105,-0.05592647162155047,-0.05294241652867961,-0.06425849149151226
O2_variance,-0.04429069357473059,-0.011942287432743759,-0.02266634963057536,-0.0212402597000112,-0.06528158586608278,-0.008566061825834071,-0.01930298927760416,0.033256340233107515,-0.023968889625260777,0.2251269548041449,0.20555420082278042,0.2369834723339136,0.23777836767398433,0.2414630143129386,0.23732755175781253,0.2544133002975785,0.8392607064479756,0.3879873570223906,0.27183119704277847,0.2201195935110235,0.2766368614116326,0.27672941313481364,0.2806393589693294,0.2723490504381295,0.28696854482663525,1.0,0.6502043698149977,-0.14397764783783762,-0.12269515771423366,-0.09496889303501986,-0.09609926270818134,-0.14296893710833436,-0.09445160789437883,-0.10240483326860517,-0.25588696350061746,-0.17497064252119832,0.056855777343463636,0.0856126226358015,0.06488838151888081,0.07069525361235232,0.03895790975416324,0.0902057606990848,0.07787997238863768,0.3108182847736282,0.13403130723773457,0.22615807163255736,0.21061787833193374,0.22701407580210659,0.23142556298667205,0.23204744760129534,0.23240992225572304,0.23533545236469078,0.6934401070787767,0.3257949671309479,0.11754025793245255,0.09170076666346585,0.07776476347709672,0.06542504424908231,0.13954969241119997,0.05910112430149874,0.0884651461480523,0.31404667770137284,0.17914655093034154,0.14067721340263853,0.11393151317395962,0.10770885309025971,0.11987845672038125,0.2047335358834945,0.08038245075004663,0.11879536216536855,0.5274622886947452,0.37361386996627005,0.23777037884182264,0.20285646588936504,0.235828286338463,0.23872943101187297,0.24192561683926428,0.2380506133166916,0.24849194738185512,0.8589802953354785,0.46705497138745106,0.04269726930760413,0.045265851379018736,0.0607512511937163,0.06184912109455713,0.060085976402247346,0.061790478360447355,0.06612018126442928,0.06508674918074059,0.06995227124177686,0.11156624723568755,0.08049999982424673,0.11965778410594054,0.11521414059296896,0.11909915641140766,0.1186824633358236,0.12048379773029921,0.7052217344223366,0.38628829487020466,-0.03664083107409906,-0.03943493871409548,-0.05060412215504988,-0.051221066403315904,-0.04969344439708726,-0.05014506444639192,-0.0511500339333214,-0.04871827098934647,-0.060084861000442163,0.07113479613263926,0.06379990444582273,0.09138195018463359,0.07188100679986932,0.08310983458757165,0.08250784916901488,0.08343648314844644,0.5495158281124876,0.31535202550175495,-0.02539549489400459,-0.026534377342386204,-0.03621290551066234,-0.037985807333977654,-0.03573967682870155,-0.039379482006268215,-0.044443154367267604,-0.04489914882792656,-0.04365373383267861,0.08946013608000337,0.06666493495422521,0.09140283334730269,0.09067478038125071,0.09444482496293137,0.09297913189036591,0.0841423230750568,0.5909971164653312,0.43237596372926035,-0.02741800888761057,-0.02625628547165845,-0.0336433654064203,-0.033790835331964766,-0.03370934956949754,-0.03574071102167087,-0.031040714224723043,-0.03251134414267389,-0.040476140712595914
avg_variance,0.028872715326048366,0.05516884915387283,0.009715909405617978,-0.015060944728214405,-0.03368273876230082,0.003158156153274544,0.0008446837110256717,0.037789005781251175,0.013534248976590944,0.6907099287980247,0.620501914506965,0.6996975338401527,0.7028449912252941,0.7074331997165844,0.6955408577792963,0.6943193432396488,0.7211229400119308,0.7678858144754084,0.8953973807504564,0.7482962697370239,0.8952406744889563,0.9015864560923752,0.9026474047745239,0.8898608557587259,0.900806706864215,0.6502043698149977,1.0,-0.2670919209756103,-0.261341376731527,-0.20002910807052973,-0.2311273442658675,-0.26552497449541473,-0.24110974351426123,-0.22368573664822242,-0.2477360265523053,-0.31321668109319517,0.30113437636186025,0.32455071977516586,0.26071239049625033,0.24931012630386265,0.25284950082398716,0.28853753364298507,0.2680591425860291,0.3318164318858316,0.3550717509558699,0.6727250046096831,0.612673946861115,0.6620553168702655,0.6680645726864236,0.6709107415718655,0.6679151854812272,0.6494234091015834,0.7115455476904735,0.7149949199720648,0.25329422839891347,0.24963926596511993,0.14959516196715847,0.1726989172225925,0.23559457834077746,0.16681367060074137,0.22670789438356848,0.28140857439031075,0.31021862960920227,0.36935764203476024,0.3760266144706612,0.25131894879020344,0.37389211985792437,0.39650644076284286,0.27125608144567775,0.356292196985341,0.3646398461246636,0.5423244955867688,0.7897035821427654,0.6871385253931762,0.7781093907601702,0.7881271626354306,0.794519957651526,0.7870452147382467,0.7943240007060254,0.6469064836792383,0.8657950235491167,0.05706559697876783,0.060629382295515136,0.08852059589407185,0.08902754922492843,0.08559646839520792,0.08761750557483144,0.09146815038219883,0.08891115035603561,0.09787576878690707,0.3852184557948394,0.3026371371526271,0.40738630204128407,0.39384070103897684,0.40486143683387604,0.40809157450474876,0.41010773726317135,0.40287382981252123,0.4964975477607884,-0.04687726205138135,-0.04993597367699609,-0.072620074340263,-0.07295725967708028,-0.07025963386591995,-0.06964317535095728,-0.06675056389427556,-0.0637686458611915,-0.08180039678778674,0.25339596557774785,0.2502276675070565,0.31098666750812165,0.25296357681480747,0.28637818341676885,0.2898092105721271,0.28912004483547676,0.29635677721905274,0.36553480874190025,-0.0323065293130871,-0.03410056721815184,-0.050484575603354113,-0.05219717527474413,-0.04830944920948602,-0.05370581610187255,-0.06138584223645439,-0.06138577390618989,-0.059266600461058944,0.29963752686248446,0.24937819297486083,0.29942076851112537,0.298044713345793,0.3073904969523912,0.31084901508994695,0.2780782249640567,0.2974776197364305,0.39867368806432174,-0.041931966194505454,-0.04136082945890054,-0.05799966462963895,-0.05704304748744152,-0.05508095079168424,-0.05858316037664449,-0.05334426276656268,-0.05145342935321993,-0.06603201456986296
Fp1_min,0.8939341543872116,0.7790065693741123,0.21980649177748235,0.40369884662327427,0.6738195710947384,0.4872700246150678,0.5805792887210711,0.4647505241821465,0.720956144131769,-0.1219555456492871,-0.11351425162319453,-0.14995083950338586,-0.1432382101716134,-0.13563678786299063,-0.1495120275397772,-0.15158699083813645,-0.1441942009259907,-0.15398175746784176,-0.2565029997342157,-0.21600674038883297,-0.256976282988224,-0.2522309954146113,-0.2590978562834968,-0.25212759370927806,-0.25345358154287995,-0.14397764783783762,-0.2670919209756103,1.0,0.8767062870776287,0.28852205397093494,0.4599085524034856,0.7064542216205713,0.5421956340878858,0.6401536895378644,0.5385582302902692,0.7902590821522373,0.6553908080974183,0.519397987364216,0.13741288500882068,0.3105689494886927,0.5368787952693923,0.3682986976752075,0.44167766974243655,0.3321908767624969,0.5003018767769598,-0.211747523856833,-0.19991253635518935,-0.1936773095641244,-0.19523403565827502,-0.17699544936638592,-0.19908610204228228,-0.18776820063404215,-0.17637872885755437,-0.20596593515341305,0.05456169686690297,0.16744737557600373,0.004649238206109633,-0.04062404794992521,-0.4340380138017571,-0.2641900830444499,-0.033248110972146104,-0.06849340165540947,-0.11412411092425606,0.12229780859162848,0.21468595331941603,-0.07795521590325503,-0.1234521748410545,-0.5461375087771254,-0.31438969783066534,0.08075978575140055,-0.0924953603633763,-0.1459270390512854,-0.25396396104612934,-0.22608986011732798,-0.2487826591440161,-0.24533496588305864,-0.2517719384283791,-0.25065380074412413,-0.2498584052624338,-0.15796390873944766,-0.2609725230775129,-0.018114807049938113,-0.04661195177642653,-0.06541447410789912,-0.02683480859537475,-0.03631541088954945,-0.030549863382691424,-0.047911007533604444,-0.04807992853985707,-0.048299616973873936,-0.1958861614143857,-0.14869682827521408,-0.1825324381727154,-0.19420400189388545,-0.18965701391803153,-0.1931965099596628,-0.18602759847792968,-0.10673850697513972,-0.20141445185441104,0.10886084524758277,0.0726047047710772,0.07464827297526368,0.05012795437077515,0.06876767439969847,0.05466364804273343,0.05924076527035745,0.043184417847628984,0.08238403687140346,-0.1460552113575289,-0.13230448571409278,-0.1409214973699493,-0.14244003286747306,-0.1452519795524936,-0.14746309730010845,-0.14546211033271395,-0.07846892327291037,-0.1556689622969783,-0.007474006881647512,-0.0015512346855917824,0.02362441865781555,-0.006484452372942956,0.0036117944740544105,-0.016895387614343536,0.013732764086810704,0.04291960064802227,0.009669789781088192,-0.152832253599905,-0.11948108671003106,-0.1343645463428973,-0.15416274598361024,-0.1444763408487145,-0.14711622484530756,-0.14026971142968866,-0.07107789120141592,-0.1477415312380444,-0.09667048746043216,0.022058477903183205,0.016374232214799576,-0.011174023056923617,-0.034377664435272015,0.022237307945032894,0.012868997253532693,-0.0239237228003727,-0.018233619040806677
Fp2_min,0.7848274543495313,0.8428642463565993,0.2280838572496176,0.3585459471903339,0.6533023419766703,0.4597145612869639,0.5726359326885508,0.5409576599751146,0.7143087922165569,-0.09879367199035438,-0.18000788351425745,-0.1459373793777083,-0.13824074005870501,-0.11806000008418113,-0.14571087474068703,-0.1418557498007947,-0.12682345245286408,-0.15134310735000486,-0.24345672763721743,-0.30614359404018765,-0.2458332826397043,-0.24230088501049002,-0.24583055505325307,-0.24283547180175213,-0.24303854115989265,-0.12269515771423366,-0.261341376731527,0.8767062870776287,1.0,0.2936813293738523,0.4158981990262272,0.67989939986712,0.5145834398171427,0.629735464706026,0.607013773334036,0.7856380386018607,0.5729034225828287,0.5524635054259618,0.1408130505713441,0.26643206909004663,0.5193033490089808,0.3404612704755024,0.4317833185950897,0.39996757072575617,0.4923078408958651,-0.1878166130972866,-0.27415213311561754,-0.19574251095020812,-0.19682135329737507,-0.16687906303507008,-0.20057966447839315,-0.18845279923898278,-0.1655589474131289,-0.21056278768256953,0.10006582442229778,0.19799074823729287,0.06825828642174443,-0.012379113674727483,-0.28241908777382857,-0.21661650279389402,-0.06089470985217819,-0.02309240487984597,-0.045456699736685646,0.14794046738846003,0.18931661621077112,-0.014316791097743423,-0.09014549430467589,-0.36321125541276406,-0.296241695538343,0.05668547872081386,-0.04612884538425612,-0.08025352717919432,-0.24564045209457502,-0.29320639550742617,-0.2417669252985823,-0.2386886797928977,-0.2438701818568914,-0.24341783294655264,-0.24302632926447157,-0.139505559174322,-0.25833221321536953,0.026461059370053216,-0.008142863483253897,-0.03813568810630282,0.012105940047363055,0.0020410760646109665,0.012705379682045062,-0.004443483788227418,0.0067922899523570985,0.0013524236986037187,-0.20869277533067626,-0.24900046378141902,-0.19683368203621912,-0.20847067317957502,-0.2039198945860633,-0.20751759298049477,-0.20218979736612977,-0.09352807713722595,-0.22164824374269623,0.08158545240543738,0.04586072837083017,0.06596554147108166,0.03554765988878564,0.050568704085388994,0.03444086125412347,0.035421211607096444,0.014339130630199627,0.05629181704753281,-0.1598381758570999,-0.219272319337352,-0.15786119355379324,-0.1592322686898258,-0.16041385496716656,-0.16525757349356085,-0.1655698809260806,-0.06835996478772452,-0.1740352608280309,-0.042948926981087744,-0.03011812633358223,-0.0044049747121859785,-0.04890477836447488,-0.027646151839177218,-0.061550243886939415,-0.027400336406838928,-0.008242040692139336,-0.03567709405117403,-0.16582906010238457,-0.20745270911410324,-0.14695341823581282,-0.1682320572537553,-0.15536385697234803,-0.16009122889409066,-0.15239759818636983,-0.05760708242859585,-0.1578665165764261,-0.12851045232035466,-0.0014400464813730156,-0.009874485174984746,-0.03903050464489555,-0.07022789808722915,-0.002640833189097895,-0.0023340903615684445,-0.04293745072587864,-0.05157494794565104
C3_min,0.18952258605666158,0.18781463666037973,0.9408488415999714,0.3893089105147901,0.4399682971941397,0.4776494157720344,0.4015967917005087,0.4993254730656151,0.6137615731175831,-0.13127955376826975,-0.1450461469271067,-0.1943032253342312,-0.175339330332282,-0.1876846650877051,-0.18072687823760755,-0.19635868986500493,-0.15587830235430278,-0.1878960271836298,-0.18888864157643248,-0.16087347437936184,-0.20375183186779744,-0.19698666728193007,-0.2019799376035039,-0.19843558620339952,-0.20354692964808221,-0.09496889303501986,-0.20002910807052973,0.28852205397093494,0.2936813293738523,1.0,0.46062570931487296,0.5164799215217729,0.5449828638258888,0.49391162522934257,0.5888088078744175,0.7079003204356683,0.07866099213433848,0.05484062797683021,0.7578704849720963,0.27511947076053134,0.30066526706844826,0.33617322914582043,0.25742816263563095,0.3425029844381151,0.38919374460823475,-0.2039920131266916,-0.2044339558595955,-0.2537602539388604,-0.24605920028369296,-0.2514893644819044,-0.24368496361680572,-0.26007419807393484,-0.21974115187298005,-0.25199325393604627,-0.061379418078564486,0.079924658098731,-0.834357159752324,-0.6242069630328331,-0.26254123421486014,-0.4830770987469468,-0.21203100916499912,-0.12340828014853254,-0.4657391381385475,0.04314889371028937,0.17456317329296572,-0.8273156327581643,-0.6253565184732506,-0.2821781055535436,-0.4684067425739957,-0.06012528686515971,-0.06258970519974923,-0.3830158404432458,-0.17869060511886103,-0.158615142311421,-0.18533104335047684,-0.18152416393245172,-0.1840484816133999,-0.18463143412566033,-0.18748422525048195,-0.10544622966520675,-0.18751293269455618,-0.04459478289845729,-0.11717608734964649,-0.16879687835028745,-0.2020900088810977,-0.14207003893695117,-0.15385626421605011,-0.19321206601312593,-0.18474798488058883,-0.1828108230924616,-0.14534056258396208,-0.10263421115052915,-0.15578032584822551,-0.1584851124591249,-0.15553177242325875,-0.15554485969747714,-0.1580977888050405,-0.07498465489681637,-0.15607815359253252,-0.10214307559940962,-0.04453165598783007,-0.04762566059460619,-0.008637454956174946,-0.07837321143027194,-0.05422619049747054,0.04746561062920273,0.05406381393536121,-0.033691824196263744,-0.10285897196496309,-0.09087360021382694,-0.13208407145486414,-0.12055345309717963,-0.12649321290641577,-0.12492325807920192,-0.14348277511525825,-0.058358010175512516,-0.12670922224520237,0.18186673340133017,0.24148881658788504,0.29351592449425423,0.30463042213411917,0.27737560723779164,0.27072212932081435,0.1910132848781114,0.1620191292618768,0.27986757041109894,-0.11650371075462791,-0.09105950126924553,-0.12843438405503457,-0.1392828827517168,-0.132725239914545,-0.13027831967421744,-0.1354493368962364,-0.04855588799410373,-0.12120683029598496,0.012870709977114352,0.033227742601371194,0.15449308559741184,0.18536237458576058,0.13113010611545547,0.15581169628873118,0.1950488761213396,0.20616197746144066,0.15809411910897356
C4_min,0.32937922176981616,0.29418298339360915,0.3549665633172897,0.9334092730887973,0.4562781649030894,0.6448364222746471,0.321320969161619,0.164697453794656,0.5795644923173233,-0.23128712996988945,-0.191382547169667,-0.2989407730672106,-0.29830590120407846,-0.2885044502631193,-0.2834595272674731,-0.2895735978355118,-0.20034242856892548,-0.28262082307095354,-0.2318166442042311,-0.17641913782155222,-0.24190469877031548,-0.24163930939091116,-0.2439620297245843,-0.23911962584984486,-0.24111360975593968,-0.09609926270818134,-0.2311273442658675,0.4599085524034856,0.4158981990262272,0.46062570931487296,1.0,0.5529803509545657,0.7245760185702979,0.4400970623759751,0.279685865827786,0.7070859914773655,0.16962419679271307,0.1364143389821094,0.21388562555769344,0.7414184757622814,0.29326722279319173,0.4620376631433105,0.16906506089164028,0.04726381268137243,0.3383473420061414,-0.2679244311102334,-0.22172603730884896,-0.3173517383058744,-0.3315252740493979,-0.30734452516695293,-0.3046695170169408,-0.3151020961822089,-0.254527016861616,-0.30938786500172677,0.09155493434181187,0.16511172264630133,-0.3257271345072576,-0.6294985126698185,-0.47852804113092917,-0.49552721879626715,-0.4188808988624096,-0.08445981126323053,-0.3938428424450766,-0.0008438860529841385,0.07226153577225974,-0.3535814174437328,-0.6889963056185422,-0.4192227738259801,-0.5285660578585215,-0.3407012507497161,-0.0748958043857196,-0.40118123042977805,-0.1953531069941348,-0.15863068215038392,-0.1977501151559231,-0.1982613550885502,-0.20073620170929393,-0.2003225126042727,-0.20142869192905166,-0.1038196470408809,-0.19829198141970833,-0.005784698382088969,-0.022431150385934382,-0.11447709221789637,-0.14308588011036116,-0.08260829511353086,-0.10392814350093513,-0.17482255355317336,-0.1704162164415684,-0.12518368929540563,-0.13898633373360184,-0.09924261431957951,-0.14309140820684912,-0.1533667509358953,-0.14670453626597194,-0.14693218257938828,-0.1531468547435697,-0.0666115786438183,-0.146627699570118,-0.053137709647380245,-0.04525488817094471,3.6489375500520755e-05,0.016835090756111386,-0.024817027168865493,-0.010713596177355783,0.03321152745023201,0.010016672763054523,-0.00880165162254581,-0.09983077074772627,-0.08610373392747234,-0.12113141501804778,-0.11827900592479883,-0.12061590723508792,-0.11706461126210001,-0.12702770326325205,-0.048424017126087196,-0.11627788638614733,0.0510132029144508,0.06529262996168093,0.14881685787328666,0.17988666300481573,0.1308524263102709,0.1420672362849192,0.19086175935918992,0.19785799034414198,0.16885952191119766,-0.10492253462255274,-0.0783321856518333,-0.10970558509633666,-0.1314087989018759,-0.11909669345913754,-0.11776369861553171,-0.1176905483491317,-0.0387545766023647,-0.10505740319938939,0.02054092000533196,0.03208922068344202,0.13734071218202384,0.15172387674167903,0.09290993933671712,0.12843181673705395,0.1556793459098211,0.1476820954283589,0.12841423749355474
T3_min,0.5767559968097181,0.5516120212909014,0.4035950707049274,0.4542259404031188,0.9239231794736193,0.3091652085333312,0.729183925998211,0.5970038066962357,0.7545866074969136,-0.2248529903875729,-0.21816892629525797,-0.31611246323766673,-0.29425654757973185,-0.3028132844315797,-0.291107799408904,-0.3209735917489297,-0.2436701887463146,-0.303198853113824,-0.24358875148848294,-0.20567278956198326,-0.26007635559605713,-0.25393144674772333,-0.26109942949562936,-0.25009149091383537,-0.26197573203356717,-0.14296893710833436,-0.26552497449541473,0.7064542216205713,0.67989939986712,0.5164799215217729,0.5529803509545657,1.0,0.42463703774943135,0.8441529267647014,0.7186956638720559,0.8830395229118317,0.3763796863019786,0.31511197649368916,0.2564531968395953,0.3103931765649833,0.7030908585343201,0.16438279090050992,0.5156072980374798,0.4017600287599542,0.47439216087443176,-0.2616788977779362,-0.25620603369849376,-0.3311734739964937,-0.3233539392360764,-0.3261445710777462,-0.3148337406621312,-0.3399615462319114,-0.28941344013466497,-0.3270320286237002,-0.15555393241033033,0.0865312791819631,-0.23489584221648654,-0.3103890661615391,-0.703842774717527,-0.15828326309386248,-0.5434504487446058,-0.28783945866597543,-0.42299873221886747,-0.10044098936204861,0.08890510438052339,-0.18894205791407342,-0.29212891544271,-0.715561553290047,-0.14896809374696798,-0.35692143311848695,-0.17748484534911357,-0.36158745930761566,-0.21452989489506227,-0.18907817447832176,-0.21951248045038213,-0.21642887837968236,-0.22185782956852115,-0.21868352967735732,-0.22461437207839852,-0.14503215742408995,-0.2297608547682292,-0.04314573313227436,-0.08743306021624125,-0.16596005602675598,-0.14268009235450071,-0.12986096965524951,-0.12696021490847142,-0.1626250865356466,-0.14162162767364506,-0.1514007505214611,-0.15873072944364042,-0.11683241752651963,-0.16619803539327094,-0.17287157970899128,-0.16954366757761655,-0.168830464542547,-0.17415895071139248,-0.10390506136219352,-0.17980090966091802,-0.004876133788430418,0.005881228726984157,0.029091714112668674,0.02894344720312429,0.01529832831417541,0.009721016886376967,0.05494416796617221,0.031063648052112827,0.02836823197750964,-0.11418528202749614,-0.10386679184835648,-0.13603183840013522,-0.13053179237605725,-0.13529066338223172,-0.13366512078125703,-0.14836898204667526,-0.08039103883837273,-0.14419707224339504,0.0960411730171584,0.13056546176162637,0.19488768559355807,0.1694807028283372,0.17138186480870488,0.15729580671249718,0.14801434026078553,0.14193646228177437,0.17896810947570285,-0.12183105117568255,-0.09869770694979751,-0.12741020212237675,-0.14203753027439692,-0.13736245754409535,-0.13540366504018878,-0.14015140785694577,-0.07041405099136958,-0.13795571327763484,-0.01057113100238191,0.03907852378534261,0.16728696176818011,0.13977061401815616,0.08940746844541832,0.1364694451913469,0.15835398812715193,0.13154369809139058,0.12453291989718968
T4_min,0.386189569785936,0.35677227658649296,0.4339446698532546,0.636832523686895,0.3095561380002871,0.9193314987810282,0.20140614138661822,0.10853027824953143,0.5459204167570894,-0.29536448109459845,-0.2679140518209629,-0.33981686402544076,-0.32073293214499704,-0.3242600875259947,-0.3473648077438909,-0.3110179876806423,-0.21010426572169494,-0.32640403301851695,-0.24772488225418138,-0.19490145463177805,-0.25385438307710473,-0.2500932222920762,-0.2540181897338024,-0.25839127748898283,-0.24780773996480168,-0.09445160789437883,-0.24110974351426123,0.5421956340878858,0.5145834398171427,0.5449828638258888,0.7245760185702979,0.42463703774943135,1.0,0.33119286993458635,0.2282792829206562,0.6920529325973583,0.1927019761874424,0.15500082171592122,0.27314778213629265,0.4673591273047565,0.15455086113442834,0.6851162382764879,0.057796911200672624,-0.004670223591314143,0.2950798588725812,-0.3252706965930898,-0.2902387901197475,-0.34568152290842047,-0.33842711110181917,-0.32993337715321996,-0.35969988330915625,-0.3330946625772587,-0.26400137666908985,-0.3440990958720852,-0.12731268963626918,-0.12069511988315877,-0.39190033685379605,-0.5098169888068033,-0.3378165480570573,-0.8689553535270522,-0.2585468555986728,0.03331396099669409,-0.4519911077740653,-0.08902976206115365,-0.0626991315964643,-0.42971429506400066,-0.5803368411182335,-0.3344508015199811,-0.8758059629288049,-0.2046727910653409,-0.012805623788496624,-0.42588226758805575,-0.20642525323797395,-0.17150055047439014,-0.20606104800808753,-0.20480892798069195,-0.20809274543353143,-0.21176884739653307,-0.20637220945029128,-0.10297614053607505,-0.20570746930277595,0.04900258936221725,0.005636691026193231,-0.11172639846937996,-0.09618102278038848,-0.04602133717030426,-0.06357806127575184,-0.09847481740131679,-0.10794171742904313,-0.07223521990073126,-0.15932168933648103,-0.11311911530394124,-0.1542871613281687,-0.16422422674384385,-0.15909144643021395,-0.16563824301821628,-0.1618149839886755,-0.0660238464155788,-0.15823123604231373,-0.02099735833632903,-0.05023369823550826,0.02927980148723348,0.015494730360778157,-0.00829813875081817,-0.013353993312355589,0.005785095922861528,-0.005010868431365563,-0.005386271209766854,-0.11608438519347825,-0.10022783292284353,-0.1266339676136323,-0.12519538298199803,-0.12842014723750056,-0.13071319622745659,-0.13637237546905223,-0.046771423285769796,-0.1245141101248759,0.039635322757611384,0.06324240648335806,0.1485201160957296,0.13215298245967186,0.10416176478020936,0.100996684428376,0.11670838934454604,0.1332713494166584,0.12651295709762012,-0.12650934219506607,-0.09523642160930121,-0.12629746902480188,-0.1472005206382067,-0.13500150231587857,-0.14100357478590855,-0.1362553871886373,-0.039034816264862666,-0.11865939423158005,-0.15778485912653803,-0.03266666690392646,0.04089144502817912,0.06191255266845497,-0.0308980571365933,0.06546240699334739,0.09724542155044678,0.09901248905138293,0.007391734788319306
O1_min,0.552807653798317,0.5444064968341711,0.4181378321582867,0.3730768221484589,0.7972111404461103,0.24982238734596093,0.9246954304584585,0.6006044526645717,0.7431845757621719,-0.09905140885796518,-0.09981558102178,-0.1878106196187424,-0.1654925369274154,-0.1839312025282988,-0.16760033614001174,-0.21306842242599563,-0.15788111867074647,-0.1761639552053128,-0.21407013388147755,-0.17309266804528045,-0.2285836364259853,-0.22423163604681356,-0.2304806652003838,-0.221213760120151,-0.2372517529631304,-0.10240483326860517,-0.22368573664822242,0.6401536895378644,0.629735464706026,0.49391162522934257,0.4400970623759751,0.8441529267647014,0.33119286993458635,1.0,0.6868525858598536,0.8235374762261645,0.3899380566642121,0.34925897518043125,0.3006571502347866,0.2713340318573258,0.6232247333592269,0.1469860475801445,0.7151919747484634,0.43355163382704004,0.5061495404982949,-0.17386909034944306,-0.17108217787063018,-0.23455051885595196,-0.2231766770826756,-0.2358220656192884,-0.22150090087114255,-0.2584368507988999,-0.21207948618541797,-0.2320600422575113,0.15507098078954457,0.2441492959733804,-0.21161084748163983,-0.3262171171592954,-0.524585683022397,-0.11816241952053463,-0.36674821145178604,-0.18836949746472154,-0.25482178470118366,0.24999346416234822,0.29118374365299804,-0.1617124092876928,-0.3269555594146436,-0.48669927779355854,-0.11770559998321811,-0.15739349674128034,-0.07824226507688853,-0.15645505284741223,-0.21414789973948467,-0.1832075414992743,-0.21840503588305496,-0.21533788330496859,-0.2199547058684589,-0.21833935913871708,-0.2249557179134328,-0.11888605011040244,-0.22040642011147155,-0.04650176984613255,-0.10045474228977191,-0.1708482798429108,-0.14835504931171273,-0.12851458445658998,-0.13007482850761284,-0.14252896605917653,-0.13032387781091465,-0.1506017326706292,-0.15366308867138342,-0.11381270750109848,-0.16060573278158924,-0.16540876599412127,-0.16307748570405814,-0.161724945370083,-0.16666090516078075,-0.07188668018749941,-0.16151751650170912,-0.019921996527411164,0.009396455725003913,0.025938231278908958,0.02953411941303912,0.0008763229634667224,0.016216024925319355,0.054087662241764194,0.04916683945653776,0.02788395678909354,-0.11051656865984598,-0.0990194414109254,-0.13581364881867816,-0.12843596594990017,-0.1333245125741783,-0.13213772211293395,-0.15028569618766535,-0.05538007723314922,-0.131220407555488,0.1258791221881232,0.1694634804658893,0.21726312515902144,0.18849808889239933,0.19717164323987627,0.17545659225308693,0.12143631925956401,0.1053428537236508,0.18892629201598143,-0.1191190081739793,-0.09377903436313251,-0.13261263028732764,-0.1466551507711743,-0.14234128935835652,-0.14244763669488864,-0.14484218548755637,-0.04355943680388087,-0.12303715566382711,-0.021623335030636192,0.01345648449737097,0.14199465113428936,0.11669554635657638,0.062310681210841566,0.09524438098044513,0.1446537193239538,0.14380870688814923,0.09936370246646618
O2_min,0.4928374725260573,0.5645964819289798,0.5433880792052413,0.22573640445312468,0.6983828709735245,0.16815366960187134,0.6309162542979212,0.9001714117510032,0.7181493200588802,-0.02422222214336431,-0.047849490449071996,-0.11635702102929558,-0.099307226694095,-0.09937161323737406,-0.09897639607102546,-0.13380808033125677,-0.23557464480921023,-0.12937130973203592,-0.159650857662046,-0.1409972634320974,-0.17626122922354057,-0.17133994389736126,-0.176311638423197,-0.16829010774071507,-0.18058071295431072,-0.25588696350061746,-0.2477360265523053,0.5385582302902692,0.607013773334036,0.5888088078744175,0.279685865827786,0.7186956638720559,0.2282792829206562,0.6868525858598536,1.0,0.7698932059965163,0.3725039383750813,0.38675590696031265,0.4349418964886486,0.1579482302685018,0.5659831036966599,0.0991727496935537,0.49140793812211936,0.669752322475991,0.5097681241895754,-0.08875696398631086,-0.10710840334650237,-0.16616824961630533,-0.16219893353630138,-0.1537390785621001,-0.15541300916569364,-0.1772640947233777,-0.2586395983720187,-0.17506598860031128,0.05498468071089758,0.22654503568364362,-0.25785322363458474,-0.20834931525960004,-0.27279375960557106,-0.00011908885765470577,-0.1854490652774145,-0.3173524369857064,-0.19505785972478767,0.1289686968103476,0.25904752297007305,-0.24922580017841595,-0.200628529325853,-0.32021866855859604,-0.019876654297221137,-0.01698496090037494,-0.2197041627602727,-0.17549798163133012,-0.16926213225475262,-0.15247742853430862,-0.17468417126910957,-0.17224786802290648,-0.1759419420019709,-0.17388407645641865,-0.1806767869425014,-0.2359820003754776,-0.22026553726321424,0.019026880950621945,-0.05881017365182517,-0.08475849121831797,-0.06787711589224955,-0.048014025746997285,-0.04248092826620398,-0.07219017796782096,-0.0527794922715225,-0.06185077337308553,-0.12645398403366137,-0.08799249595940768,-0.13648366523647695,-0.14042919967836856,-0.1380589024929599,-0.13683807458096012,-0.14272966036493395,-0.20065469661035096,-0.19296367792280678,-0.06724938788482226,-0.016480695093082115,-0.03717819834847521,-0.040415344726632885,-0.06578883424395142,-0.053329096033948725,-0.02160458394499762,-0.029200922613408783,-0.05184573781948975,-0.0915742818733357,-0.07904855765012066,-0.11678142485199901,-0.11012388938793224,-0.11280501529453053,-0.113629927648252,-0.12824345167220713,-0.17090244623540934,-0.16736978862359472,0.06757309145821382,0.12339388340723123,0.14727895639629668,0.12925251740767532,0.126037592450453,0.09591553815463259,0.08987399744940562,0.08623134987301892,0.12684281977165762,-0.10086140423127592,-0.07771008906068318,-0.11128531525953765,-0.12224523659717805,-0.11811783032831502,-0.11735897255714364,-0.09855123000144847,-0.17053633684795302,-0.18389153831773747,-0.049456769506174135,0.005120755612721527,0.11634604709113104,0.10671255402025526,0.06880399107316292,0.09018380270919008,0.12592841121798368,0.054255188384752365,0.07154976612987635
avg_min,0.6541954550072264,0.6438281560286762,0.6035701215623749,0.615890080751738,0.801891012092549,0.5945522930563286,0.7077876656010925,0.642238025838405,0.8745229251290625,-0.19797472238761732,-0.20177230353031642,-0.2859597485299534,-0.26685013817055053,-0.26887443577548864,-0.27102007991460386,-0.2882581238981739,-0.2448786822082394,-0.27956017532147676,-0.2859845672281338,-0.24840388326348573,-0.30019674138607,-0.29455237055365413,-0.3010373481516525,-0.294022377055922,-0.3008513816496354,-0.17497064252119832,-0.31321668109319517,0.7902590821522373,0.7856380386018607,0.7079003204356683,0.7070859914773655,0.8830395229118317,0.6920529325973583,0.8235374762261645,0.7698932059965163,1.0,0.43341304247638945,0.38280914908852753,0.4329944491137915,0.456672965154863,0.5971571519420232,0.41425266952800366,0.4986097310775112,0.4344421024639635,0.5678619638363522,-0.276696130596076,-0.2744872855636093,-0.33309130531791653,-0.32942139996090236,-0.3195045969677041,-0.3256382342195571,-0.3377485302616787,-0.3047463596861504,-0.3352838054592711,0.016072536919631168,0.17102275972008224,-0.387025043427596,-0.45882741364473173,-0.5342339210874059,-0.42143851530044196,-0.3515104505793613,-0.18515493489721127,-0.39675039116661454,0.07930438514732187,0.2010209466797951,-0.40049591497372944,-0.49712577669375957,-0.5567706097756081,-0.444634476096057,-0.17316760718199448,-0.13021596683033201,-0.3572091626889573,-0.2682736765153254,-0.24214814126592907,-0.2712693545900355,-0.2681335937988088,-0.27343546241043815,-0.27266073290501264,-0.27577058301171875,-0.18263546376393458,-0.28648815189739624,-0.011244037351052668,-0.07407080976450309,-0.15427688059980424,-0.1406146845830062,-0.10419582666393763,-0.10950115361280738,-0.15292716966825312,-0.14145996087625706,-0.1348828179210003,-0.20480039102517295,-0.1602954344905773,-0.2077298895885551,-0.21728535219170844,-0.21218466509330244,-0.21360937066906155,-0.21580144609133053,-0.13058943805757428,-0.2282782085384349,-0.024222119470667502,-0.009555411630635634,0.015748124942162177,0.016452783750713865,-0.015051004136569988,-0.008724736265381361,0.041181653962896005,0.025618271510870986,0.00824735887207998,-0.14923549104513312,-0.141568673861679,-0.17183146596958143,-0.16593291906689273,-0.1705761575243224,-0.17063413783264186,-0.18475224371747836,-0.1019098382334165,-0.1843057175949062,0.09194409432135484,0.1354276489775722,0.20290268319533883,0.18574651706023274,0.17276466574811647,0.15417722868673434,0.1474619378154836,0.1479645174699506,0.18331782965710866,-0.1604450407202764,-0.13428736562360186,-0.16385494531820757,-0.18516097773657963,-0.1746636023022838,-0.17543633573533915,-0.17113235568884272,-0.09122160361545006,-0.1782701564526441,-0.06336446703977149,0.018743961307152023,0.13360767566565374,0.12724950680453923,0.060446259005841406,0.1198980894284558,0.15462004123454473,0.1267719844783531,0.09457593767024146
Fp1_max,0.9019678288593445,0.8391375069124705,0.24906458038808946,0.35700228802676537,0.6061989372238424,0.4058019417927531,0.5830314153415905,0.5238921308900542,0.7161641030802895,0.6261326326950739,0.5288493144602454,0.5488144729833516,0.5539602832982241,0.5667288110887243,0.5511133373648243,0.5196300023094347,0.2986934325191585,0.5609002415852244,0.3620167651299992,0.28921594702886366,0.33925362065687475,0.3413503737069269,0.3370332112421811,0.3485480381229331,0.3371132761854316,0.056855777343463636,0.30113437636186025,0.6553908080974183,0.5729034225828287,0.07866099213433848,0.16962419679271307,0.3763796863019786,0.1927019761874424,0.3899380566642121,0.3725039383750813,0.43341304247638945,1.0,0.8852951644694328,0.4423261296304405,0.5527357239500914,0.7843883604818238,0.6105552949828463,0.7284307929378021,0.6152535467489848,0.8592394894700158,0.5993859048325191,0.49917039615451464,0.5474534320074856,0.5440641406990324,0.5682017096491278,0.543648148904947,0.5205745209923432,0.37945676533336237,0.5564389980689847,0.3753016187080426,0.47457070305400256,0.1367346153879836,0.11864487094335122,-0.1320701583859658,-0.030320402434058858,0.2569352649463981,0.13709840425670758,0.22797924003092246,0.4768311555374235,0.5603364760567563,0.09376311656928843,0.1331323293805175,-0.16647187932732566,-0.0628126244092249,0.4420597005164813,0.07950086356565729,0.26891506466428855,0.2421760590943906,0.19978541865462313,0.22988522442245285,0.22846269707639935,0.23268804117384273,0.2371501999404452,0.23088168447739837,0.06623473950045403,0.2171852550413293,0.04248538844676902,0.014660853299189097,0.054738836022253975,0.08561078334206643,0.07118099559173628,0.07960353566129821,0.07278294982650886,0.06494987739214762,0.07345418063923932,0.16047038693533583,0.12695286958007737,0.1810425220775325,0.16302373932201947,0.17382791762528813,0.17448246483483668,0.17968541862055262,0.017872625508044672,0.1484529709108732,0.03473276762772288,0.014573260168445156,-0.042136615423478685,-0.05974266619908489,-0.03849098316758874,-0.045594745018071696,-0.03909169353069639,-0.045801727009180275,-0.038164157568375906,0.1173686739542347,0.11763172826322725,0.16533310483575453,0.11694934484562605,0.14477715544767034,0.13901395004215628,0.14805207126897899,0.00972153120272994,0.11721803149987056,-0.028629928804597984,-0.02038482083373263,-0.02683038965628828,-0.054791646428122294,-0.04039683742965687,-0.06681344832101933,-0.0573755150133667,-0.030120423223233,-0.04820433530448085,0.15504906059236773,0.126267946790278,0.16843950597667803,0.14762800825378036,0.1638988771429116,0.16041902820126652,0.1408332696420483,-0.0005067197023685819,0.11045312401231783,-0.12466838013564195,-0.0310732341144813,-0.05494842236319755,-0.07430060187944264,-0.09397510966213458,-0.05779589962213288,-0.056480085806299145,-0.08388018517405355,-0.09409870708556912
Fp2_max,0.7703759232172755,0.8858340428644723,0.2363457728243357,0.33383258968092305,0.5551671210264847,0.37708480010637635,0.5508375408717252,0.5585107972675005,0.6861688568829851,0.6166874941852746,0.6814174040539085,0.5698697929409732,0.5772502427100699,0.5934927873515551,0.5680976998889032,0.5405396139551368,0.34534606529531486,0.6041919728375086,0.3413008691936919,0.42026202888669273,0.335325792965122,0.33617613688112713,0.3331536250852327,0.34158963376954954,0.33263418265398187,0.0856126226358015,0.32455071977516586,0.519397987364216,0.5524635054259618,0.05484062797683021,0.1364143389821094,0.31511197649368916,0.15500082171592122,0.34925897518043125,0.38675590696031265,0.38280914908852753,0.8852951644694328,1.0,0.43559582975367606,0.5373911356817892,0.746525579832355,0.5897540416399834,0.706257903344484,0.6612417184180777,0.8523300351748866,0.5950869015918725,0.6501421780944726,0.570284957956537,0.5681181008644959,0.5951151926034102,0.5636502718377049,0.5406526592642585,0.42317652028535807,0.5983875548627364,0.4387802329627207,0.5998932546222372,0.22062674766823848,0.1419495573954216,0.04548546440681273,0.025838999670932738,0.25017236887655897,0.2435377079826276,0.3403933343792729,0.5070184147748097,0.6569058256047308,0.16437074763407375,0.13754041649777715,0.028330511484695748,-0.04004655820392126,0.41895749324423087,0.17505357448568723,0.37414029469361837,0.228521497311762,0.289150191699734,0.22449326494950989,0.22349682825948616,0.22750977455427304,0.231136360211336,0.22636299149835434,0.08614565247146547,0.22973381251649302,0.06621725769176738,0.06697653661300079,0.0958049750112153,0.13277400671939585,0.1127086790767317,0.12751626386772053,0.13709749153996856,0.13166577115433942,0.13176681008447286,0.15644140148539107,0.17313696008233004,0.18049421827945253,0.16028192440195455,0.1714946298213874,0.1725686972786313,0.17637882029640492,0.03624096671800544,0.161442575686187,0.022337479619000827,-0.026869601246772404,-0.058702552010712554,-0.07961802915370662,-0.05734091710782172,-0.067047612576416,-0.0614192567747987,-0.07427976286135998,-0.06649902816308048,0.10963062389141807,0.16006718592367386,0.16470703146302348,0.10921584500981771,0.14053272476877748,0.13279556519652827,0.14176670422798354,0.02387690760872496,0.1250497507960153,-0.04301844441060056,-0.05081433876784827,-0.06228978911426721,-0.1000318214883426,-0.07213702785951422,-0.11071166768592074,-0.12171705958678708,-0.09189107442996199,-0.09837163789187678,0.1512267127660902,0.17785878449269155,0.16801023377755875,0.14398610092985129,0.16039156627966075,0.15698743507070398,0.13837080131190885,0.01558638278272298,0.1251348487381128,-0.15095461460353757,-0.06770110356493761,-0.10127120408931936,-0.11662976139635381,-0.13952366292080048,-0.09916299294328096,-0.1029397355694725,-0.1253562073883675,-0.1457039440341704
C3_max,0.31147711694765684,0.3347526671306994,0.9177716555453732,0.363666460549217,0.4210434366223384,0.4469339281030996,0.44449404915986657,0.5529951935846994,0.6519388497538624,0.4561074845413269,0.39042641306842174,0.4588265897008329,0.4591243281809683,0.4536183430187291,0.4461383736683251,0.4231447591315138,0.24731217435203684,0.44673450812287424,0.2904446462587133,0.23918426102768825,0.2995618496393484,0.2897321309259545,0.2866497484800884,0.2906743054334693,0.2842321199971363,0.06488838151888081,0.26071239049625033,0.13741288500882068,0.1408130505713441,0.7578704849720963,0.21388562555769344,0.2564531968395953,0.27314778213629265,0.3006571502347866,0.4349418964886486,0.4329944491137915,0.4423261296304405,0.43559582975367606,1.0,0.5112225356325643,0.5650185820419208,0.5914268330128839,0.5583180988196044,0.6026262848870747,0.7433439828063895,0.42672695389342064,0.3742065417091142,0.4387325488755728,0.42488761712173523,0.42778199624577545,0.41961194121083606,0.39678042530222773,0.29248402384006644,0.4242016851221466,0.2299914371692409,0.37799365321135225,-0.6336539041800078,-0.42188835725871254,-0.00534299955874605,-0.2782598861238425,0.09938105891281074,0.10541586357196077,-0.11243210987455066,0.37226057160358367,0.5052829253216518,-0.6213557060613483,-0.3678669055818383,0.004407749731809206,-0.2641678473645969,0.30093638162606695,0.09709370561101219,0.005442185841887697,0.20207998064308103,0.17296000782955764,0.21264380673183214,0.1976782078973237,0.20315437838469988,0.2031828898469874,0.19939662414286105,0.07064417759383426,0.19282824486647945,-0.01787380757576047,-0.06630697890688325,-0.01454241092446857,-0.049598245135411244,-0.01170167220703496,-0.018819043113272878,-0.036061797908117144,-0.039070377383804734,-0.038315348647826854,0.1279881006032892,0.111542189007608,0.16131324003307143,0.12803741222339315,0.1396416502734408,0.13972706486036304,0.1467883399401222,0.024278644179738833,0.12646168895849194,-0.11062495407026228,-0.07424820680422244,-0.1489581120488136,-0.10792562750798489,-0.16103101088114155,-0.13613024725022516,-0.03162060847017896,-0.0207011962307747,-0.12475496861251256,0.09576070966383923,0.10664659541654035,0.1523765560180124,0.09535921878366904,0.12275506979503609,0.11659475906870762,0.12028051504979781,0.017259186556938273,0.1039309963235654,0.1544838675736253,0.19545822117635853,0.18264330836268608,0.19187834021371925,0.18307200819427535,0.16660383062044773,0.061957920168806455,0.0467408933434406,0.16757519413850525,0.13027404889888125,0.11386555488354104,0.15949231686022197,0.1276620414460338,0.1462030239795227,0.14411897840986376,0.12703747453646655,0.010786830814717268,0.10578106079614391,-0.008948600375115735,0.005765179905357417,0.037850878698399454,0.0693425393266242,0.03364774989350463,0.04944223491002816,0.07266346990674542,0.08919622606234755,0.05009510058823464
C4_max,0.466776619048444,0.4589484664333813,0.39731145507150595,0.9161446858525353,0.4653425160333406,0.6441520295102986,0.39913343294199033,0.25919094600315545,0.6596185923315941,0.383652589492367,0.36755228243748456,0.36729531039442004,0.3841488386945735,0.3748478387030391,0.3750306673004803,0.35584417175633243,0.21898834043546028,0.37987988961025354,0.27074384118321126,0.2402498974702146,0.2683777454473005,0.272848381543399,0.26589098937244776,0.27361390003771713,0.2698780493529437,0.07069525361235232,0.24931012630386265,0.3105689494886927,0.26643206909004663,0.27511947076053134,0.7414184757622814,0.3103931765649833,0.4673591273047565,0.2713340318573258,0.1579482302685018,0.456672965154863,0.5527357239500914,0.5373911356817892,0.5112225356325643,1.0,0.5869936803063363,0.7527234014847473,0.5053214685402507,0.34710253932746005,0.7335655125685614,0.38608223420822885,0.37714371706144323,0.3790000501274634,0.3872940525956335,0.38898672450684674,0.38592643171683255,0.36009506863360363,0.2730591007191671,0.3896806421863828,0.38071792079059313,0.4712207688062419,-0.17863452226178803,-0.45769275373751117,-0.22905865087882202,-0.3196595801052151,-0.10990444693984713,0.13857214697561113,-0.06373620537517351,0.3444175317169861,0.4269452550842892,-0.19631402833832126,-0.45348645995734677,-0.13796455730925725,-0.347394797387503,0.035124615927421415,0.08704068661200288,-0.02085029614664734,0.20274502353819737,0.18505070456244316,0.2012205847257874,0.20001148251847797,0.202698273740205,0.2049736732734393,0.2023799320094181,0.07976040900718215,0.19662980124050675,-0.0009006530285964347,0.0024484678752582155,0.014807526139105106,-0.009243813605753286,0.024089976941430814,0.014762565674658267,-0.024370343218905795,-0.041196249345018705,-0.0037096972244117766,0.1445834482912244,0.12251634421201357,0.16188751422229636,0.14599221312507757,0.15546326983735512,0.15726135357739532,0.1579380051374088,0.035147218633304965,0.14203925577053045,-0.06954146039569253,-0.08086474564084052,-0.11317473105198114,-0.09870270592609268,-0.12247914531144068,-0.10883192545400563,-0.0581848000069879,-0.07275142213676578,-0.11489419282136785,0.11008889112981726,0.11770046109068823,0.15344638212707976,0.11112124313714727,0.13483087076299896,0.13264156480981923,0.14014030692127402,0.027745024633444186,0.11967908684886196,0.07471370754114717,0.07227794657134418,0.08885293356936476,0.11093377976623005,0.08751803828705472,0.08001607627115756,0.08035482179126978,0.10880805013221541,0.1047648646654583,0.14412228161907628,0.1253331450150109,0.16139619876621722,0.1450281133984575,0.15815083224588963,0.15696092949384569,0.14300729611288499,0.02068767422663116,0.12082654339821056,-0.0022671518063224565,0.007043292209588776,0.038737835927723244,0.05979053756175198,0.011504822577970544,0.035816173169521744,0.04534616950820828,0.04676845058250039,0.034988908064326085
T3_max,0.7169030493209809,0.7281958961136952,0.4335717838369499,0.4432721260733929,0.902965249968498,0.3138590574698622,0.7760412874112983,0.6793288675302406,0.8235771096614035,0.4431152570468893,0.38523881985070446,0.4064964154717432,0.41765279470400063,0.42651206364915073,0.41516718467686375,0.381723164766113,0.21400779022142857,0.4127213316518745,0.29811903523548555,0.24440271890267584,0.291264055665673,0.29489407176843574,0.29067349171780876,0.3009154593671259,0.2882803977484243,0.03895790975416324,0.25284950082398716,0.5368787952693923,0.5193033490089808,0.30066526706844826,0.29326722279319173,0.7030908585343201,0.15455086113442834,0.6232247333592269,0.5659831036966599,0.5971571519420232,0.7843883604818238,0.746525579832355,0.5650185820419208,0.5869936803063363,1.0,0.48129491616636033,0.8499533827456753,0.7115137941769366,0.8877616023052881,0.4459900217906883,0.38792543185210254,0.4235724281360109,0.422353725406171,0.44290773947182815,0.4252791368846928,0.3976423042130481,0.2860681057833346,0.4277574894921886,0.1767773912098612,0.4261911706247912,-0.05886849937616805,-0.10756430336043407,-0.4003060466865562,0.03294387499391763,-0.18554527147235614,-0.024738407667319787,-0.040155669518105876,0.27787868344298716,0.46990441965184,-0.013628593978363041,-0.028341070054491595,-0.3778101634592418,0.038064216010756644,0.06243654980373766,0.007917767133681555,0.06315198442000407,0.214718639741264,0.1829021370041611,0.21126168713178467,0.2102803682822373,0.21423776347524187,0.21759583902110174,0.21073529922014558,0.054431905477143806,0.19647142113440647,0.006950969030982263,-0.01637149434281489,0.013792119016818087,0.03435942782537249,0.028374991173446724,0.03484136702676602,0.0142262877388543,0.027458924940554696,0.02180421213095388,0.1467862746473335,0.12251429396482301,0.16579550761415368,0.14709640778560534,0.15826139143866919,0.15901879361767624,0.16329822242105366,0.007342316762614648,0.132572404008013,-0.025194262447647955,-0.03489772797669216,-0.08511008206802292,-0.08486139473924677,-0.08643844656288108,-0.0891795014784097,-0.03328001525690474,-0.052961647216289424,-0.07925971703168413,0.10901812804912611,0.11435679434091896,0.16098783807563277,0.11016783175701496,0.1392192365044413,0.13234766708210524,0.13983097077768777,0.0029368205430206225,0.10892223494357588,0.04555391863757469,0.06388271633619197,0.0634351705645796,0.0375536142488284,0.05408462336169734,0.031212572357689632,0.0015229387905143698,0.004664609663311611,0.0419841883760084,0.14901998314445453,0.12393829997146297,0.17025968943521355,0.14911741159728578,0.16646126371622835,0.16244827706097129,0.14277639176299742,-0.005097223503779238,0.10772496017987156,-0.046334106623053144,0.003042760140301791,0.025768524600786498,0.00326614458291575,-0.019198283601219873,0.013590565795992432,0.02182842711634377,-0.0008793273243529825,-0.0029046269892035476
T4_max,0.528867757850842,0.5274450261879802,0.47156036340474994,0.6277227382781311,0.3235964265379998,0.8966633515615771,0.28487021314874716,0.21655314991559768,0.6291520722842933,0.38774576579477676,0.3493466887175858,0.3842304425896716,0.4048310678893498,0.39953414720380737,0.40850552569781584,0.3911247035571575,0.2517245751048707,0.4015600449159195,0.30596801990095296,0.26461927743231334,0.30418182439273245,0.3083061520741769,0.30245361804194054,0.3303066904559999,0.3088565434740326,0.0902057606990848,0.28853753364298507,0.3682986976752075,0.3404612704755024,0.33617322914582043,0.4620376631433105,0.16438279090050992,0.6851162382764879,0.1469860475801445,0.0991727496935537,0.41425266952800366,0.6105552949828463,0.5897540416399834,0.5914268330128839,0.7527234014847473,0.48129491616636033,1.0,0.4255500848719019,0.33042800177382553,0.7276799627376577,0.3997168813195674,0.37007549291989644,0.41381736963727395,0.42348351504579096,0.4325656521860424,0.43324203846306836,0.40489351827391995,0.3177771480583268,0.4247383326994814,0.21439350403735483,0.23690371966480275,-0.22137246312312836,-0.31806864894046133,-0.06434442220211803,-0.6307639254840046,0.08050481367445476,0.27798007173953,-0.07231241758584649,0.30052405870688914,0.3367952884686365,-0.24847932712783385,-0.3192805251378472,-0.025080982646199214,-0.6326576973593483,0.206316390356458,0.1650591572520107,0.0038079586204758475,0.23293777918085795,0.20847028949040336,0.23189166852726073,0.23008383687961323,0.23431298793683403,0.24810272673437075,0.23552901987261102,0.10011111510899952,0.23020695153760282,0.07723071309319568,0.05653586322266969,0.04476924612941978,0.06106062706902181,0.08438280617049762,0.08216351976203516,0.06074340624001131,0.040725475741259634,0.07592482259435054,0.15293802606772988,0.13129934304347646,0.18158381667878115,0.16095545306312478,0.17225227211528857,0.17664287464959755,0.17875362726202385,0.04582742684457802,0.15953349740175077,-0.04703542034903632,-0.09100894689167616,-0.09185913282731002,-0.10552410079388412,-0.11195684764879074,-0.1236163577167814,-0.0862771818387286,-0.09276774602246964,-0.11955727427219634,0.11245271798308358,0.12306943488701984,0.17237315829722802,0.11876200045414124,0.1474343836518662,0.14371014024894246,0.15320032372335318,0.03629672918741006,0.13178064522294355,0.025591653580550135,0.03192439208081553,0.05341339366877722,0.0340866723899534,0.026832763468886453,0.00597136037406445,-0.004886290381378928,0.023211279082877463,0.028142112051484168,0.14883989314248267,0.13095464966432735,0.17384533985715334,0.1483193400492352,0.16972178156659853,0.16845604940628497,0.15030907232699153,0.02654912682915659,0.13039172069658658,-0.1771480254526891,-0.06521541242459782,-0.06794833369578523,-0.047518789869186624,-0.11480986819165453,-0.03342043801140652,-0.019598691155622128,-0.013524009402818527,-0.09460344006903038
O1_max,0.6375892625870577,0.6546765359753027,0.41175812399270306,0.3351809650875468,0.7224189416794757,0.2341014260261873,0.9083711735962421,0.6355164355022117,0.7516605172082551,0.5084614704412894,0.4497750628792925,0.48476409757546507,0.4976895900923777,0.49248476635193467,0.49191420343528686,0.4958183362497127,0.28891169810253653,0.49836486924393336,0.29097079857562314,0.24767192401826024,0.2873186758826613,0.2900582781625993,0.285133852163445,0.294223563015302,0.29997557088081533,0.07787997238863768,0.2680591425860291,0.44167766974243655,0.4317833185950897,0.25742816263563095,0.16906506089164028,0.5156072980374798,0.057796911200672624,0.7151919747484634,0.49140793812211936,0.4986097310775112,0.7284307929378021,0.706257903344484,0.5583180988196044,0.5053214685402507,0.8499533827456753,0.4255500848719019,1.0,0.6962390687923179,0.8516346360721209,0.47447711697902967,0.42124601949095153,0.47319263028475816,0.47817073311018926,0.47982175383682923,0.47358613473879824,0.49035222613262786,0.35045867814942766,0.48350052896888035,0.4408548608050449,0.5309684329981027,-0.034465211823998886,-0.1338058402171933,-0.21729957028405167,0.06380760536624683,-0.007418027533641592,0.07792829555912752,0.1112552503574291,0.5751655926981839,0.6182559605058998,0.015598076114084328,-0.0780163163619347,-0.1575177089349637,0.06360946089983058,0.23738356483539869,0.11475216193711647,0.2475865575111931,0.1886166679792941,0.16650737917307723,0.18727830477514187,0.1869092698540987,0.19003142085748456,0.19208783053057946,0.19672796970640605,0.07964640958233238,0.18540579677266003,0.012114408984424516,-0.020619792280619584,0.024837190012343878,0.04523940094134161,0.038782348655228435,0.045804026314319506,0.04964336345137269,0.05353211290375722,0.03817397166441333,0.13224667350892397,0.10956006980215813,0.15426525417067816,0.1374643978175152,0.14649058883818256,0.1479346930731244,0.1569881487318537,0.03896484286354037,0.13596097964571247,-0.04036202186171238,-0.030302434576348136,-0.08407252411958573,-0.08153599165165178,-0.09148430758314617,-0.07935119490133996,-0.03903470201218765,-0.03750760886526365,-0.0776631988310079,0.09748450032871542,0.10422287176589697,0.14888775849570285,0.10203780880782094,0.12801578886196516,0.12201362016777219,0.1333071801445646,0.026645261098199348,0.1113279164030179,0.05178948791387402,0.07791066362443184,0.05775349375850905,0.029883974893519384,0.058538062367067996,0.026486101509705245,-0.034691737910276875,-0.0427046193979737,0.027968804634760074,0.13470114640827488,0.1151277326055684,0.15273977296739336,0.13349127225451726,0.14751914055828522,0.14330603794244226,0.1532835846278495,0.020359052784447943,0.11513105031000266,-0.0472611551830445,-0.012176694897797815,-0.012339172747676673,-0.03671306703915581,-0.05727839952863618,-0.04193326352546013,-0.018365671412436536,-0.01599583544980706,-0.03941747686912388
O2_max,0.5213061692238139,0.6239324553337012,0.4884711209337889,0.18924418850670086,0.5906982325174898,0.1544772632563016,0.5965597212882431,0.9030139326876657,0.6885266185947527,0.4686166690229842,0.41753635853922655,0.4382435151011279,0.4476489928473768,0.45709974043507096,0.4507446593991606,0.4357421985680109,0.5241393004647535,0.509471624036236,0.24793713337872203,0.20852985355391532,0.24282478785891376,0.24527790872204955,0.24270279188836227,0.25342535879269623,0.24835088793932678,0.3108182847736282,0.3318164318858316,0.3321908767624969,0.39996757072575617,0.3425029844381151,0.04726381268137243,0.4017600287599542,-0.004670223591314143,0.43355163382704004,0.669752322475991,0.4344421024639635,0.6152535467489848,0.6612417184180777,0.6026262848870747,0.34710253932746005,0.7115137941769366,0.33042800177382553,0.6962390687923179,1.0,0.7907238501416866,0.44406354625990385,0.39831069363071253,0.4217033175335226,0.4230689726278685,0.4393239742412041,0.4290314357090041,0.42169681144412613,0.5440928237100169,0.47700465344991194,0.3194221079234287,0.4761148353054944,-0.06911774639758296,-0.028414191456025667,0.01569656657616562,0.14998614268814964,0.10903765467595858,0.058806635942560546,0.16583313895711657,0.41135186662807893,0.5267445252708284,-0.06682611227294927,0.011977555292711465,-0.0035331088518977126,0.12299634001906738,0.29459683566148936,0.15564678087783135,0.26614326595031895,0.15838811426200258,0.1395353900504853,0.15656827735892465,0.1559174018000067,0.15896307241769284,0.1628060132870019,0.16083800355883213,0.25803755197497047,0.21397225021990793,0.07586890106509166,0.029217253427543194,0.09290360519153172,0.11036460691831075,0.10611173564395043,0.12072548330024845,0.10961808155749639,0.13570747077210527,0.1181590845063799,0.1049582260616081,0.09268511311655518,0.11992228076438156,0.10602021460013117,0.11373623595251123,0.11508754341547348,0.11939748609686887,0.18826445890286486,0.1718787659946693,-0.08841575371644751,-0.06372255675152601,-0.1335105817476885,-0.13984791242029282,-0.14560069960462374,-0.14058847371757843,-0.10235559724699514,-0.12325747026747516,-0.14994924978259436,0.07579436874823268,0.08554349958905848,0.11468048292654622,0.0761117605133332,0.09895813003355529,0.09197378814299086,0.09843300610176664,0.1586634638824636,0.14841337986192416,0.0017408027364935353,0.03560226304776394,0.0007072490570204375,-0.018260114979507216,-0.003453341408966654,-0.0414921707485496,-0.06479255678289329,-0.06517644716170623,-0.026584659138242196,0.10771288444062478,0.09521355200012757,0.12293730080041894,0.10829257107951865,0.1205886833484279,0.11715378652877886,0.12355213993685284,0.1614333053879896,0.18393299842156527,-0.08079624806607116,-0.03685158239749743,-0.02965451241137154,-0.039250334821430914,-0.05033185910357454,-0.04221075456120261,-0.029374408021889536,-0.09723583884220303,-0.0667384436472511
avg_max,0.740079068551961,0.7741501741432415,0.5756229689612644,0.5436731668803566,0.7129763932163602,0.5246240333988943,0.7094645959148524,0.6922115551159315,0.8710912504100824,0.6009607484546968,0.5492033415979003,0.5661049041767432,0.5789875235906315,0.5821828386930117,0.5736152784119434,0.5489282365403746,0.38112193562434316,0.5920439122820076,0.3702601106121894,0.32897782605395676,0.3645854506514699,0.3660811956818601,0.3607243020608136,0.3744000716346764,0.36492632938604896,0.13403130723773457,0.3550717509558699,0.5003018767769598,0.4923078408958651,0.38919374460823475,0.3383473420061414,0.47439216087443176,0.2950798588725812,0.5061495404982949,0.5097681241895754,0.5678619638363522,0.8592394894700158,0.8523300351748866,0.7433439828063895,0.7335655125685614,0.8877616023052881,0.7276799627376577,0.8516346360721209,0.7907238501416866,1.0,0.5816097323147902,0.534604238821427,0.5660223497645112,0.5664887031861487,0.582047881838084,0.567005649777482,0.5459523017080976,0.45262236471831474,0.5850841481507906,0.39942968628019754,0.5590632471667574,-0.14458012328296935,-0.19422854373490728,-0.1479163866808188,-0.14252456382182146,0.07413159029490744,0.15147238797384882,0.08348362036061241,0.5077592144622501,0.6378262138899707,-0.14771003379904712,-0.15478950020994195,-0.1246562071044292,-0.16282161197620526,0.30913062544983044,0.13847446196564506,0.18777357270351505,0.2562153703994325,0.23546229619189732,0.2542623436730718,0.2506408784394279,0.2553933945625535,0.2604170586270715,0.2554056528704935,0.13127239123757925,0.2578510383520272,0.040786648525180325,0.008569706400530952,0.05125883648357555,0.06299753249325876,0.07039299090159505,0.07557328473606069,0.059278643829980576,0.05920078439893327,0.0646301047712433,0.17266503029320032,0.1513750119759705,0.20041369235146203,0.17600040637369224,0.18865648238002408,0.1904230655395798,0.19617691917638475,0.06810621843410383,0.18374789940293954,-0.05586345142086305,-0.06219486236785892,-0.12182639109018396,-0.12075248176575493,-0.13124991203279718,-0.12640066969950442,-0.07182327761761763,-0.0826389071809654,-0.12388100912488376,0.12692930479374973,0.14210202312407183,0.18936106704995184,0.12876531008663394,0.16217455780698714,0.15507268643715394,0.16485924939541785,0.053129461090988296,0.1512146986260801,0.04660883133222884,0.0676594432865727,0.05850892007421519,0.039736173310799566,0.04928024347804596,0.01747573731231988,-0.0204483255607195,-0.0076197160910711215,0.03368594226141876,0.17219278125112597,0.1542917147362573,0.19648657827895702,0.16974286189809212,0.18964763497339573,0.18604782929459818,0.1731507637189226,0.04538046277294141,0.15804997796984804,-0.09532064734329142,-0.029562039258414233,-0.02279578621458116,-0.025170851278597466,-0.0628757758434435,-0.025459362766328472,-0.010934137657572555,-0.030333153230989538,-0.05246537658282813
Fp1_amplitude,0.21972549288895024,0.26022563717574365,0.08933065263659559,0.034109003079053936,0.07028726334708507,0.008685243491286928,0.13912566391881764,0.18535698351659918,0.1626235779557646,0.9394475245105115,0.8046194593199033,0.8690695101956585,0.8686139680959837,0.8770800648239331,0.871579122938207,0.8330396099713031,0.5393188493554683,0.8889801505439121,0.7402829470097981,0.603162544932387,0.7113296514752846,0.7090137124436326,0.7107049576412109,0.7182177070896587,0.7048267278821554,0.22615807163255736,0.6727250046096831,-0.211747523856833,-0.1878166130972866,-0.2039920131266916,-0.2679244311102334,-0.2616788977779362,-0.3252706965930898,-0.17386909034944306,-0.08875696398631086,-0.276696130596076,0.5993859048325191,0.5950869015918725,0.42672695389342064,0.38608223420822885,0.4459900217906883,0.3997168813195674,0.47447711697902967,0.44406354625990385,0.5816097323147902,1.0,0.8577811067882444,0.9136499011183029,0.9109140782473285,0.9228180798133336,0.9144582364694472,0.8726068255800723,0.6779337104259954,0.9383005260920133,0.4278052011021685,0.43661983605962373,0.17200354411130717,0.19657677623355513,0.28910059275091365,0.2407562574439552,0.36770368609051685,0.2499912273554221,0.41594819182990755,0.4873945448766303,0.49753469629692804,0.2039442363747847,0.3031048277414505,0.36338933938425966,0.25191402833343385,0.48642345097067086,0.20089899451774623,0.5026229308321792,0.58252148348466,0.49812804350467194,0.5611263101452403,0.5556317159391215,0.5679211318189952,0.5725100350473922,0.5635557833521597,0.25311690233011297,0.557611780773362,0.07417309069827853,0.06837032982190683,0.1401571480778396,0.13921766857774587,0.13059351171841346,0.13538168974852335,0.14495547013050855,0.1349987133017619,0.14623587462843102,0.41524543637324635,0.32186319150165826,0.427712866785416,0.41676664290995136,0.425928030349953,0.4305261732325941,0.42966100183317035,0.13624871018668105,0.40555414175191923,-0.07042804447123248,-0.05808944619858695,-0.13363624953355396,-0.13043123373258333,-0.12268661273502686,-0.11693116473128849,-0.1133672475405142,-0.10503324583399971,-0.13669440124763702,0.3066619082955056,0.29242920243225967,0.3632858244610806,0.30228792310042973,0.34127645993815575,0.33616238502408524,0.3457368083117164,0.09574116715692371,0.3166556841822576,-0.029125348688700346,-0.02473339058016057,-0.05975506780150813,-0.06402662689227182,-0.05610019480866785,-0.068548944486416,-0.08879639296010938,-0.08446141517120112,-0.07262317727777005,0.36260163628012526,0.2900139262176786,0.36035633153294316,0.35440906154808954,0.36519741572808156,0.3634923499209911,0.33089294623988375,0.07467303756594287,0.2995005471559837,-0.058865568986750605,-0.06358559984921357,-0.08845524348786019,-0.08430064724478754,-0.08516757931129884,-0.09835351897700165,-0.08672230761950853,-0.08318416641533043,-0.10243705422573438
Fp2_amplitude,0.17340347803822087,0.2537087366191165,0.06477158385134135,0.05832316430638121,0.04500015701815494,0.01600456088048117,0.11353658454702469,0.15126593836505905,0.14053173258557955,0.8015535485194715,0.9502661280809995,0.7905119741687741,0.7920112166517524,0.7923551164203113,0.7882609660142413,0.7529519107369591,0.5140462877895916,0.8350385010823772,0.6156964974195728,0.7639396205609407,0.6109691583081666,0.6087302706155995,0.6084605514668395,0.6154633504687165,0.6053161829945599,0.21061787833193374,0.612673946861115,-0.19991253635518935,-0.27415213311561754,-0.2044339558595955,-0.22172603730884896,-0.25620603369849376,-0.2902387901197475,-0.17108217787063018,-0.10710840334650237,-0.2744872855636093,0.49917039615451464,0.6501421780944726,0.3742065417091142,0.37714371706144323,0.38792543185210254,0.37007549291989644,0.42124601949095153,0.39831069363071253,0.534604238821427,0.8577811067882444,1.0,0.8363909451196817,0.8348743728748705,0.838728077369821,0.83314555002548,0.79555797915251,0.6391519402445662,0.8823235334938355,0.4150237436685296,0.5116428438337742,0.19232524456650035,0.17505730463648464,0.309918212008413,0.22726877852801664,0.3441429534305481,0.30202949490028363,0.43416207381817173,0.45011272992177087,0.5853275388563355,0.20269185690009398,0.24085841177418127,0.3637721096101574,0.22383639634210153,0.4316968762330918,0.24401542592765388,0.5048164678786747,0.48756883326452544,0.6008775183535262,0.47939037270364937,0.4754347610759692,0.48478787312638866,0.48855967608914513,0.4826955662549462,0.2265564153633504,0.5005367350434115,0.05227696141540741,0.0846962554891398,0.14529684701786516,0.14215168605589162,0.12817613374945808,0.135539189346907,0.16222553379034355,0.14571673808650917,0.1507920330857876,0.37072730077643135,0.42673222367183056,0.3876678519051713,0.3749558137887491,0.38374410561307254,0.3882627916556427,0.38780212501196837,0.127068433345769,0.38830694927142567,-0.04859772172825183,-0.07280502241065359,-0.127858605827098,-0.12426217263051856,-0.11225260985472316,-0.10875025644649901,-0.10315022943508932,-0.09877051145014919,-0.12803561891945558,0.2721862468207289,0.3845543302037601,0.33392806362898725,0.27115538319350985,0.3083640458536169,0.3038526658875143,0.3144877262515137,0.0898614569855508,0.30291731850777825,-0.0104819756404091,-0.031172367257800475,-0.06785095081632758,-0.07083160573643452,-0.058026572475079634,-0.07162638553572907,-0.11545318641587622,-0.09850549624710365,-0.08097390784615498,0.325638385969322,0.3943070454221412,0.3277960982400401,0.3194750485404238,0.32667267892912766,0.3270544378621705,0.2985625082809073,0.07049452021586876,0.2882768447255669,-0.05701861777386134,-0.07679689574668593,-0.10783968291527583,-0.09898225382531627,-0.09695784546194693,-0.11200120358405162,-0.11663820044036868,-0.10548893140468103,-0.12109143019926488
C3_amplitude,0.20075448159608258,0.2376157369815294,0.06478637832805163,0.0029471666476996957,0.018237427072799062,0.004721440227685694,0.1058583341459319,0.13211329847420716,0.12118549207611916,0.8570564066044797,0.7786384975327165,0.9478961214368605,0.9222168301453022,0.9310579293524447,0.9103843930768386,0.8978247944320099,0.5813749451944178,0.9211429634371398,0.6907920873528539,0.5762046655101456,0.7247818572610742,0.700889858162755,0.7031975559247903,0.7042824719263039,0.7017715003100558,0.22701407580210659,0.6620553168702655,-0.1936773095641244,-0.19574251095020812,-0.2537602539388604,-0.3173517383058744,-0.3311734739964937,-0.34568152290842047,-0.23455051885595196,-0.16616824961630533,-0.33309130531791653,0.5474534320074856,0.570284957956537,0.4387325488755728,0.3790000501274634,0.4235724281360109,0.41381736963727395,0.47319263028475816,0.4217033175335226,0.5660223497645112,0.9136499011183029,0.8363909451196817,1.0,0.9688658890543156,0.9806366127562116,0.9577738237186245,0.9464978236596854,0.7363117209564963,0.976022434087702,0.4255328789274093,0.45033240983576495,0.20977075788538316,0.23427880350876387,0.35370065741677353,0.2528337017815707,0.43939398711876815,0.32627302666772773,0.4748116979066974,0.49248709701759324,0.5086993511375428,0.2183053355642989,0.31595534240184747,0.395204963785634,0.2535199679520394,0.5289896663180144,0.2301634103021641,0.5356317588603877,0.5457343858591766,0.47490881576660304,0.570542987757232,0.5431111626093217,0.5547072044925836,0.555552430339746,0.5538682588558573,0.24997912192468583,0.5441694064252132,0.03492449159576763,0.06308955420869028,0.21093869244676516,0.20482200023854422,0.1783370778365873,0.1840189951709483,0.21266296391207118,0.1965440307497213,0.19499521793841892,0.38994837639061714,0.30674197971739237,0.4537364608509813,0.408126688599436,0.4212634271583982,0.42140809086470515,0.4353936456499998,0.13927923116584734,0.40247516688046797,-0.023323408804139006,-0.048744132704943044,-0.15524869059281093,-0.14811526462826133,-0.13079674147280038,-0.12713835396275736,-0.11226003696213273,-0.10515903952538465,-0.13855704497088342,0.283653665010723,0.28328471141451633,0.4078477377562983,0.3074306501352688,0.35622959820976663,0.3449337699486501,0.3759620724505871,0.10597064751772328,0.3286182266079366,-0.021461351847365893,-0.04283505656009714,-0.13349641056507977,-0.1351134140674633,-0.11062926345165652,-0.1258808229320636,-0.17124033451275278,-0.15386503776731936,-0.13703752278565948,0.35361790431769274,0.29424372577906677,0.4133706381019072,0.3811211533115474,0.39957789202562244,0.3931176804465242,0.3749148628752457,0.08287325159789304,0.32378221195322054,-0.030995369403484133,-0.03722008108974123,-0.15667921465984852,-0.1525082478563721,-0.1307308583194567,-0.1413099107460425,-0.16092669091685716,-0.15172203712342386,-0.14348575239178063
C4_amplitude,0.20372088085924311,0.2410716194340329,0.07090216374166516,0.005619372993823993,0.02735620569806529,0.019688616019841162,0.11968995591256495,0.1381266315132254,0.13111178943773055,0.8571615896055955,0.7796999992203609,0.9271146136753288,0.9499374084687986,0.9233943932125213,0.9167201422001703,0.8981452901598733,0.5831380825461681,0.9223855504890639,0.69914613582985,0.5801619861770162,0.7096796799887284,0.7156005051533925,0.7090100481953104,0.7132149469637661,0.710702128665608,0.23142556298667205,0.6680645726864236,-0.19523403565827502,-0.19682135329737507,-0.24605920028369296,-0.3315252740493979,-0.3233539392360764,-0.33842711110181917,-0.2231766770826756,-0.16219893353630138,-0.32942139996090236,0.5440641406990324,0.5681181008644959,0.42488761712173523,0.3872940525956335,0.422353725406171,0.42348351504579096,0.47817073311018926,0.4230689726278685,0.5664887031861487,0.9109140782473285,0.8348743728748705,0.9688658890543156,1.0,0.9691574928083683,0.9611796690680948,0.9391957954194334,0.7336033852123055,0.9729404757312194,0.40947793792666864,0.4356587364573706,0.19637204950166764,0.2213890061481294,0.33541425244682255,0.23139018584293106,0.4209878239580404,0.31086480216572354,0.45149744458375857,0.485389919276923,0.5009783081834285,0.2097851471900672,0.30904773759050264,0.3820066904495278,0.23778869537247474,0.5174778072165342,0.22527450810014352,0.5218747968760883,0.5534460410396468,0.4781153816595819,0.5545960575320085,0.553598532218788,0.560776230550289,0.5634069329442041,0.56128008405318,0.254777784940284,0.5488861686612085,0.006681421698469018,0.034260902498646884,0.17810033754738583,0.18359164364497027,0.14736587820523903,0.1635437627970404,0.2059281500883736,0.1762179959950105,0.16677618528521992,0.39423116406386477,0.30860162531866725,0.4241996739929628,0.41596928034453057,0.4201317017438853,0.42297246673974903,0.4324622325226748,0.14093356561073866,0.40115277187467724,-0.02476442514608776,-0.05151461806983984,-0.15916705015466232,-0.1619001036926658,-0.13810187209066704,-0.13829161662676165,-0.12743418485377792,-0.1160462180663385,-0.14944165271591686,0.29193744339583183,0.283779070620189,0.3821607739070432,0.31873518321481636,0.35528021050034764,0.3473229962271086,0.37155422656758885,0.10553835203552743,0.32801763284681146,0.03495518849523843,0.011911929241010782,-0.07953985113187652,-0.09118278303925725,-0.05673502507425903,-0.08269053609183365,-0.14925382660124356,-0.11886251543932261,-0.08470555049791423,0.3467820131582468,0.283832719079585,0.3776396181980975,0.38444544488054055,0.385979414159367,0.3824750593380447,0.36275658177466746,0.08233114523936172,0.31421489414234405,-0.031408966275912886,-0.03418542586563399,-0.13423143386130332,-0.12439384327830266,-0.11147530219940688,-0.12609904874574676,-0.15013624251049967,-0.137149054604667,-0.12723798163848932
T3_amplitude,0.2258503863124162,0.27256479386111926,0.06752065057342192,0.01657978570298978,0.03548278512821943,0.0274361262329322,0.11228362421702544,0.15037135037288274,0.14344850536415998,0.8725656935832337,0.7871987149884553,0.938946973991058,0.9262216900634948,0.9487874786230894,0.9189473816935941,0.9121429830036605,0.5917205826240453,0.9309405304826405,0.703433442947643,0.5842191168615012,0.7151084479992951,0.7121865000792172,0.715613275001217,0.7153497110094642,0.713536808587135,0.23204744760129534,0.6709107415718655,-0.17699544936638592,-0.16687906303507008,-0.2514893644819044,-0.30734452516695293,-0.3261445710777462,-0.32993337715321996,-0.2358220656192884,-0.1537390785621001,-0.3195045969677041,0.5682017096491278,0.5951151926034102,0.42778199624577545,0.38898672450684674,0.44290773947182815,0.4325656521860424,0.47982175383682923,0.4393239742412041,0.582047881838084,0.9228180798133336,0.838728077369821,0.9806366127562116,0.9691574928083683,1.0,0.9623040536557701,0.9572458597706165,0.7451897788590512,0.9809785302702503,0.4311288550145229,0.4574685400695111,0.21790231592643122,0.24835040261958005,0.35525954188511927,0.24336109668103867,0.4385321275565364,0.3300262960394654,0.4799420919028409,0.49604321994008016,0.5125869601424934,0.22010387250410668,0.3306452195805897,0.3999402854065982,0.23842323209224114,0.5330144116970214,0.234301655438159,0.5398484996583168,0.5559249831857606,0.48153889293319324,0.5576115202575064,0.5524191189198906,0.5645249036498333,0.5649868398114282,0.5633443047995795,0.2552195634937179,0.5508710105639256,0.06363934290982803,0.08847322748409199,0.22758022956143584,0.22557015323002108,0.20145201028975304,0.20639093891333557,0.22395261617186388,0.2150622538536993,0.21987469664956097,0.39526471810624286,0.31017199381718796,0.4299500608148072,0.41350603022904164,0.4241526120067495,0.4242602661423772,0.4366674871372123,0.14076600188348984,0.4029347750989715,-0.02734475523036824,-0.05380738619655606,-0.14982270786640128,-0.14930517124837075,-0.13419766569372496,-0.13080959009994758,-0.11351623775805997,-0.10957157142799112,-0.14113318927676916,0.2888929509139504,0.28298031920644595,0.38552479545489465,0.31103130318890565,0.3556516343853108,0.34446721722207185,0.3729542298232842,0.10526255172162817,0.32660485633759345,-0.06053204570126245,-0.07969498632936663,-0.16138851432084114,-0.16376129309249465,-0.1441823702589831,-0.15682799976013415,-0.18459447778310423,-0.17275491975746235,-0.1698332766494409,0.3517104088139587,0.28920048029982137,0.38698027273218505,0.3773166062214227,0.39447870917639793,0.38667425837042896,0.3665089457599246,0.0820031212192567,0.3171440144527854,-0.04826722362690498,-0.0452259030798678,-0.17666221195290013,-0.17188326827691966,-0.1382482347576232,-0.15399605094256374,-0.17063723873194514,-0.16702152475293386,-0.16087460094309358
T4_amplitude,0.1996140280127363,0.23418908998888074,0.06712112691815257,0.016123823490977407,0.03149424504339908,0.011085469308124063,0.11570091136043636,0.1431055541628115,0.13043855972852883,0.8621217436956454,0.7789715481081145,0.9126189939414525,0.9153946271970735,0.9129737599927077,0.9530524539587434,0.8858176994208437,0.5823980915503072,0.9182214444331933,0.6984270967812042,0.5801050635693532,0.7037230345514758,0.7043523696004761,0.701712009209596,0.7428004099949812,0.7022295937714049,0.23240992225572304,0.6679151854812272,-0.19908610204228228,-0.20057966447839315,-0.24368496361680572,-0.3046695170169408,-0.3148337406621312,-0.35969988330915625,-0.22150090087114255,-0.15541300916569364,-0.3256382342195571,0.543648148904947,0.5636502718377049,0.41961194121083606,0.38592643171683255,0.4252791368846928,0.43324203846306836,0.47358613473879824,0.4290314357090041,0.567005649777482,0.9144582364694472,0.83314555002548,0.9577738237186245,0.9611796690680948,0.9623040536557701,1.0,0.9307695620018857,0.7336922953737053,0.9698048363753606,0.43214335344121285,0.4527894252026062,0.20132980545175103,0.22336546277608169,0.335553871066236,0.26718193131142787,0.42301576422192755,0.3148525103406846,0.4666135477025609,0.49510326276983513,0.5089855383002859,0.21339449204250796,0.30906605016856353,0.3816829644077566,0.2732322861443935,0.5175134090831416,0.22727234514248837,0.5318139551901444,0.553781663564592,0.47922898827954774,0.5519910515813075,0.5481261327988006,0.5576063585583467,0.579818334395531,0.5570352155489802,0.25564517133379805,0.54939558130993,0.03829665251193999,0.06544395280607954,0.19558299387272374,0.19721700382776608,0.16502928426488425,0.18390915775285885,0.19964873756059967,0.18572051661126368,0.18662920495814758,0.3930277209754128,0.30814462881467075,0.4234916641490808,0.4093632518547873,0.4174829207988426,0.4312071781582498,0.42918044328368216,0.14039152083136086,0.4001268185821648,-0.03426914098759428,-0.054422290132520645,-0.15389189577248585,-0.15433966340874192,-0.1331410443908438,-0.14182047159871056,-0.1176722777059433,-0.11262854813676554,-0.14647941063689482,0.2876724148627607,0.28165259943459736,0.3774787286401117,0.3070269932360225,0.3477440689406314,0.345810744635807,0.36496894299581356,0.10436275727910503,0.322859956902054,-0.016259096569307893,-0.03735594976007974,-0.1153427112834694,-0.11984801464648519,-0.09450670251466495,-0.11731247261260665,-0.1506600962729739,-0.1351622982322177,-0.12048424373339126,0.3471802150047955,0.28557717616506617,0.37894813655269527,0.37211423822002404,0.3844355127079953,0.3902404597065321,0.361120722023001,0.08230446154687733,0.31383691784146117,-0.03168881451425582,-0.043118103755588034,-0.13763085838537703,-0.1374711994963022,-0.10883308483397304,-0.12380445582427982,-0.1454243887645455,-0.13982954496551195,-0.13032544380201888
O1_amplitude,0.19192797316419002,0.22602103823023362,0.04771970057126496,-0.0019333696021246831,0.004418358932159309,0.01205027376804407,0.10246768856170255,0.12946305670000663,0.11220291624961395,0.8262850502220466,0.7461241147198315,0.9042093559626896,0.8942450077559552,0.9100431137709256,0.8888908258175053,0.9509831190672207,0.5961902163260264,0.9084850129615067,0.6691007886614474,0.5581583391329511,0.6821505114204311,0.680510370066833,0.6814962319549069,0.6825043229741983,0.7104529827979573,0.23533545236469078,0.6494234091015834,-0.18776820063404215,-0.18845279923898278,-0.26007419807393484,-0.3151020961822089,-0.3399615462319114,-0.3330946625772587,-0.2584368507988999,-0.1772640947233777,-0.3377485302616787,0.5205745209923432,0.5406526592642585,0.39678042530222773,0.36009506863360363,0.3976423042130481,0.40489351827391995,0.49035222613262786,0.42169681144412613,0.5459523017080976,0.8726068255800723,0.79555797915251,0.9464978236596854,0.9391957954194334,0.9572458597706165,0.9307695620018857,1.0,0.7488401354313737,0.9576394700199214,0.4159656571960985,0.42944104532087135,0.21623060950253487,0.2218339202906848,0.35378704440169584,0.2355340665865988,0.44706170694420805,0.34259538831735376,0.47152076368978196,0.48324109694983497,0.4914367570417394,0.22320534962975802,0.2998645850799968,0.3891727124838988,0.23469057158316037,0.5243622211738534,0.25616922238960776,0.5372941693935307,0.5277283053891301,0.4585888985968588,0.5311868891332736,0.526852257106752,0.5369244793945398,0.5377525124593644,0.5524161427199122,0.25832810517501564,0.5310944040355208,0.07472912822309265,0.09676168062041539,0.24736717524497626,0.24751842402991595,0.21385381144631677,0.22550440808981267,0.24634058931274602,0.2364963857660523,0.2405543820748155,0.37439494685008434,0.29334729830195766,0.41348516758507603,0.39625286451522584,0.40582149930282746,0.4061309353410078,0.42479909712607067,0.14349420640175672,0.3893227337139638,-0.030945022164754823,-0.053599571624787484,-0.1485449372143354,-0.14952292387004903,-0.12753838075629464,-0.12989627049626937,-0.12139637837061061,-0.11314970451300237,-0.14211245617513468,0.2725468656900849,0.2675240739497624,0.3751382765801547,0.30118474162404973,0.34318612801198684,0.3334103283040832,0.37164931129514517,0.10588379867577716,0.3174971703607696,-0.0853830598974018,-0.10362676632217717,-0.19109062845823835,-0.19374227517136433,-0.16495327323861037,-0.18217664929429805,-0.19937374363844423,-0.19038114723231786,-0.1969232861200207,0.3347128676337731,0.2760618051046296,0.37647087217822645,0.36737666722712764,0.38138623552449574,0.3756956763926027,0.39247208017199786,0.08245559330969368,0.31254963834355537,-0.03835923161525362,-0.03360958764145365,-0.19411408916165454,-0.19625605800507318,-0.15686567523371137,-0.17672278002711092,-0.205759364793854,-0.20143019657269293,-0.1783821328399767
O2_amplitude,0.12128608533865602,0.1737066583031228,0.021457691705323814,-0.008879188270964553,-0.020686719369601196,0.010956147095251523,0.06316666081512853,0.15758681767430308,0.0842375217741606,0.6369571138859614,0.5972062518823237,0.7015473723163455,0.6945181955979742,0.7068847296183302,0.6981713256741411,0.71801104520101,0.9479834924638271,0.8089072775757719,0.5029081976813339,0.4305699911877517,0.5150255047347769,0.512656171298785,0.514923765069223,0.5198086699919249,0.5270944650814908,0.6934401070787767,0.7115455476904735,-0.17637872885755437,-0.1655589474131289,-0.21974115187298005,-0.254527016861616,-0.28941344013466497,-0.26400137666908985,-0.21207948618541797,-0.2586395983720187,-0.3047463596861504,0.37945676533336237,0.42317652028535807,0.29248402384006644,0.2730591007191671,0.2860681057833346,0.3177771480583268,0.35045867814942766,0.5440928237100169,0.45262236471831474,0.6779337104259954,0.6391519402445662,0.7363117209564963,0.7336033852123055,0.7451897788590512,0.7336922953737053,0.7488401354313737,1.0,0.818302481159556,0.3533872207241145,0.36337618659480964,0.20143075728591509,0.19844598350720163,0.3286403720098334,0.19524054821489317,0.3513726915984726,0.43506467980720104,0.4361104811056132,0.38937949256292637,0.39251301403210265,0.19466389727638622,0.2422651545858776,0.3572099410966512,0.18245499682837238,0.4024102783721309,0.45070694641766285,0.5444964358047718,0.39727993993671973,0.3537912558590244,0.4010388541348836,0.3974394691709081,0.40557518687101834,0.40824906407511513,0.4133639134841593,0.6022914701390041,0.5272125615798997,0.077194371555492,0.10445451742416172,0.21661769138564638,0.22025764780725765,0.19228266196526098,0.20504092816959002,0.22415975280014436,0.2361659514817732,0.223587921175637,0.2794092092387174,0.2199874811962561,0.3102071027085731,0.29658086873852835,0.3039399452715212,0.3043183839113202,0.3165816067893587,0.47161345154512074,0.4416086407563257,-0.03903042379490359,-0.06427094373146283,-0.13166756042074743,-0.13625377106726144,-0.11506837135223127,-0.12262623513721653,-0.10873650263152981,-0.12734333372178158,-0.1364789873986314,0.2020625043445273,0.2005919786944729,0.28112743438197635,0.22343404647490436,0.256182544328355,0.24802917020621093,0.2729428964216944,0.3994914671975965,0.3821664339935883,-0.07408441840918616,-0.0931068379780836,-0.165486267276798,-0.1697919654298772,-0.14689846593670403,-0.16234634773924522,-0.1858299504367517,-0.18221360212681076,-0.17789810716714752,0.25407621876878606,0.21165874480064675,0.2856582269318006,0.27899127048704897,0.290322945126209,0.2849973279360283,0.272070147474895,0.4026808942895488,0.44703875744315424,-0.04922213684430248,-0.053723321021261525,-0.17003145170372375,-0.17162934677441788,-0.14321269059105915,-0.15680497734113266,-0.1804939232631721,-0.18778836862844836,-0.16765718803026622
avg_amplitude,0.2025292172567664,0.25174000340911784,0.06417681121675844,0.015470157149334236,0.02599326423528785,0.014690013376249218,0.11468795481589895,0.15952273517431406,0.13540600669532787,0.8828896866511624,0.8273915869666276,0.9296811354982492,0.9255985984593471,0.9312502527106996,0.9235581086665507,0.9122858005547304,0.6774818315233042,0.9530648678603554,0.7055488507585431,0.6212727651726945,0.7130562142828363,0.7092071415453455,0.7094650829987759,0.7182064515521783,0.7140913476894222,0.3257949671309479,0.7149949199720648,-0.20596593515341305,-0.21056278768256953,-0.25199325393604627,-0.30938786500172677,-0.3270320286237002,-0.3440990958720852,-0.2320600422575113,-0.17506598860031128,-0.3352838054592711,0.5564389980689847,0.5983875548627364,0.4242016851221466,0.3896806421863828,0.4277574894921886,0.4247383326994814,0.48350052896888035,0.47700465344991194,0.5850841481507906,0.9383005260920133,0.8823235334938355,0.976022434087702,0.9729404757312194,0.9809785302702503,0.9698048363753606,0.9576394700199214,0.818302481159556,1.0,0.44133723365149974,0.47138512639932745,0.21583057662716276,0.22974722436962033,0.35704774685063934,0.2520887432742443,0.43116963037213385,0.35579133468759017,0.48644571394332037,0.5030288198720403,0.5319789715772912,0.2255202062512795,0.3126206898522226,0.40587448590603337,0.25171102391117534,0.5244307764928475,0.2867864459084114,0.5668546419782148,0.5575680060255253,0.5080749415855834,0.5582840987445702,0.55104963222786,0.5617127884438735,0.5666993971634813,0.5640274672201234,0.33018888381347367,0.5773857192430651,0.05776094510780928,0.0827859241677134,0.21066837300709243,0.21064354168831753,0.18322687948548771,0.1943830610264206,0.2185177630636537,0.2071307215374371,0.20686487278116422,0.3994030939356809,0.3311873629350062,0.434049444067652,0.4155212965605975,0.42498158630645017,0.42840722583775165,0.4371525901242586,0.2066135048491855,0.43521936897182045,-0.04007470311673271,-0.061771596327760483,-0.15495364492443872,-0.15441874451344606,-0.135394997053334,-0.13607761054314632,-0.1227799952118057,-0.11982553521619195,-0.1499152477130051,0.29231103628017435,0.30212353461207375,0.38603053980422525,0.31086339543062486,0.3536770842129576,0.3456056677988755,0.3707166979099339,0.1612154376182895,0.3546597131038227,-0.03724003630039679,-0.05598791829973054,-0.13294021639231016,-0.13752390911813114,-0.11380990907837674,-0.13189913143068124,-0.16868945868786914,-0.15450146529684028,-0.1420559464491232,0.35516201590851704,0.30890158779305504,0.3863273694031623,0.37670900111088723,0.38914886214496297,0.3857899828373166,0.3667880338054266,0.14181576792804473,0.35653666046061494,-0.04667144110057404,-0.0523028789466009,-0.1577265349045508,-0.154180639544417,-0.13151922947750744,-0.14726796570900572,-0.16485230352354774,-0.159618746729752,-0.15322971605904956
Fp1_rms,0.2527944793665336,0.3249123550864873,0.08770184223896993,0.25043674676810135,0.007165213530484724,0.0430010351319642,0.3252928379972829,0.2087034986143152,0.24547744889841705,0.5219519493137007,0.48973866090733165,0.4939889052678633,0.46310370235630416,0.4947248065287507,0.49219649792213405,0.4613580275767464,0.32747942059364094,0.5063450538544773,0.2604728329473098,0.2251018519778,0.2505024407809509,0.24491023390793007,0.250647418531705,0.24788451474199888,0.24571038116252875,0.11754025793245255,0.25329422839891347,0.05456169686690297,0.10006582442229778,-0.061379418078564486,0.09155493434181187,-0.15555393241033033,-0.12731268963626918,0.15507098078954457,0.05498468071089758,0.016072536919631168,0.3753016187080426,0.4387802329627207,0.2299914371692409,0.38071792079059313,0.1767773912098612,0.21439350403735483,0.4408548608050449,0.3194221079234287,0.39942968628019754,0.4278052011021685,0.4150237436685296,0.4255328789274093,0.40947793792666864,0.4311288550145229,0.43214335344121285,0.4159656571960985,0.3533872207241145,0.44133723365149974,1.0,0.8672364792046012,0.28629417903786974,0.13873724175482577,0.49339645222900824,0.3149901268944302,0.5440365490622363,0.4984417997594348,0.7219281726313905,0.9320682662715258,0.7963930163648743,0.17968535851649856,0.03971538552738428,0.5104747613062045,0.2061972828670622,0.5977443462312722,0.31085261973221084,0.6583171023064031,0.15603700061411874,0.13825461771421757,0.14694640068775003,0.14797445178728355,0.1505332432118691,0.1500031665775136,0.1498797347747632,0.09779824401391855,0.1579598124915459,0.001074131014058697,0.05977055999602125,0.12746193459317443,0.09133159134552621,0.08508744755873072,0.0938865359546942,0.08868884472653206,0.09532964733426501,0.09722612897753227,0.08980809049780547,0.07103047712953772,0.09061292586242715,0.09269783560143924,0.09405506337837145,0.09669609931153345,0.09843580831595894,0.06344835296884994,0.10331647963171714,0.026671644771009587,0.025821857801656266,-0.014261128783613266,0.010051516654420785,0.017887059264463052,0.030147235356820627,0.06761203419309099,0.05150085588971787,0.03391429662682851,0.05969634220968121,0.05761653056547205,0.06649460377952754,0.061046538279350575,0.0656534514779296,0.06757510616311421,0.07046319913455892,0.047613742577141974,0.07528146952370073,-0.07215537574395421,-0.10079949384305673,-0.15351074843543386,-0.11958907365947694,-0.11667218222130193,-0.13665452079569199,-0.15371500330678564,-0.1374269773940622,-0.14835996814960214,0.07183441723896491,0.060617322712734706,0.06722665591222603,0.07182773817497659,0.07103614228081752,0.07397510442981466,0.07446082654092626,0.04475140292421644,0.0791839324820539,0.05969427957088357,-0.05322683919456838,-0.14230181870010003,-0.14657028349205214,-0.11702363629833953,-0.1473843771891293,-0.14958142280481473,-0.14988434508209308,-0.12183073617761721
Fp2_rms,0.3704323518116235,0.48194883195719956,0.2411558457097367,0.33710991806543456,0.27584830613527955,0.05650626142822369,0.4210921585704842,0.3860003565610644,0.42492600242672174,0.5250651220963201,0.5959034344507875,0.5161265623037291,0.4904382316384437,0.5215364461200324,0.5126197097098152,0.47098852362996046,0.32870969046603093,0.5348565355748391,0.2504551335344848,0.30704126654172553,0.24677654314292208,0.24441450358017117,0.24708659071282987,0.2463230425621624,0.24116483666899033,0.09170076666346585,0.24963926596511993,0.16744737557600373,0.19799074823729287,0.079924658098731,0.16511172264630133,0.0865312791819631,-0.12069511988315877,0.2441492959733804,0.22654503568364362,0.17102275972008224,0.47457070305400256,0.5998932546222372,0.37799365321135225,0.4712207688062419,0.4261911706247912,0.23690371966480275,0.5309684329981027,0.4761148353054944,0.5590632471667574,0.43661983605962373,0.5116428438337742,0.45033240983576495,0.4356587364573706,0.4574685400695111,0.4527894252026062,0.42944104532087135,0.36337618659480964,0.47138512639932745,0.8672364792046012,1.0,0.23270750417694033,0.08982237711594253,0.38866486176087983,0.37319288040045034,0.4358238723148049,0.5127892127810044,0.6770422106151118,0.809485426736029,0.9142181056515009,0.11399664440012211,-0.0018931940159336445,0.33903075137400784,0.2634445871189034,0.5218280380483536,0.3014008079713724,0.6003343404435061,0.14948397400194258,0.194968375684387,0.14426116112521056,0.14624998895005986,0.1475330590877813,0.14762395122006833,0.14626732228795422,0.07745125159843742,0.15638648021647647,-0.05551697925389506,0.0336606460347498,0.09801949111735106,0.059567660701012465,0.04119652644325622,0.05977425601154225,0.04975707970854772,0.06874346446426721,0.054175659027829205,0.09972498418413114,0.11543327781007066,0.10043755572412864,0.10293347793054221,0.10416231272453509,0.10698778322417123,0.10901810463630106,0.0412920675751875,0.10823417133997841,0.07118962696494535,0.05167414657539736,0.0031665900796849344,0.033149047013591094,0.04630774443336513,0.04820849737307054,0.11645414807729178,0.08823295056775977,0.0719461310488678,0.071575415581927,0.10088873517215663,0.08146778251585973,0.07527165395147054,0.08109169881379212,0.08217351961063754,0.08610125034663445,0.029160469794902156,0.08264185632416073,-0.03583040751959605,-0.07861970667648557,-0.12495042403107534,-0.091079910782813,-0.07883259897858717,-0.100051975754268,-0.13635288547967744,-0.12412227267099192,-0.11675097237801998,0.08360511971739584,0.10559440468907108,0.07936379584756818,0.08482601728580845,0.08343723204871979,0.08756448493499981,0.08104929797325129,0.02367982277993117,0.07858740232347576,0.09811017356606568,-0.052318447418493175,-0.13310050778589597,-0.14194005135173038,-0.09912488277877343,-0.1356650730525078,-0.156561658966424,-0.1649992032441261,-0.11033160836490373
C3_rms,0.08194916375787457,0.17026626894033506,-0.7949386453071585,-0.275352202330465,-0.16245546395460242,-0.3415091493691259,-0.13538551420080627,-0.17782129225346988,-0.30300713091410436,0.15850975763064687,0.18390968812561503,0.19245154016151328,0.16403180518319166,0.19847510293078877,0.17930873165369585,0.18767457832702442,0.16245441309991684,0.19632026058533464,0.13739011006634755,0.1259306278329255,0.1490244886647385,0.13991260830239083,0.14640444453428228,0.14247286442046833,0.1467580790039736,0.07776476347709672,0.14959516196715847,0.004649238206109633,0.06825828642174443,-0.834357159752324,-0.3257271345072576,-0.23489584221648654,-0.39190033685379605,-0.21161084748163983,-0.25785322363458474,-0.387025043427596,0.1367346153879836,0.22062674766823848,-0.6336539041800078,-0.17863452226178803,-0.05886849937616805,-0.22137246312312836,-0.034465211823998886,-0.06911774639758296,-0.14458012328296935,0.17200354411130717,0.19232524456650035,0.20977075788538316,0.19637204950166764,0.21790231592643122,0.20132980545175103,0.21623060950253487,0.20143075728591509,0.21583057662716276,0.28629417903786974,0.23270750417694033,1.0,0.6522657806732697,0.4005158168459607,0.5609106048744658,0.34031917472399376,0.36848930352769305,0.7023571720275477,0.20732989385608494,0.1302027985925837,0.9418300517579742,0.6063288037015784,0.34682692835769063,0.4876804495117882,0.23197494961659118,0.19428079763637826,0.5884685667062921,0.10783202352801396,0.10058139524944396,0.11364667746001562,0.11071695414738267,0.11089145643350662,0.11128686457424618,0.11432873042971717,0.0737227218021155,0.11736635113540356,0.058189738095711215,0.16012209216683132,0.18734991984810564,0.24019938812320185,0.16232216163339558,0.1897378920219442,0.20780959792595644,0.22286200748604248,0.2161867059877972,0.07367367636992979,0.056498204589052005,0.08561431325205852,0.0838215895755754,0.08224217672818698,0.08246535212983983,0.08378504956028686,0.048830596782342084,0.08670929744878313,0.14014160818656304,0.059401880476775824,0.08955343392197622,0.027747181784712707,0.1221289852144275,0.08018188388853077,0.0007460284861119499,-0.02580082666248464,0.07504508530762888,0.0478409179461157,0.04442807720814255,0.07012469952081146,0.06123954994947268,0.06373177981534134,0.0638007041917111,0.07805067999793057,0.03937917226740088,0.06887269045949078,-0.2290329854978077,-0.29969222026767767,-0.3514960684285865,-0.3694609467560869,-0.3302198804194185,-0.3398704217765271,-0.23736975038623057,-0.21593633692105077,-0.34600890396494033,0.05906719706502251,0.049373977296642765,0.07230608897539093,0.07576684330610174,0.07116279262238911,0.07078543340030338,0.07380141990867017,0.03490373721750908,0.07096209260838386,-0.038198140502792674,-0.08638851813859796,-0.21327541172597764,-0.25378008438041616,-0.1999263664956129,-0.21128306761089002,-0.2605640382701244,-0.28902359463749355,-0.23267739438574628
C4_rms,0.0480268528244838,0.07893635893688614,-0.567114642926554,-0.5925058704261221,-0.23274967967045151,-0.46121807620549116,-0.25263174123386567,-0.1274628960596668,-0.3728139512369989,0.1832404801584011,0.17102536123374698,0.22109620521198725,0.19650152372092541,0.23173412528998608,0.2065344935263121,0.1941264554709842,0.1523356298527955,0.21168944092820305,0.17686373060488456,0.13838494769605422,0.18443153437246956,0.18241195166340396,0.18661216065705094,0.18340365024164768,0.1784804086582981,0.06542504424908231,0.1726989172225925,-0.04062404794992521,-0.012379113674727483,-0.6242069630328331,-0.6294985126698185,-0.3103890661615391,-0.5098169888068033,-0.3262171171592954,-0.20834931525960004,-0.45882741364473173,0.11864487094335122,0.1419495573954216,-0.42188835725871254,-0.45769275373751117,-0.10756430336043407,-0.31806864894046133,-0.1338058402171933,-0.028414191456025667,-0.19422854373490728,0.19657677623355513,0.17505730463648464,0.23427880350876387,0.2213890061481294,0.24835040261958005,0.22336546277608169,0.2218339202906848,0.19844598350720163,0.22974722436962033,0.13873724175482577,0.08982237711594253,0.6522657806732697,1.0,0.3742855300175168,0.594773002154295,0.3465168023428006,0.16124820014885224,0.5978684635068001,0.0725957224390798,0.019531843974511104,0.5377887285708345,0.9269666809066082,0.31148569354046357,0.5275792745889621,0.26234972157340813,0.059471527610386765,0.4559574198152408,0.1473203962783221,0.12065223125637001,0.148598652062158,0.15087478088341794,0.1511293050496608,0.15174672768343334,0.14873511751881213,0.07194996446831979,0.14747529481589347,-0.0026587952108550923,0.07611653766369303,0.14431443426211477,0.1742733099133255,0.10517463646877369,0.1260348295575664,0.20392117345312064,0.20855026612934324,0.15819693160568007,0.08325391676919995,0.05993870786185924,0.09364726996467175,0.09325861900359658,0.093313950050636,0.0922406502582556,0.09698263650654798,0.03813965300525156,0.09000900907639701,0.17149885553312502,0.10268288662799147,0.112868585901724,0.08911936005757218,0.15929086935820413,0.12475816716039673,0.0834517506568106,0.055416703198842315,0.1397991089106836,0.05066088052636713,0.04475754986851721,0.07363111407144383,0.061629703898532305,0.06742219822288037,0.06530056414411424,0.06936197995223632,0.02621489986686314,0.06334463767677338,-0.1804441800900064,-0.2517719144966633,-0.32490191665728557,-0.3487473609007968,-0.3046254472838755,-0.31148629645708975,-0.33318990330620063,-0.2762224561119616,-0.3461992752360869,0.06356256680109607,0.049982048267066356,0.07531293023426319,0.08033953691053985,0.07894968977423937,0.07870518461616759,0.07715885411045696,0.021853620251338454,0.0660198364366109,0.013461099969889347,0.007223865396653807,-0.15542994639359745,-0.18899516117806445,-0.12462991720065068,-0.13214606626397782,-0.21243568832823626,-0.25326055769332184,-0.14899641623838666
T3_rms,-0.30157493401746327,-0.1225889742326085,-0.1433988795220804,-0.38455780486929064,-0.6089549675324488,-0.22099463838923503,-0.4040163767428863,-0.1345096341217637,-0.38269825303765764,0.32543177276560936,0.3332597812213366,0.39110362111923147,0.3551852074975418,0.39232939643813086,0.3642614673631919,0.3782733527276374,0.3050452999629903,0.38949181387421733,0.2086823315834968,0.19041739827645895,0.22344360479182054,0.21399191701032966,0.22394179974284872,0.2120877222271745,0.2211022618615894,0.13954969241119997,0.23559457834077746,-0.4340380138017571,-0.28241908777382857,-0.26254123421486014,-0.47852804113092917,-0.703842774717527,-0.3378165480570573,-0.524585683022397,-0.27279375960557106,-0.5342339210874059,-0.1320701583859658,0.04548546440681273,-0.00534299955874605,-0.22905865087882202,-0.4003060466865562,-0.06434442220211803,-0.21729957028405167,0.01569656657616562,-0.1479163866808188,0.28910059275091365,0.309918212008413,0.35370065741677353,0.33541425244682255,0.35525954188511927,0.335553871066236,0.35378704440169584,0.3286403720098334,0.35704774685063934,0.49339645222900824,0.38866486176087983,0.4005158168459607,0.3742855300175168,1.0,0.3384889299994966,0.7654011979671759,0.633787522864043,0.7925277550553973,0.4680154230125763,0.36254422897299093,0.27683003817458773,0.288976086163908,0.9071154047342921,0.24528086883416708,0.6322877932498101,0.37482975758619524,0.6822670697363237,0.14611059907015375,0.13708013810704478,0.150072038823942,0.1490559203523005,0.15198877594096505,0.148822297693941,0.15403022443879666,0.1215454186916109,0.16505455974038472,0.05088403741620802,0.13914811888467268,0.20686369280256223,0.19740379366946362,0.1636225626404186,0.179940950725555,0.2009010543392899,0.21180453677559313,0.2044312034188894,0.08637398301971874,0.07487649624853268,0.09952269917985099,0.09871151375782997,0.09787367233630058,0.09777791471701686,0.10330767502795034,0.08334847123610648,0.11460114038639992,0.04871190474382539,0.01352142391270919,0.006071879996444996,-0.011208019282589403,0.027656065669463333,0.015508485878193272,0.008063359716930877,0.008505259542958644,0.017105852569841536,0.055263609209636896,0.05969736749040142,0.07986046413427957,0.06930897060706621,0.07397367590598085,0.07310081293115006,0.08505821440578037,0.06642428544853266,0.08925053020128669,-0.14440136760217193,-0.19433819008884687,-0.2707820540747405,-0.24925487677669467,-0.23373461521267883,-0.24180731936063507,-0.23397609684951753,-0.24152641509072864,-0.2692144526546373,0.06627065112849265,0.0631500142093183,0.07865090480929449,0.08311977921530908,0.0813579339113385,0.08272520217460519,0.08532031842826206,0.06237075139852764,0.0953709241962993,-0.005621805423702987,-0.11422089877187346,-0.2613034001011011,-0.24218785478529642,-0.18784118311623538,-0.2237983709764716,-0.2591691959929119,-0.250934969076899,-0.23112986602650945
T4_rms,-0.15888205177376247,-0.09839169563430523,-0.4152445518514053,-0.44628478068417254,-0.07285227924550627,-0.8334967960998155,-0.03172051987448467,0.08390975980382401,-0.32250211606160845,0.2509491170165127,0.24215964096122303,0.273809750350985,0.240620237777534,0.266956062052417,0.28701574585191336,0.2348478958532922,0.16444084615192536,0.26446385836709246,0.17434158178504483,0.1389834376269859,0.17824145547222595,0.17432060244136563,0.1778216754108337,0.1886833239922146,0.17128726798080926,0.05910112430149874,0.16681367060074137,-0.2641900830444499,-0.21661650279389402,-0.4830770987469468,-0.49552721879626715,-0.15828326309386248,-0.8689553535270522,-0.11816241952053463,-0.00011908885765470577,-0.42143851530044196,-0.030320402434058858,0.025838999670932738,-0.2782598861238425,-0.3196595801052151,0.03294387499391763,-0.6307639254840046,0.06380760536624683,0.14998614268814964,-0.14252456382182146,0.2407562574439552,0.22726877852801664,0.2528337017815707,0.23139018584293106,0.24336109668103867,0.26718193131142787,0.2355340665865988,0.19524054821489317,0.2520887432742443,0.3149901268944302,0.37319288040045034,0.5609106048744658,0.594773002154295,0.3384889299994966,1.0,0.2655105674720645,0.07749320422725643,0.6169830838068623,0.2276809564052291,0.25093760020128314,0.5375507967502169,0.6054603909553687,0.29014938095365767,0.9573162091234456,0.23130949232020798,0.04818324159574334,0.5259551893349427,0.13223723046221736,0.10885492586090663,0.1306682784293995,0.13205497654269058,0.13263398383469793,0.13925001232124476,0.12998651665183372,0.061009276667098745,0.13014233754316765,-0.0644350346794973,0.01241166158027086,0.11851075933145826,0.10389000240635492,0.041946619148360204,0.07034828825949993,0.08188608410538026,0.1129664880063212,0.07335047807082128,0.0810984213272406,0.05985855925336573,0.07986813983144722,0.08208273480309494,0.08051239740333498,0.08642795882097691,0.0821619635077255,0.031158416084404228,0.08003314229873533,0.07374319170328004,0.08409002764743945,0.029873706901923567,0.03888118020340978,0.0807049157078721,0.07254744507191242,0.07690587445304219,0.0570460949210016,0.07985421324184347,0.05329003833455624,0.04835784255767505,0.06353474632402699,0.058161324019960846,0.06048834676874638,0.0641413959515243,0.06627679438935422,0.02105907951833853,0.0590107182908756,-0.08952765415753489,-0.13132630787822236,-0.2250020995838039,-0.2024580083508867,-0.16915408192601564,-0.1738738695252712,-0.16122566664243118,-0.16637807511240016,-0.19588945022933082,0.06533503518813223,0.05238877771962741,0.07132063738385502,0.08062084147505597,0.07260757651620889,0.07872665062824445,0.07581239068676414,0.018998966652235702,0.06352674583783298,0.1936089769005102,0.03262183829329028,-0.05049238087896729,-0.0839745418725217,0.01381142848150466,-0.0806503871928271,-0.12611945839083302,-0.15670939275020632,-0.02150588638710379
O1_rms,0.1390566558060781,0.1258952129317073,-0.06240236511979131,-0.2920123563535098,-0.4052189281969618,-0.10180120869692534,-0.204607117179087,-0.0364788499390864,-0.15064955256440993,0.4540039533493738,0.41913631834329385,0.5068455135600063,0.47271229734773856,0.5009627218258959,0.48509597262469106,0.49413732195251664,0.3183825711080479,0.49341861231256545,0.22991207504662414,0.18807856797165265,0.23956802503256083,0.2331316413119351,0.23805821380917144,0.23369527708993046,0.24297876176673436,0.0884651461480523,0.22670789438356848,-0.033248110972146104,-0.06089470985217819,-0.21203100916499912,-0.4188808988624096,-0.5434504487446058,-0.2585468555986728,-0.36674821145178604,-0.1854490652774145,-0.3515104505793613,0.2569352649463981,0.25017236887655897,0.09938105891281074,-0.10990444693984713,-0.18554527147235614,0.08050481367445476,-0.007418027533641592,0.10903765467595858,0.07413159029490744,0.36770368609051685,0.3441429534305481,0.43939398711876815,0.4209878239580404,0.4385321275565364,0.42301576422192755,0.44706170694420805,0.3513726915984726,0.43116963037213385,0.5440365490622363,0.4358238723148049,0.34031917472399376,0.3465168023428006,0.7654011979671759,0.2655105674720645,1.0,0.5707979215694091,0.7675683900378674,0.6108630987336865,0.5210523250844586,0.21182923144776505,0.2902014691442591,0.6038827201524735,0.1783476518809242,0.9374585647911442,0.30244641004961387,0.6794725479155433,0.1365468594976102,0.11267090004194064,0.13998597690134024,0.1397034164896439,0.14149314575827632,0.1406087740969478,0.14660350630419766,0.07502047055862955,0.14088081706987005,0.01712272051038556,0.07436177704522687,0.17666299614829742,0.1712290906427061,0.12534600468020074,0.14651412430977862,0.1488717033906843,0.14573535925574424,0.1523045910247218,0.07830085587657265,0.05672925178891016,0.09156482928844177,0.09075666701708297,0.09084742880936326,0.09055672196467977,0.09908910197574093,0.04300258372583227,0.09013723168331589,0.09012093591936651,0.06378163049146478,0.0037376458325182834,-0.011655013345586307,0.03709941044768813,0.025651570979376766,0.020038073177595768,0.038699696314275764,0.039044329119551455,0.05092534544457998,0.04492057969626654,0.0755331052106714,0.06631554304725096,0.07054037538829308,0.07041651679630463,0.08747643834072572,0.03307384177808448,0.07032416428087351,-0.11268307295507034,-0.15108795015270968,-0.22250000767973835,-0.20391343088931543,-0.1854601356073924,-0.19937767945575782,-0.16365064168909807,-0.16812378787209806,-0.20794458025124268,0.0593719193020266,0.04660780295552159,0.07252188120733825,0.07594298949857392,0.0753733873629749,0.07639031784766705,0.07826914216067478,0.02549192873413629,0.06628166539481598,-0.018039815751802038,-0.07524748839331154,-0.240970263304698,-0.23468842885510324,-0.16857618862100626,-0.20799602385881275,-0.2522599429918394,-0.2517947329724299,-0.21531613575824596
O2_rms,0.04949219991784704,0.1429724846148526,-0.010042542939631072,0.027383738293555553,-0.17369812451289388,0.17166142267188073,-0.061917479852079155,-0.13625228122985508,-0.011168144815835676,0.3003623493039167,0.3380712768445535,0.3600560099236061,0.3250026698296833,0.3629119095868479,0.34124547501652835,0.3558841962226954,0.4490780669023736,0.4004352023481767,0.16816041669556464,0.17949191058712985,0.1824410585076822,0.1737327599314209,0.18200454286620898,0.17520925248984573,0.1851322774235527,0.31404667770137284,0.28140857439031075,-0.06849340165540947,-0.02309240487984597,-0.12340828014853254,-0.08445981126323053,-0.28783945866597543,0.03331396099669409,-0.18836949746472154,-0.3173524369857064,-0.18515493489721127,0.13709840425670758,0.2435377079826276,0.10541586357196077,0.13857214697561113,-0.024738407667319787,0.27798007173953,0.07792829555912752,0.058806635942560546,0.15147238797384882,0.2499912273554221,0.30202949490028363,0.32627302666772773,0.31086480216572354,0.3300262960394654,0.3148525103406846,0.34259538831735376,0.43506467980720104,0.35579133468759017,0.4984417997594348,0.5127892127810044,0.36848930352769305,0.16124820014885224,0.633787522864043,0.07749320422725643,0.5707979215694091,1.0,0.7073908471377506,0.5103678339132928,0.4999862062166753,0.2522719346455212,0.06258509721641059,0.5389087403561713,-0.020033395334938187,0.5258094611727233,0.7682342838638523,0.7247418376612513,0.10810187545940582,0.11983378153179411,0.11295376273995142,0.11223358183884762,0.1138563398455449,0.11253309978095098,0.11915097484330829,0.2601410535755091,0.1785335301621403,-0.010370158584236601,0.11039904834112044,0.14597538009690336,0.14121238379900206,0.1006420076642758,0.11741413449134148,0.10900615978840332,0.12916378991497757,0.12757631935996683,0.06429473731915428,0.05658899061130825,0.07714250691753743,0.07680379404393126,0.07642585028673916,0.07535549487975458,0.08432972031884749,0.20444606177177083,0.14651521724970196,0.11145243364876403,0.0261793944291131,0.04512275223337365,0.030705808556567578,0.08326040287639153,0.050688878027440175,0.09596407055695691,0.0745481130425384,0.0810846928719031,0.04174021766651466,0.04179949433891234,0.06518965545452879,0.058877114170891275,0.05994461241293287,0.06051378352063124,0.0780344271577099,0.1781920559127269,0.1292793183692205,-0.10052649218672748,-0.16962730916837254,-0.2121533323123705,-0.19788296349283246,-0.1756574042823182,-0.17587289253943011,-0.1784536261765887,-0.19546667207268115,-0.20936398186780103,0.05079942655972508,0.045217294691476076,0.061772986892578194,0.06544551970320744,0.06449534752190149,0.06560159286381648,0.09048493966797931,0.18032506623687755,0.15897504692062772,0.00872149904085219,-0.09089847624868357,-0.2499161128457268,-0.2394269558069641,-0.20670228726689863,-0.20484300335641295,-0.24289605569610465,-0.18755559630501045,-0.20956537789587595
avg_rms,0.0773055326832234,0.18811198525149322,-0.31534601365026904,-0.253381840937094,-0.25917859690759,-0.29417092512840287,-0.07975615028806807,-0.011054371113407811,-0.17192949879938801,0.4745426548426061,0.48487444319973527,0.5200629799549044,0.47541600148712654,0.5224511500439535,0.5037584360342224,0.49048399838462925,0.3989329798253948,0.5286399077331151,0.2819033116010952,0.2615587259794911,0.29153005391443987,0.2826510429342102,0.29103971536672585,0.2867366872348915,0.2881178909874533,0.17914655093034154,0.31021862960920227,-0.11412411092425606,-0.045456699736685646,-0.4657391381385475,-0.3938428424450766,-0.42299873221886747,-0.4519911077740653,-0.25482178470118366,-0.19505785972478767,-0.39675039116661454,0.22797924003092246,0.3403933343792729,-0.11243210987455066,-0.06373620537517351,-0.040155669518105876,-0.07231241758584649,0.1112552503574291,0.16583313895711657,0.08348362036061241,0.41594819182990755,0.43416207381817173,0.4748116979066974,0.45149744458375857,0.4799420919028409,0.4666135477025609,0.47152076368978196,0.4361104811056132,0.48644571394332037,0.7219281726313905,0.6770422106151118,0.7023571720275477,0.5978684635068001,0.7925277550553973,0.6169830838068623,0.7675683900378674,0.7073908471377506,1.0,0.6710290261750023,0.607656944972974,0.5625108230856204,0.5022680864143411,0.6913228358381629,0.4961705727479333,0.7028852615804351,0.4430717650832801,0.8848967174119999,0.19054235972297687,0.18122676118824227,0.19182456912103527,0.19190261921455543,0.193876475050705,0.19415275471290366,0.19591618218157822,0.1568920904172196,0.2131277897775086,0.001685481432971038,0.12391354000551572,0.2180209575806064,0.2158731438116683,0.1508973141146758,0.1794902867463239,0.1974523287993053,0.21640693026233157,0.19778910341261685,0.11553050837023142,0.09619124038166814,0.12722043442954753,0.12752195274333974,0.12711856840424718,0.1285748696821122,0.13394875793231462,0.10542044433281125,0.14775408540599852,0.13374579756405822,0.07519103933443702,0.051526670535554715,0.03596999911151225,0.104495016463601,0.07976743554990925,0.08149394769671205,0.06010513479858293,0.0960210566542109,0.07570049808998908,0.0768819053223002,0.10228758265878678,0.09088948756910999,0.09615937522920825,0.09690374431482555,0.1110075427695228,0.08490216001433827,0.11599401805950803,-0.17642748872909858,-0.25162398550316134,-0.3415727683863355,-0.3242923705965837,-0.2900292129201712,-0.30432073349836686,-0.28515141848862413,-0.2740692877549642,-0.33304061079556924,0.0913829519509895,0.08228392371621232,0.10265745676032517,0.1095748282631966,0.10604029928290874,0.10875786687732036,0.11402381135784317,0.08001528094812474,0.12452961520662209,0.05023547991588548,-0.08087801260420456,-0.26501366887487665,-0.2798240666175311,-0.2012888048636277,-0.24489057680887613,-0.30199162292524545,-0.30729646735696603,-0.23732634448671822
Fp1_energy,0.3498881036500504,0.394267459013872,0.21751017948928486,0.17669436757201504,0.08865556732282288,0.10915808039243137,0.4473722093663741,0.29687622987813084,0.34221618586232766,0.6043835961409468,0.5429762627987679,0.5845519645162666,0.5622838851758831,0.5841147408042977,0.5765335645239567,0.5526548856593294,0.36686272014149485,0.5899403413655228,0.39613829279230073,0.31999358061335986,0.38690780308510636,0.3801415415436277,0.38936314639388653,0.37667359785808063,0.3795336758727045,0.14067721340263853,0.36935764203476024,0.12229780859162848,0.14794046738846003,0.04314889371028937,-0.0008438860529841385,-0.10044098936204861,-0.08902976206115365,0.24999346416234822,0.1289686968103476,0.07930438514732187,0.4768311555374235,0.5070184147748097,0.37226057160358367,0.3444175317169861,0.27787868344298716,0.30052405870688914,0.5751655926981839,0.41135186662807893,0.5077592144622501,0.4873945448766303,0.45011272992177087,0.49248709701759324,0.485389919276923,0.49604321994008016,0.49510326276983513,0.48324109694983497,0.38937949256292637,0.5030288198720403,0.9320682662715258,0.809485426736029,0.20732989385608494,0.0725957224390798,0.4680154230125763,0.2276809564052291,0.6108630987336865,0.5103678339132928,0.6710290261750023,1.0,0.8644288728342697,0.15950626671502835,0.05287182000554314,0.5021233009507984,0.16738718211434783,0.732633508977492,0.33515135042481126,0.7038523998345284,0.26955632870253887,0.2249190739848325,0.2581678715257665,0.26166307623633794,0.26477014139045124,0.2602793115206583,0.26361743819681344,0.13095198146790357,0.2620086055875098,0.00260697547229898,0.04012873353386078,0.09848845797598607,0.0821888496700301,0.07110526478650073,0.08335146818433994,0.0784410560232928,0.08537847038440691,0.08208592330298727,0.13283370305855755,0.09607074747011332,0.13716606385812236,0.13800812077137298,0.14054605084525018,0.14271637350492092,0.14700004937036507,0.06672691736121908,0.14099868270997667,0.013624025993162632,0.014402887722687717,-0.022502202266621717,-0.011643785112728807,-0.004799820510520537,0.006400896075931645,0.04775390770597643,0.04676646539935097,0.013912868930507496,0.08768976726304682,0.07640737459242386,0.10102416492088855,0.08953638019339732,0.09766166364594452,0.09977832165590736,0.10172794702015914,0.046172723601667305,0.09905148544165551,-0.030728934120161117,-0.04491477842675674,-0.09478858391523376,-0.07858497136383157,-0.06422727318665701,-0.09215794410948312,-0.12172561135820557,-0.12481626617487007,-0.09997888189757938,0.10349825292874602,0.07682645717643156,0.09601564686807897,0.10072050924477505,0.10134516799286353,0.1041771895462451,0.09849776865686648,0.03998710787348947,0.09583337088422446,0.016361637719684373,-0.0638638876258344,-0.13658111640279283,-0.14236564237995028,-0.12319967011535213,-0.14304153256392688,-0.1376569272150968,-0.13068088840293127,-0.1277615258767187
Fp2_energy,0.44496155896115863,0.5110664633350719,0.3559327246645457,0.25722023758481655,0.2951260645580883,0.13906310496272192,0.4889204796055634,0.4279346026743527,0.48305791640621426,0.5996477182061573,0.689216399035568,0.589946232448729,0.5723279431144533,0.5918119935725334,0.5840576491978471,0.5522398867718442,0.359056159499226,0.6113358729686521,0.38751228866922244,0.49486168066621755,0.3785103433595682,0.38003455054721186,0.38029714915234714,0.3769629953986671,0.37471527653380254,0.11393151317395962,0.3760266144706612,0.21468595331941603,0.18931661621077112,0.17456317329296572,0.07226153577225974,0.08890510438052339,-0.0626991315964643,0.29118374365299804,0.25904752297007305,0.2010209466797951,0.5603364760567563,0.6569058256047308,0.5052829253216518,0.4269452550842892,0.46990441965184,0.3367952884686365,0.6182559605058998,0.5267445252708284,0.6378262138899707,0.49753469629692804,0.5853275388563355,0.5086993511375428,0.5009783081834285,0.5125869601424934,0.5089855383002859,0.4914367570417394,0.39251301403210265,0.5319789715772912,0.7963930163648743,0.9142181056515009,0.1302027985925837,0.019531843974511104,0.36254422897299093,0.25093760020128314,0.5210523250844586,0.4999862062166753,0.607656944972974,0.8644288728342697,1.0,0.07212110401903254,0.0074972999970975155,0.32981568008808954,0.2014359205637396,0.6595577500234882,0.31964217106300685,0.6352286288862031,0.2695316739711739,0.3513739197627036,0.2600065150821199,0.26623312746241135,0.26659379955281926,0.264451328486259,0.26547467912339373,0.1127905495700695,0.2740545149654229,-0.029300300500255217,0.019373041894309512,0.08179367317366752,0.05810099367767365,0.04143946708644315,0.06031693690161483,0.040973061390535935,0.058555041023393435,0.05034083033895703,0.15969776663872684,0.19887184529484825,0.1618321114914142,0.16406796387299255,0.1669278404878013,0.16966833359211111,0.17352391530668979,0.048187861782825615,0.16782170769451962,0.03605754595369503,0.03250738722418687,-0.020237959200834387,-0.0007375427594177957,0.00810509450489425,0.011543712140108598,0.08031467528927817,0.0696637546827739,0.0337525885905051,0.11647345695004688,0.17968638642972046,0.1289745519276869,0.11893372423394734,0.1277263829752689,0.13030356253502637,0.1314279979212553,0.030369116204970667,0.12597626074384263,-0.009656996795965305,-0.025678259663663366,-0.07309363148248324,-0.05235175267372294,-0.03616064181815941,-0.06349095063044442,-0.09720293421922256,-0.10552567036879877,-0.07222785799809005,0.12865287129665437,0.18492464573822767,0.11774549835350147,0.12437889252024603,0.12398243745656097,0.129009476617302,0.11405104997329817,0.020406724540636134,0.1104369093571899,0.04101893700424742,-0.061904624642644714,-0.12309021630603939,-0.1306965632659725,-0.10122312261069664,-0.1265773351419393,-0.1274642963382695,-0.12694168135219014,-0.11079626773961697
C3_energy,0.01266122622281947,0.08967479579407578,-0.7883253739113797,-0.30089602074704613,-0.11598341690404708,-0.3779714139660273,-0.08290570677521249,-0.17508830347307225,-0.3153115454965114,0.17783176515970114,0.17935490669466203,0.20302914123911497,0.17924324755635013,0.2051506480447617,0.18917954280884514,0.2009121181309096,0.1616122075912714,0.20498469834700517,0.2500163607405827,0.2046565481293189,0.2685301954902608,0.2500283011367382,0.26660357359990716,0.24702971887632588,0.25754806556069576,0.10770885309025971,0.25131894879020344,-0.07795521590325503,-0.014316791097743423,-0.8273156327581643,-0.3535814174437328,-0.18894205791407342,-0.42971429506400066,-0.1617124092876928,-0.24922580017841595,-0.40049591497372944,0.09376311656928843,0.16437074763407375,-0.6213557060613483,-0.19631402833832126,-0.013628593978363041,-0.24847932712783385,0.015598076114084328,-0.06682611227294927,-0.14771003379904712,0.2039442363747847,0.20269185690009398,0.2183053355642989,0.2097851471900672,0.22010387250410668,0.21339449204250796,0.22320534962975802,0.19466389727638622,0.2255202062512795,0.17968535851649856,0.11399664440012211,0.9418300517579742,0.5377887285708345,0.27683003817458773,0.5375507967502169,0.21182923144776505,0.2522719346455212,0.5625108230856204,0.15950626671502835,0.07212110401903254,1.0,0.5944113681679744,0.3206458711194612,0.5339397296941829,0.15673354830807004,0.17277960775781867,0.5637252310717782,0.21202739226207198,0.1820947103417623,0.2181954087645752,0.21238326600565793,0.21510878945674056,0.21069161385067917,0.2171155288674702,0.11205012965926799,0.21502410102511035,0.07725215174603228,0.14522407689964253,0.1549968464743908,0.21426974991520184,0.14471424322315526,0.1687070527361223,0.1757715404748736,0.19093443275903496,0.19216929937710928,0.1348968019051016,0.09529890824006441,0.14457092277045636,0.14234882936305326,0.14156010279077594,0.14201147643830175,0.14134607329385934,0.06345669356531333,0.14054502842594532,0.08079822407586199,0.02262028425265902,0.05111536448636397,-0.009179188258119473,0.07247076168104806,0.037892078841674955,-0.04683847417093204,-0.06445049230845473,0.020266843720184086,0.0989969050646699,0.08263813736620057,0.1186021506594785,0.10752636516585168,0.11235584201879925,0.11321943547047147,0.12373198837062728,0.04823453912870519,0.11220608730841904,-0.18972447077331,-0.23463590272727192,-0.2727242372614608,-0.29986050199504555,-0.2619156459736884,-0.27347482035639975,-0.16452325270631515,-0.16023801381644473,-0.2696795598392415,0.1099642731307898,0.07972922191540503,0.11569344067031977,0.12151769551083275,0.11540122610588809,0.11474248731920678,0.11113424986749999,0.04037551538957204,0.1050307460653312,-0.059585276384037884,-0.08623279265916692,-0.15523201614699753,-0.19938990358491973,-0.16122614041238553,-0.16816951053534315,-0.19150471491695875,-0.21255342035402547,-0.18833680975750375
C4_energy,0.011239494549127831,0.03235545281238601,-0.5441791058969354,-0.6276879944465998,-0.18629333789324373,-0.5054529503711761,-0.22902186258198853,-0.10559700685248617,-0.37693843126421506,0.2881539450892093,0.23252363811074736,0.3139555332365402,0.29641313389991203,0.3265062163823878,0.2995581814030532,0.2893882148081786,0.1963596528745736,0.3028462632507454,0.4023135258103859,0.30363974619022593,0.4094145053345091,0.4099027737443156,0.41558478109873925,0.4019625022306324,0.40132556951531506,0.11987845672038125,0.37389211985792437,-0.1234521748410545,-0.09014549430467589,-0.6253565184732506,-0.6889963056185422,-0.29212891544271,-0.5803368411182335,-0.3269555594146436,-0.200628529325853,-0.49712577669375957,0.1331323293805175,0.13754041649777715,-0.3678669055818383,-0.45348645995734677,-0.028341070054491595,-0.3192805251378472,-0.0780163163619347,0.011977555292711465,-0.15478950020994195,0.3031048277414505,0.24085841177418127,0.31595534240184747,0.30904773759050264,0.3306452195805897,0.30906605016856353,0.2998645850799968,0.2422651545858776,0.3126206898522226,0.03971538552738428,-0.0018931940159336445,0.6063288037015784,0.9269666809066082,0.288976086163908,0.6054603909553687,0.2902014691442591,0.06258509721641059,0.5022680864143411,0.05287182000554314,0.0074972999970975155,0.5944113681679744,1.0,0.31120068559772684,0.6063221726336961,0.2778002744581598,0.04337803921251008,0.48112856783459745,0.35575120887630257,0.28618844216489253,0.3521848612667353,0.36016364381920396,0.3604057312332178,0.3563546704630209,0.3555340637374464,0.1476566469274206,0.34383998984182873,0.037392736770042706,0.07965807830838802,0.13147962438153996,0.16948389379595014,0.10729237064256601,0.12619226687006171,0.18219915264791486,0.1920551459392445,0.1560984578631887,0.17056732259465418,0.11708236116330198,0.18189529391312076,0.1780671822093307,0.18233013899082984,0.18132455287744437,0.1846534215718132,0.0566799649132342,0.16840467165892115,0.10394764278908543,0.05809478657325593,0.06938368778347453,0.04180365958846808,0.10106198865070574,0.07263018002823574,0.02804775687322746,0.013052472005377767,0.07534910535899167,0.10475733468877707,0.08775406654483152,0.1342523964396554,0.11048350165150925,0.12360735216799336,0.12277063056886726,0.12356474940841009,0.033776025443717446,0.11148085881649726,-0.166987614811647,-0.210844459548359,-0.2697153863688125,-0.3001825076945382,-0.2589000261428426,-0.26833504206384834,-0.26764700471503167,-0.2372129921593533,-0.2935128496522371,0.1262952906911389,0.090547203831305,0.13288774534627254,0.13905308635184221,0.13975792528450243,0.13986680752033567,0.1288242003806888,0.026048460874088016,0.10941414714612299,-0.01677937297192736,0.003738464619876674,-0.11066899835525673,-0.14733251311691986,-0.09190278398224519,-0.09853322605041408,-0.14769468929566154,-0.1865971082536267,-0.11519931963545448
T3_energy,-0.3792913306873816,-0.1803146096045608,-0.15051575107449588,-0.30261896077536704,-0.6066086920373716,-0.19611750431616698,-0.3514167204474937,-0.17402192035160713,-0.3830326655993325,0.39865261278810055,0.3782429444629035,0.4505003412210713,0.41654722970548175,0.4557246257101265,0.41782197879341837,0.43331810975910734,0.3476446640377292,0.4509102051164982,0.37537989190797777,0.3116939016378892,0.4012955972357205,0.3778364189334507,0.40748898798095445,0.3662719309328914,0.3851535214201169,0.2047335358834945,0.39650644076284286,-0.5461375087771254,-0.36321125541276406,-0.2821781055535436,-0.4192227738259801,-0.715561553290047,-0.3344508015199811,-0.48669927779355854,-0.32021866855859604,-0.5567706097756081,-0.16647187932732566,0.028330511484695748,0.004407749731809206,-0.13796455730925725,-0.3778101634592418,-0.025080982646199214,-0.1575177089349637,-0.0035331088518977126,-0.1246562071044292,0.36338933938425966,0.3637721096101574,0.395204963785634,0.3820066904495278,0.3999402854065982,0.3816829644077566,0.3891727124838988,0.3572099410966512,0.40587448590603337,0.5104747613062045,0.33903075137400784,0.34682692835769063,0.31148569354046357,0.9071154047342921,0.29014938095365767,0.6038827201524735,0.5389087403561713,0.6913228358381629,0.5021233009507984,0.32981568008808954,0.3206458711194612,0.31120068559772684,1.0,0.2400493650076369,0.5438014867873125,0.3849263498651881,0.6968145453541315,0.29629804180245395,0.25671655501228074,0.29823726310654664,0.2960452324986262,0.3044911078906308,0.2919446856456019,0.30218841068675856,0.19280164240392428,0.31102201861931067,0.0731614390008563,0.1321495142458217,0.17364728300497692,0.16493544767290988,0.15105304507116452,0.15702086808804036,0.18106477213091243,0.18477350803815024,0.18411007135968324,0.15123181470705999,0.11802947717818285,0.16119627969926165,0.16066583191394443,0.16216041030467665,0.1611631335182618,0.16482911144382648,0.11383025548852374,0.17830279757578374,-0.016934458685964576,-0.036119479333778924,-0.026441494091277447,-0.03724706946587656,-0.021038094320213474,-0.019931137049027537,-0.03188799838133812,-0.02818559615458269,-0.03454129795372908,0.09926083841811308,0.09448464103289245,0.1200052887568831,0.10514970431160439,0.11420193458384645,0.11319098706122657,0.11811169599438404,0.0848470021193488,0.12984061875397382,-0.11352920131108121,-0.1474563816065883,-0.20319875352238004,-0.1889755743881079,-0.17928886097630486,-0.18735084987710116,-0.19211285585573323,-0.19798512510963512,-0.21039964248159265,0.116210798488947,0.09499838666529507,0.11734219107158474,0.1246157447774202,0.12352042377160273,0.1230492247480998,0.11945741896557636,0.07984950160934205,0.1351905623387705,-0.014873546457267482,-0.09080175424620945,-0.18844330831871958,-0.16749590018652935,-0.1404628781286303,-0.16492353867962387,-0.1816401334320624,-0.16505664340739645,-0.16810738762077135
T4_energy,-0.20645616234565184,-0.18377163116871195,-0.403728156264263,-0.4831616324694061,-0.06980593808424432,-0.8415465406311704,-0.03661941152775732,0.054277846999215826,-0.35247347343423774,0.2501535285713834,0.22706793172322748,0.2716358931752175,0.24568410437592142,0.26019501252530536,0.2899407850525902,0.23565670522561513,0.1514476131017842,0.25953882506024795,0.29582722398647504,0.22656010188069825,0.29727444230398475,0.29573604264180614,0.2988591787028155,0.3106471909349153,0.2901635213026324,0.08038245075004663,0.27125608144567775,-0.31438969783066534,-0.296241695538343,-0.4684067425739957,-0.5285660578585215,-0.14896809374696798,-0.8758059629288049,-0.11770559998321811,-0.019876654297221137,-0.444634476096057,-0.0628126244092249,-0.04004655820392126,-0.2641678473645969,-0.347394797387503,0.038064216010756644,-0.6326576973593483,0.06360946089983058,0.12299634001906738,-0.16282161197620526,0.25191402833343385,0.22383639634210153,0.2535199679520394,0.23778869537247474,0.23842323209224114,0.2732322861443935,0.23469057158316037,0.18245499682837238,0.25171102391117534,0.2061972828670622,0.2634445871189034,0.4876804495117882,0.5275792745889621,0.24528086883416708,0.9573162091234456,0.1783476518809242,-0.020033395334938187,0.4961705727479333,0.16738718211434783,0.2014359205637396,0.5339397296941829,0.6063221726336961,0.2400493650076369,1.0,0.16778227581077282,0.008775352460330827,0.4790858890452454,0.2547581098814515,0.20618926444293892,0.2490025451791031,0.25343225021850907,0.25447539931673513,0.2613552018431955,0.2506977243830598,0.09917215271158997,0.2432160247059372,-0.06233030103413762,-0.008928572021523693,0.08173358395991479,0.06605958017425113,0.012790501576146536,0.037517295114667254,0.04446760667020667,0.07720250995965496,0.03859407803411152,0.13280325295070555,0.09201469540528943,0.13124259670304,0.13250557466833068,0.13235952216867555,0.13939126002997967,0.1343755637556487,0.03725402388518909,0.12406035053518429,0.055103136068588875,0.08360279434004486,0.030799104218758196,0.045095080445299744,0.0759052408073478,0.07269499260652416,0.07407676280421459,0.05773169850009373,0.0773999437550128,0.08761704562862604,0.07353516681433131,0.09748501736194871,0.08818611571230185,0.09312164682435015,0.09896365986632255,0.09692682725087423,0.021272779140129604,0.08563618660273126,-0.0634734597397963,-0.08645316634908695,-0.17584907430463848,-0.15535978781059492,-0.1250696679250525,-0.1283493533318842,-0.11808266609381556,-0.13199265874689942,-0.14665595492560457,0.10087470853215569,0.07321068986486888,0.0996339336514196,0.11042236516301679,0.10205166456215155,0.10980872486012609,0.10135823754420066,0.01662940749196144,0.08282101612835933,0.1782331486197827,0.0264414574141333,-0.012403999658839154,-0.047932568696301206,0.04158274945772191,-0.049810763653025704,-0.07338325039102601,-0.10058857791882121,0.008721253893496591
O1_energy,0.3085988515953729,0.2950170820023594,0.12540161999504476,-0.17449075094608416,-0.1695849744725379,-0.00522610526457766,0.041059362143889166,0.15507649904107546,0.08597484114897176,0.5986433221994071,0.5270810353691479,0.6235892879358927,0.5984320487203825,0.6230819414974248,0.6040246361248032,0.5989543829286068,0.37318585637034246,0.6123359524894302,0.3797088588465564,0.2970314883002262,0.386831160578753,0.38053719242915407,0.3889376808375819,0.3769227224319145,0.3877045250174638,0.11879536216536855,0.356292196985341,0.08075978575140055,0.05668547872081386,-0.06012528686515971,-0.3407012507497161,-0.35692143311848695,-0.2046727910653409,-0.15739349674128034,-0.01698496090037494,-0.17316760718199448,0.4420597005164813,0.41895749324423087,0.30093638162606695,0.035124615927421415,0.06243654980373766,0.206316390356458,0.23738356483539869,0.29459683566148936,0.30913062544983044,0.48642345097067086,0.4316968762330918,0.5289896663180144,0.5174778072165342,0.5330144116970214,0.5175134090831416,0.5243622211738534,0.4024102783721309,0.5244307764928475,0.5977443462312722,0.5218280380483536,0.23197494961659118,0.26234972157340813,0.6322877932498101,0.23130949232020798,0.9374585647911442,0.5258094611727233,0.7028852615804351,0.732633508977492,0.6595577500234882,0.15673354830807004,0.2778002744581598,0.5438014867873125,0.16778227581077282,1.0,0.30684654780404214,0.7066477975060583,0.25894722276457754,0.20739968647887855,0.2579276981822157,0.2599382837213102,0.2638361298687827,0.25954144064829143,0.26675297866687214,0.1142236299261119,0.2533453483122148,0.00809549654458895,0.03709633400252344,0.12645308946801576,0.12609609949309447,0.09110689802151091,0.11006470499811509,0.10493179589993187,0.10588678207958438,0.10756503216607359,0.12880228302123373,0.08825514241497748,0.13887372054302455,0.13879959544379147,0.14110128176021958,0.14016006179041096,0.14838719091663202,0.04803394575537838,0.13180643621922622,0.05676710398555811,0.04103246479704373,-0.019007969196363737,-0.029819667217722615,0.0026533791542944583,-0.0012551532864485137,0.013912893746456219,0.03474716722915001,0.013038957483042074,0.08473623765364782,0.06979274886832741,0.1061205362695799,0.09464163850908816,0.1023419525668905,0.10193004735437747,0.11253949176748836,0.03151401517672446,0.09434582746778454,-0.05475434974831896,-0.07342247336229335,-0.13357757280962848,-0.12635215371253497,-0.10562748340225551,-0.12745606670071213,-0.11561165721889845,-0.12900412795349678,-0.1297521095018633,0.09294619922585105,0.06502279636455927,0.09767372691150504,0.10280215426425791,0.10375546572500764,0.1040233015229643,0.09816840624761207,0.02166128750678229,0.0824795275242122,-0.026764804689498205,-0.05356038459245281,-0.1741711545786818,-0.16879881281218556,-0.12772297305857797,-0.15385104841103894,-0.1766064332545032,-0.17949200768586407,-0.15844969358975408
O2_energy,0.0013759659248690395,0.08682809397923998,0.016911175957557374,0.004729648382578151,-0.09644873242503227,0.0836754425524884,0.012963240717802018,-0.02699190369199349,0.00982030532363783,0.22760092190998754,0.2638617237358701,0.2598401381192148,0.2426650231488998,0.26399043360975855,0.2487947538453486,0.2685338704677037,0.5296068129987561,0.3399037084372755,0.15626175750082857,0.18371558908576793,0.1704829571678828,0.1603799620500569,0.17271926283247263,0.1581516534925774,0.17371305974117102,0.5274622886947452,0.3646398461246636,-0.0924953603633763,-0.04612884538425612,-0.06258970519974923,-0.0748958043857196,-0.17748484534911357,-0.012805623788496624,-0.07824226507688853,-0.2197041627602727,-0.13021596683033201,0.07950086356565729,0.17505357448568723,0.09709370561101219,0.08704068661200288,0.007917767133681555,0.1650591572520107,0.11475216193711647,0.15564678087783135,0.13847446196564506,0.20089899451774623,0.24401542592765388,0.2301634103021641,0.22527450810014352,0.234301655438159,0.22727234514248837,0.25616922238960776,0.45070694641766285,0.2867864459084114,0.31085261973221084,0.3014008079713724,0.19428079763637826,0.059471527610386765,0.37482975758619524,0.04818324159574334,0.30244641004961387,0.7682342838638523,0.4430717650832801,0.33515135042481126,0.31964217106300685,0.17277960775781867,0.04337803921251008,0.3849263498651881,0.008775352460330827,0.30684654780404214,1.0,0.6944076866490225,0.1109021019566538,0.13394084528953012,0.11361525192727097,0.1129314781379493,0.11610459146372484,0.11193322947129447,0.12122503306062615,0.44212743838502694,0.23739800458303906,0.038487790764133396,0.07373446632017612,0.10210126591732617,0.10322093409195085,0.08844725158828773,0.09553752181773999,0.0858150074685085,0.06542845577893718,0.09818118042315502,0.058973956244622754,0.05034748185349103,0.06334869713117432,0.06419161290710301,0.06504658975495328,0.06355804856758089,0.06854935571288633,0.3669664349131186,0.20430640783927023,0.004096409357681195,-0.024208174544675578,-0.03033567337184294,-0.037960802662427275,-0.018037014808712032,-0.028939339388688902,-0.00889130503718519,-0.008985887453117484,-0.024843406245119177,0.041343237849946486,0.037514275075292966,0.050090942555948856,0.047028260691942644,0.04913247470318379,0.0486596955245651,0.05909090734137045,0.326451481574599,0.1882832446306658,-0.05399756858673785,-0.07478191004994829,-0.09651197708595517,-0.0941844315655092,-0.08412869125427234,-0.08992985569399263,-0.08960764246196418,-0.09330923407684973,-0.10077463627281975,0.04741271872234656,0.039003243703483015,0.047462892520670874,0.05115073409238177,0.050993686738180416,0.04987028344110248,0.10087327889368879,0.3375335847145041,0.2513572492721969,-0.03447571251712631,-0.05548210240908806,-0.1256596650243788,-0.12092747269806016,-0.1144187584554463,-0.1103822432673422,-0.10550631478123293,0.008754819929003375,-0.1014309864957341
avg_energy,0.08477914499362521,0.18951377258480184,-0.21178578459912245,-0.23766754793507208,-0.17452943169680685,-0.2401217683438705,0.04190811084451921,0.053009624789129746,-0.09235448423354328,0.565268539023299,0.5568019051685601,0.5998704860654203,0.5649739786541351,0.6028107988111837,0.5823873978977654,0.5768032222257982,0.5460367416353589,0.6336443729357047,0.4653661315144675,0.4214311777763978,0.4793697955716704,0.4651605870274484,0.4829848475735024,0.4614924255613068,0.47223197463565586,0.37361386996627005,0.5423244955867688,-0.1459270390512854,-0.08025352717919432,-0.3830158404432458,-0.40118123042977805,-0.36158745930761566,-0.42588226758805575,-0.15645505284741223,-0.17549798163133012,-0.3572091626889573,0.26891506466428855,0.37414029469361837,0.005442185841887697,-0.02085029614664734,0.06315198442000407,0.0038079586204758475,0.2475865575111931,0.26614326595031895,0.18777357270351505,0.5026229308321792,0.5048164678786747,0.5356317588603877,0.5218747968760883,0.5398484996583168,0.5318139551901444,0.5372941693935307,0.5444964358047718,0.5668546419782148,0.6583171023064031,0.6003343404435061,0.5884685667062921,0.4559574198152408,0.6822670697363237,0.5259551893349427,0.6794725479155433,0.7247418376612513,0.8848967174119999,0.7038523998345284,0.6352286288862031,0.5637252310717782,0.48112856783459745,0.6968145453541315,0.4790858890452454,0.7066477975060583,0.6944076866490225,1.0,0.35403849839134754,0.32949441825652576,0.35217245356550725,0.3538204723009411,0.3585695812637779,0.3526408825131806,0.3598427395388519,0.33944280205710475,0.4072941584071769,0.0372288114202005,0.10826744608339554,0.18491551015739657,0.19303403776457823,0.14255448976793716,0.16612402684818825,0.17108973359647933,0.17620118088038572,0.17847358706395045,0.1880829420301603,0.14938383165481725,0.19765270485756475,0.1976057466034983,0.1997896670021086,0.20062456127402936,0.20558935186502947,0.23098360645239555,0.2583197210743674,0.056133722102596234,0.023880138239777055,-0.00255002359268246,-0.01918464943072754,0.030247642178297316,0.015664952537382464,0.017876879022456712,0.012394976355925536,0.019441505556373806,0.12767483122642506,0.12150031768465197,0.1520677221549706,0.13618773062973466,0.1459445505366107,0.14720542572547665,0.15696664638986213,0.19124583871855916,0.20491689094043786,-0.12954955187175773,-0.17069616659495704,-0.2445273701804319,-0.2408828928118845,-0.20842218550701008,-0.22857746409892504,-0.21146646199334182,-0.2155657015512851,-0.24518806203573523,0.14588428599238598,0.12182144829910557,0.1461594125535282,0.1552834884963954,0.1527080030854025,0.15445489170189441,0.1686047873570763,0.1877315937321358,0.22624403713342298,-9.803901704011594e-05,-0.08038979632266983,-0.2041907400680083,-0.21955295343239611,-0.1680909823606436,-0.19872768495109452,-0.21781922357518965,-0.1784915922780986,-0.1885542583211764
Fp1_delta_power,0.006512743448783564,0.008962786342738166,-0.004511875425804341,-0.016700279131670902,-0.02105547498694227,-0.0028989693184609377,-0.034708996918856594,-0.014412408224564504,-0.014468293916599312,0.5982669787929743,0.4877701413740799,0.57309004868138,0.5806316505598444,0.5816860325819545,0.5752421435106401,0.5610519542910869,0.3428274494683709,0.5780433177264257,0.8818490050883672,0.6858664991388834,0.8491186983394802,0.8648733717547215,0.858579906257841,0.8602399386132981,0.8513360176932179,0.23777037884182264,0.7897035821427654,-0.25396396104612934,-0.24564045209457502,-0.17869060511886103,-0.1953531069941348,-0.21452989489506227,-0.20642525323797395,-0.21414789973948467,-0.16926213225475262,-0.2682736765153254,0.2421760590943906,0.228521497311762,0.20207998064308103,0.20274502353819737,0.214718639741264,0.23293777918085795,0.1886166679792941,0.15838811426200258,0.2562153703994325,0.58252148348466,0.48756883326452544,0.5457343858591766,0.5534460410396468,0.5559249831857606,0.553781663564592,0.5277283053891301,0.39727993993671973,0.5575680060255253,0.15603700061411874,0.14948397400194258,0.10783202352801396,0.1473203962783221,0.14611059907015375,0.13223723046221736,0.1365468594976102,0.10810187545940582,0.19054235972297687,0.26955632870253887,0.2695316739711739,0.21202739226207198,0.35575120887630257,0.29629804180245395,0.2547581098814515,0.25894722276457754,0.1109021019566538,0.35403849839134754,1.0,0.8293909570802186,0.9648514438795361,0.984061539463109,0.9909256739124218,0.9868939226598111,0.9824978962700891,0.39295368048566737,0.9495111091096998,0.045522566563782896,0.045198562648961965,0.05182470016720267,0.05171130247838017,0.052815719935584586,0.05224149647989373,0.052419617864574455,0.051915953045956184,0.0607327186684585,0.4994693320810239,0.3622279979621445,0.5114229937577268,0.5108867984121325,0.5176687531991376,0.5222448640688552,0.519584647513545,0.14132423477823264,0.4768835780362943,-0.037438822647156096,-0.03639451876706977,-0.04374776829246221,-0.04366704972705508,-0.043713893317912055,-0.04358699307016714,-0.042550769147049625,-0.042370127013086685,-0.05283554726638202,0.315519337052282,0.27843176908516926,0.3719249310427966,0.30920941418708714,0.34720976717896834,0.35491454657054605,0.34762615159212434,0.0812801478528436,0.3143961379090967,-0.025651333599486376,-0.025044280438601026,-0.028983211244312117,-0.02965747023253382,-0.029986734412878528,-0.03119265829526721,-0.03308609631858777,-0.03342083639255185,-0.03529999214395442,0.37549182930736935,0.27087909873833965,0.3612236941056944,0.3661195467050322,0.3750558132817358,0.3846595842974035,0.33539876253117423,0.060904291466098236,0.29459127147088104,-0.03355559546803831,-0.03256716924149836,-0.031821619233691006,-0.030950033432414474,-0.03270985929943818,-0.03175176266253226,-0.024959750317774962,-0.024047657710510047,-0.039636720188452434
Fp2_delta_power,-0.004960230708239927,0.02594495132285155,-0.008857428534764181,-0.004944936920250636,-0.022729669878110516,0.003502118550561446,-0.029445077951830555,-0.014286821489798431,-0.010952911564121896,0.49123904000079194,0.606990993544157,0.48052736275572705,0.48783391247303626,0.48707433811326345,0.4836410149757232,0.47369649392812657,0.3007077856957593,0.5136858401918961,0.7175760452231047,0.8541204702701597,0.6954695150807825,0.7119859503036393,0.7015859097322558,0.7090122803051865,0.700187009633054,0.20285646588936504,0.6871385253931762,-0.22608986011732798,-0.29320639550742617,-0.158615142311421,-0.15863068215038392,-0.18907817447832176,-0.17150055047439014,-0.1832075414992743,-0.15247742853430862,-0.24214814126592907,0.19978541865462313,0.289150191699734,0.17296000782955764,0.18505070456244316,0.1829021370041611,0.20847028949040336,0.16650737917307723,0.1395353900504853,0.23546229619189732,0.49812804350467194,0.6008775183535262,0.47490881576660304,0.4781153816595819,0.48153889293319324,0.47922898827954774,0.4585888985968588,0.3537912558590244,0.5080749415855834,0.13825461771421757,0.194968375684387,0.10058139524944396,0.12065223125637001,0.13708013810704478,0.10885492586090663,0.11267090004194064,0.11983378153179411,0.18122676118824227,0.2249190739848325,0.3513739197627036,0.1820947103417623,0.28618844216489253,0.25671655501228074,0.20618926444293892,0.20739968647887855,0.13394084528953012,0.32949441825652576,0.8293909570802186,1.0,0.8050971044831624,0.8229680011621979,0.8265329172379765,0.8244968010111758,0.8212166351432395,0.33459213233064783,0.8329430194885428,0.04804895455609668,0.05223962086381416,0.05818015554815144,0.05849220587718399,0.05842953281257878,0.058698815102267474,0.05964949551398887,0.05697032801283769,0.06782272375857455,0.4584619239885338,0.5717844699687962,0.4764775005002023,0.47006008685475703,0.4791743783542164,0.48199591269016323,0.4813061207666839,0.13044055358564233,0.4773912350939474,-0.03911451669981017,-0.04156523365926586,-0.047727728072256455,-0.04816620634527965,-0.046754749524754204,-0.04767516840361248,-0.04570722512047267,-0.04509214486068833,-0.05732232507356709,0.2922190410410741,0.5050166190593779,0.3601832788967095,0.28605469117621557,0.32831143150994213,0.33248151559526773,0.3303890805778055,0.07620375188329652,0.32687057803678915,-0.027656543327831427,-0.029549961168568912,-0.03369950057667709,-0.034525305747417814,-0.03434719367188105,-0.03599936376957532,-0.038970893073261126,-0.03796388374987718,-0.04063742478188506,0.35993570197312663,0.5343597697316648,0.3508271028888378,0.3463123878494793,0.3566431153449745,0.36533459543734875,0.3182215612223977,0.05645912454249333,0.31413125037378936,-0.035181514051534205,-0.0374991224326818,-0.03682068899071764,-0.036220677549013515,-0.03751029598534144,-0.03678797891351215,-0.03194492837317256,-0.026140685893670912,-0.04529330155156582
C3_delta_power,0.0014660610639216723,0.007735748728352475,-0.007893773906278824,-0.018498006108361102,-0.025402143380771906,-0.003307836982505335,-0.03691813608680993,-0.01805494484305568,-0.018186330001352325,0.5703384518923149,0.4760241122378445,0.5967158340254619,0.582681555626152,0.5843245739594266,0.5733038971277331,0.5642804136862674,0.34638356610138166,0.5775451138299745,0.8498739032918635,0.6672842653779778,0.8638556013932339,0.8508239500669756,0.845673753466753,0.8426109038894725,0.8389643347053088,0.235828286338463,0.7781093907601702,-0.2487826591440161,-0.2417669252985823,-0.18533104335047684,-0.1977501151559231,-0.21951248045038213,-0.20606104800808753,-0.21840503588305496,-0.17468417126910957,-0.2712693545900355,0.22988522442245285,0.22449326494950989,0.21264380673183214,0.2012205847257874,0.21126168713178467,0.23189166852726073,0.18727830477514187,0.15656827735892465,0.2542623436730718,0.5611263101452403,0.47939037270364937,0.570542987757232,0.5545960575320085,0.5576115202575064,0.5519910515813075,0.5311868891332736,0.4010388541348836,0.5582840987445702,0.14694640068775003,0.14426116112521056,0.11364667746001562,0.148598652062158,0.150072038823942,0.1306682784293995,0.13998597690134024,0.11295376273995142,0.19182456912103527,0.2581678715257665,0.2600065150821199,0.2181954087645752,0.3521848612667353,0.29823726310654664,0.2490025451791031,0.2579276981822157,0.11361525192727097,0.35217245356550725,0.9648514438795361,0.8050971044831624,1.0,0.96547763296326,0.9721265072071484,0.9635301847824522,0.9654926026635425,0.387329940511613,0.9354622281563797,0.04174946251394272,0.04382025743052609,0.06029599859509952,0.060278725489655065,0.0597374928415974,0.05922627370330342,0.06057762902814826,0.059255760780905796,0.06705485279803367,0.4713542545528728,0.34439750338180836,0.5607918967485992,0.48706596037141553,0.5014212795814836,0.5028178089165141,0.5077650221682227,0.14005523204227532,0.4676141184628925,-0.03621560320284536,-0.03840617548759473,-0.05035068599485474,-0.05039008461782877,-0.04956828980099186,-0.04939021413736847,-0.04747512188140588,-0.047087232378704366,-0.0586721949404735,0.2835568202090882,0.2598213697158013,0.403290534589467,0.2833798751653087,0.3306707704356914,0.33439744616356487,0.3362174529413958,0.08128554109051646,0.30214763213770846,-0.022497264212435624,-0.023362400450048917,-0.03423968264660459,-0.03502856464321801,-0.033941846641452,-0.03552551858794424,-0.039119293584893175,-0.03860652595123041,-0.0393169407776811,0.3584904650317234,0.2640388438610412,0.4053777157926671,0.3581998195778068,0.3749958810048588,0.3796784075722168,0.3384802484206631,0.06260918309088055,0.29700203560955163,-0.02951547995592858,-0.028389856961475016,-0.037308742078866,-0.03646158205289547,-0.036634659653519745,-0.03571785014379885,-0.03091829211418409,-0.029355125360693596,-0.042198475612744674
C4_delta_power,0.003785087657000634,0.009984078077707157,-0.006590614178974498,-0.017847536854371984,-0.022526464783600455,-0.002243446701989851,-0.03433957454470907,-0.015793958265781095,-0.01566707315074955,0.5703470672459661,0.47825074080777186,0.5752438377111532,0.5887412403431138,0.5829385646904489,0.5747499641795034,0.5652987826979393,0.34578980709823437,0.5758728009404375,0.8633528217611847,0.6811568078117352,0.8473812083330203,0.8748863855231901,0.8562047391445957,0.8582205836464656,0.8528782087684076,0.23872943101187297,0.7881271626354306,-0.24533496588305864,-0.2386886797928977,-0.18152416393245172,-0.1982613550885502,-0.21642887837968236,-0.20480892798069195,-0.21533788330496859,-0.17224786802290648,-0.2681335937988088,0.22846269707639935,0.22349682825948616,0.1976782078973237,0.20001148251847797,0.2102803682822373,0.23008383687961323,0.1869092698540987,0.1559174018000067,0.2506408784394279,0.5556317159391215,0.4754347610759692,0.5431111626093217,0.553598532218788,0.5524191189198906,0.5481261327988006,0.526852257106752,0.3974394691709081,0.55104963222786,0.14797445178728355,0.14624998895005986,0.11071695414738267,0.15087478088341794,0.1490559203523005,0.13205497654269058,0.1397034164896439,0.11223358183884762,0.19190261921455543,0.26166307623633794,0.26623312746241135,0.21238326600565793,0.36016364381920396,0.2960452324986262,0.25343225021850907,0.2599382837213102,0.1129314781379493,0.3538204723009411,0.984061539463109,0.8229680011621979,0.96547763296326,1.0,0.9917972059298824,0.9846724631595056,0.9865369167449105,0.39489021238803435,0.9498787466318588,0.03953014809093792,0.04189664887340882,0.05753992137945737,0.058378223724119264,0.05688742648996811,0.05727952579824189,0.05799953176682611,0.056873722748805075,0.06426235599077194,0.4967771225373168,0.36074947039825345,0.5199384732894871,0.5101316707129514,0.5224869487738572,0.5269626254604273,0.5274198013221643,0.14486292762454556,0.48071485912666695,-0.03425919346470718,-0.03659117170420613,-0.04800073847073028,-0.04889546113728708,-0.04707148183670758,-0.04773730579823854,-0.04545529147118642,-0.045158798605334796,-0.05619369402072925,0.30258758857045104,0.2700397981142509,0.38038303516671157,0.30325667691039604,0.34599078745023804,0.35421856896545256,0.35057922085432874,0.0834171626081377,0.3128235249925621,-0.021495342954169043,-0.02242575464749517,-0.03278255595311735,-0.0338408994929805,-0.03251263857534057,-0.034339003082907556,-0.03752932845906618,-0.03715184988829979,-0.03778279735043354,0.3685369331874953,0.26834804240256427,0.36549188268767163,0.366486819530131,0.3779732108424457,0.38681815351114485,0.34146901536721563,0.062309742530972746,0.2961521911038295,-0.027720212412541384,-0.027202848620484693,-0.03547244946912307,-0.03523922353340216,-0.034788140786392474,-0.03465289174329126,-0.029411841915797966,-0.027974517503381403,-0.04028219724146828
T3_delta_power,0.0023384366031992117,0.008793513747169397,-0.0059096505793550195,-0.019260653573136523,-0.02460535391268979,-0.0025663061807231426,-0.03625866220153892,-0.016980210788820515,-0.01710825957734104,0.5802990940472882,0.4840173975573125,0.5856468791221242,0.5919499186742415,0.594345550884298,0.5818130415682524,0.5735434167821576,0.35219467405254296,0.5843778026037868,0.8715407846489974,0.6838750648102565,0.8574434479706247,0.8723820924107686,0.8675121155386154,0.8635097955149337,0.860773208189246,0.24192561683926428,0.794519957651526,-0.2517719384283791,-0.2438701818568914,-0.1840484816133999,-0.20073620170929393,-0.22185782956852115,-0.20809274543353143,-0.2199547058684589,-0.1759419420019709,-0.27343546241043815,0.23268804117384273,0.22750977455427304,0.20315437838469988,0.202698273740205,0.21423776347524187,0.23431298793683403,0.19003142085748456,0.15896307241769284,0.2553933945625535,0.5679211318189952,0.48478787312638866,0.5547072044925836,0.560776230550289,0.5645249036498333,0.5576063585583467,0.5369244793945398,0.40557518687101834,0.5617127884438735,0.1505332432118691,0.1475330590877813,0.11089145643350662,0.1511293050496608,0.15198877594096505,0.13263398383469793,0.14149314575827632,0.1138563398455449,0.193876475050705,0.26477014139045124,0.26659379955281926,0.21510878945674056,0.3604057312332178,0.3044911078906308,0.25447539931673513,0.2638361298687827,0.11610459146372484,0.3585695812637779,0.9909256739124218,0.8265329172379765,0.9721265072071484,0.9917972059298824,1.0,0.9891618576011009,0.9932175617355604,0.39836332246649087,0.9543556402868895,0.042518890394782176,0.04477232242886996,0.059047836235386966,0.058970940863949085,0.05917656864523635,0.05829629604137518,0.05983327177514257,0.05844458587244621,0.06645463820863583,0.4939141074452915,0.35957576632276544,0.5208842204770215,0.5115080715440665,0.5217867454639931,0.5219047150176275,0.5267614786328046,0.14449968014198203,0.479560162715161,-0.03584370391617461,-0.03772340451263241,-0.0490313845913651,-0.04898602739433157,-0.04855770135283946,-0.04810516465499486,-0.04655321394048538,-0.046109413312457416,-0.057385416843526126,0.2983882394109008,0.2685792494102291,0.3744310287457856,0.2985058625295229,0.34138502046762265,0.3443075440788751,0.34520266176553555,0.0823459987461028,0.3080397351999497,-0.02358641898083324,-0.024650003256063105,-0.03370428266357818,-0.0344558229272163,-0.033942700927619175,-0.03524929616984717,-0.038705726848554646,-0.03816705508313456,-0.039282639932066175,0.36663766317776336,0.26770107237661356,0.3680993844715521,0.36610831872576355,0.37869066803778856,0.3819449085699215,0.3399769137519887,0.06287532859931967,0.29590970744680073,-0.0306070392540661,-0.030080035352555382,-0.036904304182736415,-0.03612749413786317,-0.036914402709073264,-0.03578261169376433,-0.03122744039403931,-0.029547451605878072,-0.04282818494798095
T4_delta_power,0.004030408139906715,0.010143759430363004,-0.007143686199246865,-0.018960948327186786,-0.021846112954178067,0.0006316485957415597,-0.03540692335042324,-0.014381032596580919,-0.01523485852320768,0.5804197365024776,0.4855482175536251,0.5799982529095028,0.5898154572728536,0.5874607313178216,0.6043629383024243,0.5690870522773075,0.35074204559731154,0.5847080416466951,0.8632137497085337,0.6803970708467968,0.8428772964697098,0.8628981170849326,0.8509282547061614,0.8792367629989548,0.848378604273336,0.2380506133166916,0.7870452147382467,-0.25065380074412413,-0.24341783294655264,-0.18463143412566033,-0.2003225126042727,-0.21868352967735732,-0.21176884739653307,-0.21833935913871708,-0.17388407645641865,-0.27266073290501264,0.2371501999404452,0.231136360211336,0.2031828898469874,0.2049736732734393,0.21759583902110174,0.24810272673437075,0.19208783053057946,0.1628060132870019,0.2604170586270715,0.5725100350473922,0.48855967608914513,0.555552430339746,0.5634069329442041,0.5649868398114282,0.579818334395531,0.5377525124593644,0.40824906407511513,0.5666993971634813,0.1500031665775136,0.14762395122006833,0.11128686457424618,0.15174672768343334,0.148822297693941,0.13925001232124476,0.1406087740969478,0.11253309978095098,0.19415275471290366,0.2602793115206583,0.264451328486259,0.21069161385067917,0.3563546704630209,0.2919446856456019,0.2613552018431955,0.25954144064829143,0.11193322947129447,0.3526408825131806,0.9868939226598111,0.8244968010111758,0.9635301847824522,0.9846724631595056,0.9891618576011009,1.0,0.9825632035433899,0.3945365489647075,0.9491525935474698,0.04317399645979294,0.04663564734599818,0.05940371750668755,0.060611403949690605,0.05920732045520457,0.0611045054458525,0.06043624947812452,0.05989997778333206,0.06786792385032699,0.4901863450233013,0.3569043930658358,0.5126953461537104,0.5047231291106071,0.5137454955169657,0.5240763192432111,0.5178867793694115,0.14247722877831154,0.47439415822794573,-0.03659625322917322,-0.0391152477857111,-0.04921179833632749,-0.0502826105540458,-0.04844739363107,-0.05049823461547892,-0.047136715698235285,-0.04737233095332099,-0.05859567589430615,0.3016076899654543,0.2713016200826193,0.3740980112049482,0.29903410764114724,0.3412097670208297,0.35102694937781265,0.3444810260723953,0.08207688103882951,0.309424565838341,-0.024061429968891674,-0.025747643694965867,-0.034212700969915785,-0.0355083012301145,-0.03429010547056416,-0.03679579390531158,-0.03924069211553853,-0.03911309962154613,-0.04023897859909556,0.37002853664977786,0.2709205594935029,0.3673996769658293,0.3650616636975169,0.37738602487821965,0.38924292097258595,0.3393107175206819,0.062341450647890186,0.2966451483293831,-0.03063543990285401,-0.03148607780007987,-0.03669262473039898,-0.0370960839579324,-0.03653488737161633,-0.03764097335173815,-0.03088654480078657,-0.029999786145275986,-0.04348190565429758
O1_delta_power,0.0019583053156475142,0.008463102085388509,-0.009562175044835633,-0.019692944315012187,-0.027839942412013,-0.0007246396210672895,-0.03581205916354389,-0.018234227568231284,-0.01837373846705146,0.5753815908028606,0.482327871088988,0.5830568697630155,0.5915034870659254,0.5911970390924123,0.5803186010284084,0.5932962140622836,0.360417872302562,0.5868759454034417,0.8645169274134203,0.6811197618576561,0.8501975946680764,0.8671369118011151,0.8600539217651789,0.8581256157210304,0.870024357430911,0.24849194738185512,0.7943240007060254,-0.2498584052624338,-0.24302632926447157,-0.18748422525048195,-0.20142869192905166,-0.22461437207839852,-0.20637220945029128,-0.2249557179134328,-0.1806767869425014,-0.27577058301171875,0.23088168447739837,0.22636299149835434,0.19939662414286105,0.2023799320094181,0.21073529922014558,0.23552901987261102,0.19672796970640605,0.16083800355883213,0.2554056528704935,0.5635557833521597,0.4826955662549462,0.5538682588558573,0.56128008405318,0.5633443047995795,0.5570352155489802,0.5524161427199122,0.4133639134841593,0.5640274672201234,0.1498797347747632,0.14626732228795422,0.11432873042971717,0.14873511751881213,0.15403022443879666,0.12998651665183372,0.14660350630419766,0.11915097484330829,0.19591618218157822,0.26361743819681344,0.26547467912339373,0.2171155288674702,0.3555340637374464,0.30218841068675856,0.2506977243830598,0.26675297866687214,0.12122503306062615,0.3598427395388519,0.9824978962700891,0.8212166351432395,0.9654926026635425,0.9865369167449105,0.9932175617355604,0.9825632035433899,1.0,0.4058081506564384,0.9527180089187759,0.04316048378285147,0.04659874087734962,0.06454369104012497,0.0649354067466664,0.06397879892770651,0.06375203223267255,0.06883430578422844,0.06619272629585633,0.07271031573858959,0.49110907130350706,0.3583831721250891,0.52122182737348,0.5106567165440398,0.5208211765544029,0.521103460784145,0.5285024350410361,0.15308819655249475,0.4825129362049924,-0.03584648408145149,-0.039038912047696994,-0.05252005623853587,-0.053042341909426804,-0.05138597495943874,-0.05166596502502118,-0.053236135487657626,-0.05165350762688731,-0.061899172121971206,0.2914151714941849,0.2637178429361725,0.37078062498180475,0.2932627299591289,0.3363186410918984,0.3393325596559191,0.3419537172805606,0.08519736227965033,0.30519712863628706,-0.02444666936161459,-0.02620827881735136,-0.03780394652634711,-0.038754771122622426,-0.03766583900043341,-0.039326838108909856,-0.04471353435196762,-0.04354199620641143,-0.04389161573322894,0.35953073135071517,0.26324145233632745,0.3636436495827186,0.3603376179032152,0.3730295283345609,0.37687358524684184,0.33806139767067067,0.06542331911859121,0.29394719201361375,-0.03113559770357334,-0.030842795358126892,-0.04103718920912279,-0.040428758795780756,-0.04048199991121344,-0.03975002056297426,-0.03627026736978881,-0.03398833716613381,-0.04678108351255118
O2_delta_power,-0.045517156177000605,-0.020966770489807905,-0.025566163963020902,-0.022053809498868905,-0.0587657850311551,-0.0089745998512388,-0.028675695422508307,0.021755650287031872,-0.02901882267866837,0.25016782854267894,0.21813265008733715,0.2572608872427146,0.2608030470557932,0.261833493257679,0.2606750097639476,0.2777205428320317,0.719728737984778,0.3813585782643133,0.34639213592597234,0.2786645740860521,0.3433626441889828,0.34935918270798105,0.34755056938644857,0.34781823186771926,0.35828535913804327,0.8589802953354785,0.6469064836792383,-0.15796390873944766,-0.139505559174322,-0.10544622966520675,-0.1038196470408809,-0.14503215742408995,-0.10297614053607505,-0.11888605011040244,-0.2359820003754776,-0.18263546376393458,0.06623473950045403,0.08614565247146547,0.07064417759383426,0.07976040900718215,0.054431905477143806,0.10011111510899952,0.07964640958233238,0.25803755197497047,0.13127239123757925,0.25311690233011297,0.2265564153633504,0.24997912192468583,0.254777784940284,0.2552195634937179,0.25564517133379805,0.25832810517501564,0.6022914701390041,0.33018888381347367,0.09779824401391855,0.07745125159843742,0.0737227218021155,0.07194996446831979,0.1215454186916109,0.061009276667098745,0.07502047055862955,0.2601410535755091,0.1568920904172196,0.13095198146790357,0.1127905495700695,0.11205012965926799,0.1476566469274206,0.19280164240392428,0.09917215271158997,0.1142236299261119,0.44212743838502694,0.33944280205710475,0.39295368048566737,0.33459213233064783,0.387329940511613,0.39489021238803435,0.39836332246649087,0.3945365489647075,0.4058081506564384,1.0,0.6414619675062732,0.04087613354143026,0.041591140528311164,0.054702822277172616,0.05618407241564816,0.05514594758781258,0.05601257403056233,0.0598417284097662,0.060737743200281316,0.06413050036922437,0.19253133931475416,0.1402331645802376,0.20670045206302268,0.2004392139844556,0.205511535312324,0.20492294972822978,0.20754238727355656,0.7434579210681905,0.4716474566060715,-0.03658615417019199,-0.03743106124355168,-0.04690138546164521,-0.0477447595534154,-0.04679507499301656,-0.04708703287686656,-0.048707934605273305,-0.04765050132921627,-0.05704332725291804,0.11460412883797776,0.10421368027720754,0.14961319227092462,0.1155542182085214,0.13417628667351536,0.1341451328237124,0.1353627787341971,0.5965687705417128,0.3772774473476766,-0.02333438236825369,-0.023459931957242035,-0.03194797747019377,-0.033828499250484485,-0.032259653545219744,-0.03495432579772584,-0.039240363519809786,-0.0402172838780354,-0.038933844863190716,0.14725541124008018,0.10821710505976227,0.15056128832152327,0.14828449110835212,0.15432655944253718,0.15376420044304748,0.13738619484341572,0.6173228660619776,0.489339309782002,-0.025452776443858818,-0.023710700421738597,-0.02807667894787352,-0.028775711701547184,-0.029238191034189506,-0.030066835897046323,-0.024449839401678945,-0.029738178622007404,-0.03514165113346079
avg_delta_power,-0.01222413370585392,0.0034190606098682616,-0.014119655691235083,-0.021031552097193103,-0.038564646323070086,-0.003690463575478594,-0.03870866637967205,-0.007094851721598708,-0.022482177893574085,0.5646211549722822,0.4981600553957336,0.568003497219877,0.5738450812290667,0.5736253838090495,0.5688527838868267,0.5651942687461179,0.517002047795433,0.6095912138849006,0.833488095426917,0.6932121002267878,0.8197373505944302,0.8336904658594242,0.8251528433462957,0.8289496821821152,0.8262882142835679,0.46705497138745106,0.8657950235491167,-0.2609725230775129,-0.25833221321536953,-0.18751293269455618,-0.19829198141970833,-0.2297608547682292,-0.20570746930277595,-0.22040642011147155,-0.22026553726321424,-0.28648815189739624,0.2171852550413293,0.22973381251649302,0.19282824486647945,0.19662980124050675,0.19647142113440647,0.23020695153760282,0.18540579677266003,0.21397225021990793,0.2578510383520272,0.557611780773362,0.5005367350434115,0.5441694064252132,0.5488861686612085,0.5508710105639256,0.54939558130993,0.5310944040355208,0.5272125615798997,0.5773857192430651,0.1579598124915459,0.15638648021647647,0.11736635113540356,0.14747529481589347,0.16505455974038472,0.13014233754316765,0.14088081706987005,0.1785335301621403,0.2131277897775086,0.2620086055875098,0.2740545149654229,0.21502410102511035,0.34383998984182873,0.31102201861931067,0.2432160247059372,0.2533453483122148,0.23739800458303906,0.4072941584071769,0.9495111091096998,0.8329430194885428,0.9354622281563797,0.9498787466318588,0.9543556402868895,0.9491525935474698,0.9527180089187759,0.6414619675062732,1.0,0.04994692063523276,0.0523348711601749,0.06745200154630517,0.06822507909381602,0.06750448195740122,0.06782022924713392,0.07013642960882355,0.06914863135926042,0.07724791918073794,0.4775853287648821,0.37759315892634027,0.5095100070720022,0.49279462440061944,0.5032639237010168,0.5060190402651256,0.5078598838643629,0.3519244889740095,0.5562005055087028,-0.04268232162363635,-0.04462829035366911,-0.05639262538678682,-0.05700626220728431,-0.05572692525585596,-0.05620908540190177,-0.05540920419286146,-0.05467738194744259,-0.06718309026028729,0.2916938725017325,0.2930604273326519,0.37035025126280974,0.2904688589499041,0.3329572427004897,0.3378027637132593,0.3364682538741351,0.2543557746600158,0.38439980813691743,-0.02802056580133613,-0.0290043669382131,-0.03884264067529675,-0.04020453777711792,-0.03908673208766977,-0.041364959325672974,-0.045519257375715064,-0.04539529966130642,-0.04603875958588991,0.3600481245037903,0.29720248852252784,0.36412703436346533,0.3566956830745326,0.3690568525384935,0.375117208005906,0.33152250062437716,0.2436753998029408,0.407881861551164,-0.03468878205088616,-0.03412337726795323,-0.04018698249694011,-0.03996931064725921,-0.040477371701085764,-0.04030509662608144,-0.034101110191433935,-0.03392493075444544,-0.04781933261157242
Fp1_delta_relative_power,0.01547430371318181,0.05167517557777767,-0.03460980661742515,-0.004231844416237128,-0.020982193328246967,0.06856376005875331,-0.021330666288857686,0.04938942930026452,0.01583958686651383,0.0634775967705909,0.031242024493025575,0.019330722209781392,-0.02536479559388104,0.05071910491967994,0.02211420762618682,0.07060218252929344,0.07226213862492108,0.04504922485798392,0.051628855417685915,0.054914830038496065,0.04410873121828962,0.03771483160534189,0.04620955881198664,0.04595582149399254,0.048613542349012336,0.04269726930760413,0.05706559697876783,-0.018114807049938113,0.026461059370053216,-0.04459478289845729,-0.005784698382088969,-0.04314573313227436,0.04900258936221725,-0.04650176984613255,0.019026880950621945,-0.011244037351052668,0.04248538844676902,0.06621725769176738,-0.01787380757576047,-0.0009006530285964347,0.006950969030982263,0.07723071309319568,0.012114408984424516,0.07586890106509166,0.040786648525180325,0.07417309069827853,0.05227696141540741,0.03492449159576763,0.006681421698469018,0.06363934290982803,0.03829665251193999,0.07472912822309265,0.077194371555492,0.05776094510780928,0.001074131014058697,-0.05551697925389506,0.058189738095711215,-0.0026587952108550923,0.05088403741620802,-0.0644350346794973,0.01712272051038556,-0.010370158584236601,0.001685481432971038,0.00260697547229898,-0.029300300500255217,0.07725215174603228,0.037392736770042706,0.0731614390008563,-0.06233030103413762,0.00809549654458895,0.038487790764133396,0.0372288114202005,0.045522566563782896,0.04804895455609668,0.04174946251394272,0.03953014809093792,0.042518890394782176,0.04317399645979294,0.04316048378285147,0.04087613354143026,0.04994692063523276,1.0,0.6316234958011963,0.5185486754197662,0.5075205023076006,0.5870172165904524,0.5379764496747006,0.3991056994378043,0.45690691044389214,0.6916496090270492,0.00985046650316696,0.014810763466868864,0.003722045495919114,0.0021541378059518933,0.0045293782527496785,0.0040219333536028095,-0.002941835310279705,0.01225928794037742,0.009894156207982297,-0.7040417859597603,-0.36738856720526764,-0.28071632960896703,-0.2997833838912121,-0.3213315535348741,-0.3110968282078955,-0.2810833732207263,-0.29022549851606266,-0.43843276090896954,-0.014429797064730205,-0.007795016526796644,-0.0318144512700178,-0.026955380501961466,-0.032647797568521444,-0.027675475033322596,-0.03357439732471871,-0.002419953864914021,-0.0216457840158415,-0.7353180933233622,-0.5361323938615401,-0.4531212669942635,-0.4263938155447046,-0.5064478593225555,-0.468197300136113,-0.2884939997076631,-0.3652067467578724,-0.544219715484112,-0.010870212879428165,-0.00048534176256133745,-0.03430596809655082,-0.03838041220971878,-0.04112135910279581,-0.03962128631449457,-0.04296058305706303,0.001962372527032615,-0.020051380764634297,-0.6667192681781352,-0.3936113052037644,-0.3637403720200626,-0.350629859360122,-0.3820633884779807,-0.3489631513850696,-0.2064483995049097,-0.2117412006118794,-0.49555685194898946
Fp2_delta_relative_power,-0.01648574199455432,0.03291222717029979,-0.10002005208765335,-0.011802371097803,-0.05849939008147266,0.0328567665037102,-0.06857501782043908,-0.0188614505236148,-0.038601114271732094,0.044742346751895305,0.06411168521388282,0.041319845229501294,-0.0035227313016613256,0.06953906499863688,0.04294249993733473,0.08550346957664427,0.09183620932888262,0.06384896708933768,0.04963466386556098,0.06025582939594613,0.04694476403691958,0.04082797945368866,0.0489816669785098,0.050694732862643,0.05233856388797556,0.045265851379018736,0.060629382295515136,-0.04661195177642653,-0.008142863483253897,-0.11717608734964649,-0.022431150385934382,-0.08743306021624125,0.005636691026193231,-0.10045474228977191,-0.05881017365182517,-0.07407080976450309,0.014660853299189097,0.06697653661300079,-0.06630697890688325,0.0024484678752582155,-0.01637149434281489,0.05653586322266969,-0.020619792280619584,0.029217253427543194,0.008569706400530952,0.06837032982190683,0.0846962554891398,0.06308955420869028,0.034260902498646884,0.08847322748409199,0.06544395280607954,0.09676168062041539,0.10445451742416172,0.0827859241677134,0.05977055999602125,0.0336606460347498,0.16012209216683132,0.07611653766369303,0.13914811888467268,0.01241166158027086,0.07436177704522687,0.11039904834112044,0.12391354000551572,0.04012873353386078,0.019373041894309512,0.14522407689964253,0.07965807830838802,0.1321495142458217,-0.008928572021523693,0.03709633400252344,0.07373446632017612,0.10826744608339554,0.045198562648961965,0.05223962086381416,0.04382025743052609,0.04189664887340882,0.04477232242886996,0.04663564734599818,0.04659874087734962,0.041591140528311164,0.0523348711601749,0.6316234958011963,1.0,0.5377062221831694,0.5636714866211135,0.5678906128835937,0.5929530961099347,0.46806771019959986,0.5215710978259677,0.730017304918327,0.013629162623315375,0.01338954378820473,0.010968276563682714,0.008749824624180376,0.01190345377756671,0.012296747767942415,0.0051911576875583445,0.012992926903423869,0.014833394162000278,-0.3492752760732935,-0.6810401372498865,-0.24065000653992852,-0.28947252832703774,-0.2526027660182678,-0.3067127899258497,-0.23927046370408675,-0.27227828861734893,-0.4037741855850194,-0.010290205353968986,-0.00790876493520517,-0.030825677709119842,-0.025527912311241883,-0.030111282634521223,-0.024450531470334002,-0.03149671026334068,-0.004830486394638363,-0.021014136109666025,-0.588451620218391,-0.7378410676276116,-0.5159026936446601,-0.5097348920468622,-0.5412271295579648,-0.5425894542603312,-0.3947287828531227,-0.43053595134381206,-0.6182059481364476,-0.0020133561847763114,-0.0004136362241320169,-0.030449848309573833,-0.03684829922645871,-0.03497121798249075,-0.03609591021232865,-0.03889144892714175,0.0010660384908602995,-0.017769207849682975,-0.3846198391530533,-0.6379696115225402,-0.4077398478843176,-0.42873216844800444,-0.39837520594320386,-0.415430695648222,-0.3290098016553008,-0.35334501241525884,-0.5565510559095008
C3_delta_relative_power,-0.0008157394226800046,0.03940448259952617,-0.09807483008105491,-0.05375616272478145,-0.08294644421271498,-0.03565555510840776,-0.07801282356092175,0.007119753182056916,-0.05351274255966537,0.12077584506729248,0.12341381902893281,0.1961682474638468,0.14483706994567996,0.21001938734879788,0.17814587971591328,0.2330707608323791,0.18147699136058035,0.19273611004428687,0.06748406274931094,0.07590373472635602,0.0777604095526276,0.07068688567222406,0.07669162056372876,0.07656708226812792,0.08503816338599514,0.0607512511937163,0.08852059589407185,-0.06541447410789912,-0.03813568810630282,-0.16879687835028745,-0.11447709221789637,-0.16596005602675598,-0.11172639846937996,-0.1708482798429108,-0.08475849121831797,-0.15427688059980424,0.054738836022253975,0.0958049750112153,-0.01454241092446857,0.014807526139105106,0.013792119016818087,0.04476924612941978,0.024837190012343878,0.09290360519153172,0.05125883648357555,0.1401571480778396,0.14529684701786516,0.21093869244676516,0.17810033754738583,0.22758022956143584,0.19558299387272374,0.24736717524497626,0.21661769138564638,0.21066837300709243,0.12746193459317443,0.09801949111735106,0.18734991984810564,0.14431443426211477,0.20686369280256223,0.11851075933145826,0.17666299614829742,0.14597538009690336,0.2180209575806064,0.09848845797598607,0.08179367317366752,0.1549968464743908,0.13147962438153996,0.17364728300497692,0.08173358395991479,0.12645308946801576,0.10210126591732617,0.18491551015739657,0.05182470016720267,0.05818015554815144,0.06029599859509952,0.05753992137945737,0.059047836235386966,0.05940371750668755,0.06454369104012497,0.054702822277172616,0.06745200154630517,0.5185486754197662,0.5377062221831694,1.0,0.8127122561805675,0.8779265998200481,0.7553532940185756,0.703559194755224,0.6821749070417702,0.885208613737226,0.01939222972723133,0.02355099059035319,0.02447850782139149,0.02379546804748574,0.02403766881533202,0.024476992597884578,0.024948447167061166,0.02441400287957336,0.030310684368422793,-0.3120499308262184,-0.3182127407668335,-0.7186311884411443,-0.5658902817718012,-0.5916493311752784,-0.49485491296264233,-0.47534701074504154,-0.4546770142509084,-0.6308091989336738,-0.0014950796209570235,0.005834183367709973,0.011167642713137119,0.009298138973533335,0.00873912584402613,0.009196441469550294,0.01686084355783268,0.014617516184443728,0.013568330782674148,-0.4812790850412892,-0.4842429343341349,-0.7143186579903598,-0.6027881522354195,-0.6643796531766041,-0.604020254013686,-0.5151898984411121,-0.5019702297757397,-0.6717816094592576,0.010371979608735135,0.015982918484223126,0.013274096680628966,0.014006544191090363,0.014235013424878385,0.012096737938583678,0.017659846579322923,0.014898029806107696,0.019627229399806736,-0.282034817344779,-0.28769254339140066,-0.5881963571822628,-0.5051257545891128,-0.5061257850257475,-0.46287141927687786,-0.3983387827304524,-0.3910730860479053,-0.5320458529008711
C4_delta_relative_power,0.03672375670008215,0.08864259494009392,-0.1358290200693485,-0.08294176592679903,-0.05926733632337118,-0.018838681334445242,-0.05517916238577491,0.025475491482267548,-0.03977687075437576,0.11294117570537514,0.11609872424374937,0.18357360067860043,0.1465489946263629,0.20117073514298975,0.17396250539487168,0.22913275336224434,0.18279896879224117,0.18750979355208244,0.06703190412110052,0.07578044848504495,0.07698300343856049,0.07125056843952386,0.07623315599065734,0.07771749525606007,0.08545237446201845,0.06184912109455713,0.08902754922492843,-0.02683480859537475,0.012105940047363055,-0.2020900088810977,-0.14308588011036116,-0.14268009235450071,-0.09618102278038848,-0.14835504931171273,-0.06787711589224955,-0.1406146845830062,0.08561078334206643,0.13277400671939585,-0.049598245135411244,-0.009243813605753286,0.03435942782537249,0.06106062706902181,0.04523940094134161,0.11036460691831075,0.06299753249325876,0.13921766857774587,0.14215168605589162,0.20482200023854422,0.18359164364497027,0.22557015323002108,0.19721700382776608,0.24751842402991595,0.22025764780725765,0.21064354168831753,0.09133159134552621,0.059567660701012465,0.24019938812320185,0.1742733099133255,0.19740379366946362,0.10389000240635492,0.1712290906427061,0.14121238379900206,0.2158731438116683,0.0821888496700301,0.05810099367767365,0.21426974991520184,0.16948389379595014,0.16493544767290988,0.06605958017425113,0.12609609949309447,0.10322093409195085,0.19303403776457823,0.05171130247838017,0.05849220587718399,0.060278725489655065,0.058378223724119264,0.058970940863949085,0.060611403949690605,0.0649354067466664,0.05618407241564816,0.06822507909381602,0.5075205023076006,0.5636714866211135,0.8127122561805675,1.0,0.7484346332855292,0.9033792509961573,0.6820655659177207,0.737766645914638,0.8960539993172816,0.019351688638953445,0.02355665059502695,0.026950142831391313,0.023171505376330885,0.025844919081640685,0.02438936488215578,0.026869562027518445,0.025735864455657752,0.031488015628340325,-0.2896896785773424,-0.33579872805920247,-0.5295688144911235,-0.7336175334488215,-0.45870295902864766,-0.6318558014497817,-0.44809778080238716,-0.5031853200044688,-0.6309424874244786,-0.0014066131227588143,0.00589571316949447,0.014045912704917953,0.008419195121321688,0.010917572792308976,0.008773276304851724,0.01913080687655423,0.016325540313720636,0.015008297271366912,-0.47621773987990224,-0.5051231118268437,-0.6304758778103038,-0.7128920804889327,-0.6028350198265708,-0.6953751721703668,-0.5068013522229273,-0.5332755452690349,-0.6855476899490622,0.011470594624803,0.016457606898143087,0.01559948245539765,0.01319530939813534,0.016508705853997444,0.012473685372149663,0.02011509807778282,0.016584597898051383,0.021552478909101645,-0.2913518092498507,-0.30195040003283785,-0.5104950331349832,-0.5822747822849981,-0.46233885273514097,-0.5146008326458072,-0.39989324562284406,-0.4221836594655945,-0.5431212406926857
T3_delta_relative_power,0.02297835915980724,0.07021478568260488,-0.08305427995429422,-0.03210532412934411,-0.05542666688604531,0.021478891597000647,-0.04827965843328723,0.0334518557940661,-0.015513572992926843,0.10616112170671857,0.10037398802280018,0.1582866589592308,0.10986169573179888,0.18267403068415025,0.1432911150270999,0.19937252311472578,0.16242295348629468,0.16228688739294314,0.06621342388261439,0.07328803324718892,0.07368869609414137,0.0669018132367552,0.07373771238201833,0.07307902457805454,0.08091321916290993,0.060085976402247346,0.08559646839520792,-0.03631541088954945,0.0020410760646109665,-0.14207003893695117,-0.08260829511353086,-0.12986096965524951,-0.04602133717030426,-0.12851458445658998,-0.048014025746997285,-0.10419582666393763,0.07118099559173628,0.1127086790767317,-0.01170167220703496,0.024089976941430814,0.028374991173446724,0.08438280617049762,0.038782348655228435,0.10611173564395043,0.07039299090159505,0.13059351171841346,0.12817613374945808,0.1783370778365873,0.14736587820523903,0.20145201028975304,0.16502928426488425,0.21385381144631677,0.19228266196526098,0.18322687948548771,0.08508744755873072,0.04119652644325622,0.16232216163339558,0.10517463646877369,0.1636225626404186,0.041946619148360204,0.12534600468020074,0.1006420076642758,0.1508973141146758,0.07110526478650073,0.04143946708644315,0.14471424322315526,0.10729237064256601,0.15105304507116452,0.012790501576146536,0.09110689802151091,0.08844725158828773,0.14255448976793716,0.052815719935584586,0.05842953281257878,0.0597374928415974,0.05688742648996811,0.05917656864523635,0.05920732045520457,0.06397879892770651,0.05514594758781258,0.06750448195740122,0.5870172165904524,0.5678906128835937,0.8779265998200481,0.7484346332855292,1.0,0.7431319873625714,0.7071947040057083,0.6782724966995783,0.8878355900581567,0.0190106565798914,0.023258046624093878,0.023459408328150747,0.0219739452493803,0.02161005798820994,0.022461549389633448,0.021152135838732815,0.02290685103787463,0.028304405587989787,-0.36039890750269565,-0.3472611138230253,-0.6050123262105358,-0.5148390007164404,-0.7004319182089255,-0.487914444001894,-0.5083574436230983,-0.46808138408153965,-0.6375702528760705,-0.003173008857329808,0.0045130913733002365,0.0041249740864020695,0.0031207156528050635,0.0008975194964299026,0.0029510115818252385,0.006353837394392069,0.010707083239948284,0.0070357605492146974,-0.5212294018295324,-0.49823555312113726,-0.6551431302159028,-0.5634445206736587,-0.7232386156514562,-0.5940079291248886,-0.5020821006964807,-0.49827732107331374,-0.6689167936605594,0.00853627434662445,0.014702439778180205,0.005472426574841855,0.004455880964322052,0.0028966905880208403,0.001076077169683595,0.004590916685799101,0.011156188727458908,0.011529419533813003,-0.34200636151854585,-0.3065030740432344,-0.521041405546643,-0.4632300426661078,-0.5859376804817594,-0.4533470036000937,-0.36271796355487324,-0.3499068717639716,-0.5336944519091527
T4_delta_relative_power,0.031146544503345697,0.08532568372545554,-0.09316624330051826,-0.04897476865122922,-0.05023648771908014,0.010678258072557392,-0.0452607729188161,0.04430245646316585,-0.015341286708705605,0.10892149642682071,0.1073778638865537,0.1630357707714487,0.12510995256414084,0.18347575388304932,0.16502250409579727,0.2096333568892167,0.17179186932464494,0.17227886974886872,0.06678262328103926,0.07482356454334788,0.07442348398032081,0.06867798031522439,0.07404054623521199,0.07767751003823838,0.08236211218089884,0.061790478360447355,0.08761750557483144,-0.030549863382691424,0.012705379682045062,-0.15385626421605011,-0.10392814350093513,-0.12696021490847142,-0.06357806127575184,-0.13007482850761284,-0.04248092826620398,-0.10950115361280738,0.07960353566129821,0.12751626386772053,-0.018819043113272878,0.014762565674658267,0.03484136702676602,0.08216351976203516,0.045804026314319506,0.12072548330024845,0.07557328473606069,0.13538168974852335,0.135539189346907,0.1840189951709483,0.1635437627970404,0.20639093891333557,0.18390915775285885,0.22550440808981267,0.20504092816959002,0.1943830610264206,0.0938865359546942,0.05977425601154225,0.1897378920219442,0.1260348295575664,0.179940950725555,0.07034828825949993,0.14651412430977862,0.11741413449134148,0.1794902867463239,0.08335146818433994,0.06031693690161483,0.1687070527361223,0.12619226687006171,0.15702086808804036,0.037517295114667254,0.11006470499811509,0.09553752181773999,0.16612402684818825,0.05224149647989373,0.058698815102267474,0.05922627370330342,0.05727952579824189,0.05829629604137518,0.0611045054458525,0.06375203223267255,0.05601257403056233,0.06782022924713392,0.5379764496747006,0.5929530961099347,0.7553532940185756,0.9033792509961573,0.7431319873625714,1.0,0.6503627311347165,0.7254006526465667,0.8882182279439305,0.01930856262124829,0.023497900228638534,0.02562980961286949,0.0223911358100925,0.02441318414657681,0.022806528198898137,0.024365574092370793,0.025240808770306683,0.030380669473838686,-0.3221489031766864,-0.3731818786694287,-0.48120455607716484,-0.6504952537376306,-0.4551626169616982,-0.7224919680844923,-0.4397207711998857,-0.5007044175250609,-0.630156351221004,-0.0016247905705844838,0.005656071696141473,0.007136269076910769,0.0039584425700800495,0.004873676249594704,0.0029404716707804195,0.010414998410039322,0.013528031647259338,0.010004676869622817,-0.4845683612003631,-0.5040994285300041,-0.5932509843422765,-0.6535356842393834,-0.5917283950224226,-0.7336970497133645,-0.47878300093536996,-0.5277680144653407,-0.6707407043253797,0.010455517253667853,0.015992987164134963,0.005596026053582176,0.004558907373742467,0.003995395484892636,-0.0016050496733532552,0.007671744337519765,0.015474675689447352,0.01477883118848028,-0.31548797552753716,-0.3277091432538092,-0.4880661202576065,-0.5387028034907283,-0.4748948027650532,-0.5897482848162664,-0.360994917842978,-0.38939156614869835,-0.5479691836397023
O1_delta_relative_power,0.01836929337669899,0.08120160399174715,-0.123435462671948,-0.10836153457282716,-0.08144435036488001,-0.020307877982478677,-0.04891166136751304,0.023143869157198255,-0.048706891358205696,0.11294565658888144,0.13231340635232183,0.1899610511112523,0.1735072831230455,0.19896294922976232,0.17433398860113392,0.2346594684431924,0.1888022141013614,0.19568856317823458,0.0671388085823931,0.0770560592774812,0.0769105578639295,0.07365181462765347,0.07610993843454994,0.07656303169575202,0.08808852915683962,0.06612018126442928,0.09146815038219883,-0.047911007533604444,-0.004443483788227418,-0.19321206601312593,-0.17482255355317336,-0.1626250865356466,-0.09847481740131679,-0.14252896605917653,-0.07219017796782096,-0.15292716966825312,0.07278294982650886,0.13709749153996856,-0.036061797908117144,-0.024370343218905795,0.0142262877388543,0.06074340624001131,0.04964336345137269,0.10961808155749639,0.059278643829980576,0.14495547013050855,0.16222553379034355,0.21266296391207118,0.2059281500883736,0.22395261617186388,0.19964873756059967,0.24634058931274602,0.22415975280014436,0.2185177630636537,0.08868884472653206,0.04975707970854772,0.20780959792595644,0.20392117345312064,0.2009010543392899,0.08188608410538026,0.1488717033906843,0.10900615978840332,0.1974523287993053,0.0784410560232928,0.040973061390535935,0.1757715404748736,0.18219915264791486,0.18106477213091243,0.04446760667020667,0.10493179589993187,0.0858150074685085,0.17108973359647933,0.052419617864574455,0.05964949551398887,0.06057762902814826,0.05799953176682611,0.05983327177514257,0.06043624947812452,0.06883430578422844,0.0598417284097662,0.07013642960882355,0.3991056994378043,0.46806771019959986,0.703559194755224,0.6820655659177207,0.7071947040057083,0.6503627311347165,1.0,0.803447165990324,0.8204349137960626,0.0217608120717857,0.025629361428678013,0.02989055843298841,0.027938529292584103,0.028190272040514722,0.02787812518599113,0.02527712756940324,0.028991835495163792,0.03485434879696828,-0.2545235721286329,-0.3026732155311228,-0.47104960735119306,-0.46908295448071147,-0.4702348041552685,-0.4295936498688268,-0.6580713643672268,-0.5437538742593157,-0.5784551790724112,0.007446325000927865,0.014825775305859379,0.014828979983632645,0.011108594317954539,0.012728429800075493,0.012195403239014902,0.0030781901249810964,0.016029889904076427,0.016431293395415644,-0.3131395006384922,-0.3627506417390244,-0.5147661864606135,-0.4932001196557115,-0.514849948787061,-0.49932926083114143,-0.7570668281889017,-0.5802710609769364,-0.6089332269736305,0.014567992294853841,0.01818872739117829,0.010881525623693747,0.009516956546990247,0.010423656349188968,0.007243051655107131,0.0029722181668625576,0.017739245325231353,0.01890513601699264,-0.27654752236949237,-0.29704983501796034,-0.48342869850517656,-0.47249161944910617,-0.46818211103988866,-0.43323932174746527,-0.5481123662091877,-0.4721486454231842,-0.539045319303439
O2_delta_relative_power,0.012996311686779529,0.08454741498941191,-0.1206283784283839,-0.1152134647750587,-0.06233445507762113,-0.03694523356227359,-0.04093728729570291,0.04613585293956646,-0.04312350859387878,0.10566224591600079,0.11649783744838794,0.17282822507712425,0.1362310986779064,0.1899674254746481,0.1602818378578417,0.21863916618432497,0.20091556434445512,0.18335134225499808,0.06626450178707119,0.07310897870038703,0.07470737938659539,0.06906203108143724,0.07422881343093773,0.07572072454366714,0.08469276803168206,0.06508674918074059,0.08891115035603561,-0.04807992853985707,0.0067922899523570985,-0.18474798488058883,-0.1704162164415684,-0.14162162767364506,-0.10794171742904313,-0.13032387781091465,-0.0527794922715225,-0.14145996087625706,0.06494987739214762,0.13166577115433942,-0.039070377383804734,-0.041196249345018705,0.027458924940554696,0.040725475741259634,0.05353211290375722,0.13570747077210527,0.05920078439893327,0.1349987133017619,0.14571673808650917,0.1965440307497213,0.1762179959950105,0.2150622538536993,0.18572051661126368,0.2364963857660523,0.2361659514817732,0.2071307215374371,0.09532964733426501,0.06874346446426721,0.22286200748604248,0.20855026612934324,0.21180453677559313,0.1129664880063212,0.14573535925574424,0.12916378991497757,0.21640693026233157,0.08537847038440691,0.058555041023393435,0.19093443275903496,0.1920551459392445,0.18477350803815024,0.07720250995965496,0.10588678207958438,0.06542845577893718,0.17620118088038572,0.051915953045956184,0.05697032801283769,0.059255760780905796,0.056873722748805075,0.05844458587244621,0.05989997778333206,0.06619272629585633,0.060737743200281316,0.06914863135926042,0.45690691044389214,0.5215710978259677,0.6821749070417702,0.737766645914638,0.6782724966995783,0.7254006526465667,0.803447165990324,1.0,0.8485745986714608,0.021929271197751787,0.025077098526405807,0.03086550451893432,0.02807788930336887,0.029349731800852236,0.028184909850275927,0.029073166296759993,0.023565239637262734,0.03328947676192856,-0.2509391393842173,-0.3004780505058963,-0.3925327467195795,-0.4661308533707036,-0.3771312407051994,-0.4435172401836111,-0.47740703092737263,-0.6285891788838661,-0.5339096375452498,0.0027384602424394035,0.009338328890568447,0.011786393355490673,0.007910077598096364,0.009292705349462835,0.008421448152569318,0.006276163346009752,0.008102720901813498,0.010279973578705802,-0.424791192557858,-0.4595695580484371,-0.5688742498006784,-0.5868875114150495,-0.5676120220732223,-0.6058154846522478,-0.6580137709165791,-0.7838458040410373,-0.7001518543723831,0.01327065879500543,0.016239828800037923,0.009294864943802219,0.0069278800152427775,0.008670902578788645,0.004494288102796471,0.009487063714929276,0.010982240012554458,0.014173988636572984,-0.2819344674700415,-0.30524708731264616,-0.4795760877396162,-0.5012790656779244,-0.46604764751029076,-0.46638568443901124,-0.4449633844545141,-0.5269930509708675,-0.541891804693487
avg_delta_relative_power,0.018218935057278278,0.08079546910337213,-0.11941535568568423,-0.07040646690434692,-0.07125930787509095,0.0021533354591402325,-0.06102885811539216,0.03179709781131788,-0.03643984965255368,0.1171386078532395,0.11991566088728757,0.17073854847777423,0.12340982727987303,0.19484520180151937,0.1608554396842452,0.22425124356551865,0.1896290217678126,0.1823573740134155,0.0756408845548786,0.08512626223913745,0.08231927019065982,0.0753298409158721,0.08239380171266872,0.08356292379775306,0.09171912022162634,0.06995227124177686,0.09787576878690707,-0.048299616973873936,0.0013524236986037187,-0.1828108230924616,-0.12518368929540563,-0.1514007505214611,-0.07223521990073126,-0.1506017326706292,-0.06185077337308553,-0.1348828179210003,0.07345418063923932,0.13176681008447286,-0.038315348647826854,-0.0037096972244117766,0.02180421213095388,0.07592482259435054,0.03817397166441333,0.1181590845063799,0.0646301047712433,0.14623587462843102,0.1507920330857876,0.19499521793841892,0.16677618528521992,0.21987469664956097,0.18662920495814758,0.2405543820748155,0.223587921175637,0.20686487278116422,0.09722612897753227,0.054175659027829205,0.2161867059877972,0.15819693160568007,0.2044312034188894,0.07335047807082128,0.1523045910247218,0.12757631935996683,0.19778910341261685,0.08208592330298727,0.05034083033895703,0.19216929937710928,0.1560984578631887,0.18411007135968324,0.03859407803411152,0.10756503216607359,0.09818118042315502,0.17847358706395045,0.0607327186684585,0.06782272375857455,0.06705485279803367,0.06426235599077194,0.06645463820863583,0.06786792385032699,0.07271031573858959,0.06413050036922437,0.07724791918073794,0.6916496090270492,0.730017304918327,0.885208613737226,0.8960539993172816,0.8878355900581567,0.8882182279439305,0.8204349137960626,0.8485745986714608,1.0,0.02180878052885332,0.02610131045410806,0.02674659080388822,0.024075272619373447,0.025802332578361592,0.025284525607519006,0.023453408209152562,0.02663262286183948,0.032339019608509545,-0.42340143267077857,-0.45214560085500644,-0.559469055486269,-0.6005328327140178,-0.5452019182085939,-0.5756827013456781,-0.5341458759814777,-0.5544464963233554,-0.6746997419302976,-0.0030896126987986737,0.0048350282893681925,0.0006042432662432289,-0.0008767435123504554,-0.0017840564310257483,-0.0007063894804711945,-8.550890659940533e-05,0.010994045059716817,0.004865548496191188,-0.6005422118930619,-0.6113030790571516,-0.6979478026934903,-0.6839081584316978,-0.7073711344235819,-0.712639930164111,-0.6220404546720769,-0.6388601715314552,-0.7774229618529,0.008645605162077102,0.014733874487241477,-0.0002141762965910502,-0.0028829351801936973,-0.00236427501973359,-0.0055053774920842385,-0.002418204089373929,0.013651105394959529,0.009830593574683046,-0.4237378167659764,-0.42720616595124494,-0.5781044719150755,-0.5784387300663638,-0.5629957997727264,-0.5541270753680025,-0.46198006754621485,-0.4718302897066997,-0.6448923224866226
Fp1_theta_power,-0.003619016101948815,-0.007000309398819266,-0.023294150451154273,-0.0013011002651570056,-0.015254686385796782,-0.010380713391661531,-0.019937963209013136,-0.013733425440532371,-0.0163496739156294,0.3508122350078526,0.31318313755346383,0.3340847075665354,0.3438655246006678,0.3418649320622865,0.33889858289369396,0.32773520925842686,0.1982909212278339,0.34236441793136435,0.4360962631402867,0.3733529764404658,0.40293659314247293,0.4220462369794829,0.4136267932980578,0.4146012785821041,0.40633549152524634,0.11156624723568755,0.3852184557948394,-0.1958861614143857,-0.20869277533067626,-0.14534056258396208,-0.13898633373360184,-0.15873072944364042,-0.15932168933648103,-0.15366308867138342,-0.12645398403366137,-0.20480039102517295,0.16047038693533583,0.15644140148539107,0.1279881006032892,0.1445834482912244,0.1467862746473335,0.15293802606772988,0.13224667350892397,0.1049582260616081,0.17266503029320032,0.41524543637324635,0.37072730077643135,0.38994837639061714,0.39423116406386477,0.39526471810624286,0.3930277209754128,0.37439494685008434,0.2794092092387174,0.3994030939356809,0.08980809049780547,0.09972498418413114,0.07367367636992979,0.08325391676919995,0.08637398301971874,0.0810984213272406,0.07830085587657265,0.06429473731915428,0.11553050837023142,0.13283370305855755,0.15969776663872684,0.1348968019051016,0.17056732259465418,0.15123181470705999,0.13280325295070555,0.12880228302123373,0.058973956244622754,0.1880829420301603,0.4994693320810239,0.4584619239885338,0.4713542545528728,0.4967771225373168,0.4939141074452915,0.4901863450233013,0.49110907130350706,0.19253133931475416,0.4775853287648821,0.00985046650316696,0.013629162623315375,0.01939222972723133,0.019351688638953445,0.0190106565798914,0.01930856262124829,0.0217608120717857,0.021929271197751787,0.02180878052885332,1.0,0.7085460111492083,0.9193237068648042,0.9901035769458544,0.9869931362697014,0.9842012043351629,0.9740941819435257,0.24512593271922364,0.8998413829649422,0.0009536415149828907,-0.002807985038312564,-0.012582244531803488,-0.01324092289887733,-0.01100734627201964,-0.011430936497141145,-0.012151454665398522,-0.011694360035056039,-0.012180682391609878,0.9024204998815331,0.7229117002322442,0.8272202773511073,0.8881916452682045,0.8990768270937509,0.8991880774988712,0.8825726733062559,0.18533259701519303,0.806837069057949,-0.0075411601681509045,-0.00976560140431909,-0.014127263055178847,-0.013692727968566172,-0.013880948784655841,-0.014747470066232414,-0.018657579144537754,-0.019210964733248244,-0.01692790321842027,0.8378326097884667,0.5776111136053564,0.6959973465693906,0.792914638597219,0.7608282975050132,0.7685145362333418,0.6741286806524267,0.12003566174107276,0.6052844944501775,-0.017462938617651514,-0.018418434757288625,-0.014643968050464915,-0.014347918693599327,-0.016482342026109684,-0.016166338673313727,-0.011917374635222968,-0.010882937608895988,-0.0199278168244341
Fp2_theta_power,-0.008192156305549377,0.00258660237759739,-0.011093901325522766,0.002506446561250442,-0.009935864845590808,-0.002623993731412171,-0.014530098568898373,-0.0036542831890694653,-0.007702539556137138,0.2642516219660095,0.3637201928039445,0.2561544770690358,0.2626255156338088,0.2613169174804601,0.2595302011448239,0.25060330219396837,0.15292509515580482,0.2785023393986829,0.30880621896528027,0.48783175814774193,0.28829562024344824,0.3007321068430344,0.2945382191482333,0.29684536878262324,0.2905672525474289,0.08049999982424673,0.3026371371526271,-0.14869682827521408,-0.24900046378141902,-0.10263421115052915,-0.09924261431957951,-0.11683241752651963,-0.11311911530394124,-0.11381270750109848,-0.08799249595940768,-0.1602954344905773,0.12695286958007737,0.17313696008233004,0.111542189007608,0.12251634421201357,0.12251429396482301,0.13129934304347646,0.10956006980215813,0.09268511311655518,0.1513750119759705,0.32186319150165826,0.42673222367183056,0.30674197971739237,0.30860162531866725,0.31017199381718796,0.30814462881467075,0.29334729830195766,0.2199874811962561,0.3311873629350062,0.07103047712953772,0.11543327781007066,0.056498204589052005,0.05993870786185924,0.07487649624853268,0.05985855925336573,0.05672925178891016,0.05658899061130825,0.09619124038166814,0.09607074747011332,0.19887184529484825,0.09529890824006441,0.11708236116330198,0.11802947717818285,0.09201469540528943,0.08825514241497748,0.05034748185349103,0.14938383165481725,0.3622279979621445,0.5717844699687962,0.34439750338180836,0.36074947039825345,0.35957576632276544,0.3569043930658358,0.3583831721250891,0.1402331645802376,0.37759315892634027,0.014810763466868864,0.01338954378820473,0.02355099059035319,0.02355665059502695,0.023258046624093878,0.023497900228638534,0.025629361428678013,0.025077098526405807,0.02610131045410806,0.7085460111492083,1.0,0.6655152583931121,0.7044454259311921,0.7053943847280674,0.7034804648519809,0.6979237026411507,0.17568367519448322,0.7199812714756612,-0.00479730487755539,-0.0005099536461781781,-0.016179511705575987,-0.016518702879045583,-0.014748451703189589,-0.014978235629240366,-0.015190487055114079,-0.014466665119343265,-0.015929800702850754,0.6180021029132993,0.9048113232435027,0.5920746611340624,0.6088145694033931,0.6264092470713751,0.623972766609854,0.6190526324999823,0.13063846642134505,0.613047683617437,-0.010321473472928184,-0.011086453190622944,-0.01620376884266157,-0.016229031441212904,-0.01613729888817154,-0.01721627546928158,-0.02067519721354984,-0.020740550934607877,-0.019402846220018692,0.5832863330987151,0.8111584117617661,0.49741581092835735,0.552200718366505,0.5348965566125177,0.5397818771163568,0.47589878068075814,0.08399783432066078,0.47523454181613634,-0.018743123452432522,-0.01920727351690525,-0.01757336618743557,-0.017364347520730617,-0.018905209275645363,-0.018656767840251626,-0.015086181139988802,-0.013309294860959758,-0.02274196581948832
C3_theta_power,0.0011202190797166636,0.0012693312552981637,-0.026119616573125164,-0.0054748831827691954,-0.020573091930978407,-0.004132575961367565,-0.021794554557250028,-0.01833834804412928,-0.01700689167701329,0.3547450281869843,0.32176539447234515,0.3834715005427569,0.3665372752660691,0.36679116148289126,0.35929118883877215,0.35618202337691063,0.21761545637408816,0.3667038018626669,0.44318149520192485,0.3869374796982135,0.45847513146696395,0.4399798354912139,0.4352717406400043,0.4323398022608976,0.4305244334056895,0.11965778410594054,0.40738630204128407,-0.1825324381727154,-0.19683368203621912,-0.15578032584822551,-0.14309140820684912,-0.16619803539327094,-0.1542871613281687,-0.16060573278158924,-0.13648366523647695,-0.2077298895885551,0.1810425220775325,0.18049421827945253,0.16131324003307143,0.16188751422229636,0.16579550761415368,0.18158381667878115,0.15426525417067816,0.11992228076438156,0.20041369235146203,0.427712866785416,0.3876678519051713,0.4537364608509813,0.4241996739929628,0.4299500608148072,0.4234916641490808,0.41348516758507603,0.3102071027085731,0.434049444067652,0.09061292586242715,0.10043755572412864,0.08561431325205852,0.09364726996467175,0.09952269917985099,0.07986813983144722,0.09156482928844177,0.07714250691753743,0.12722043442954753,0.13716606385812236,0.1618321114914142,0.14457092277045636,0.18189529391312076,0.16119627969926165,0.13124259670304,0.13887372054302455,0.06334869713117432,0.19765270485756475,0.5114229937577268,0.4764775005002023,0.5607918967485992,0.5199384732894871,0.5208842204770215,0.5126953461537104,0.52122182737348,0.20670045206302268,0.5095100070720022,0.003722045495919114,0.010968276563682714,0.02447850782139149,0.026950142831391313,0.023459408328150747,0.02562980961286949,0.02989055843298841,0.03086550451893432,0.02674659080388822,0.9193237068648042,0.6655152583931121,1.0,0.9217060851344631,0.9534932062857457,0.9420578002752819,0.9581090342165217,0.24341853902736613,0.8733480825659263,0.007981196292751363,-0.0011014265037209948,-0.007922660669989475,-0.01206407566988683,-0.006825406461149978,-0.010134975477936058,-0.010201937025388873,-0.010438618172481939,-0.008613950431194145,0.7971278931516333,0.6773144311324965,0.896742645308261,0.7921804235819597,0.85328746595823,0.8413669166654019,0.8574660398701539,0.18692872917933367,0.7678001926226963,-0.0052754079186020306,-0.009591399670615007,-0.0245982906332029,-0.024915945998303476,-0.022637880009924696,-0.024276949457623553,-0.030720870946639948,-0.031229383046266414,-0.026510834653017606,0.7999578901483995,0.5771695212761093,0.7964661704200976,0.7702256117574258,0.7758704967521727,0.7753533109787086,0.7004884684029717,0.1275543948372574,0.6199810635529006,-0.014135633781934774,-0.014026252909006586,-0.024566732543995305,-0.024405889446736707,-0.024648445074224246,-0.023663246124327623,-0.019972450971750096,-0.018292309743056845,-0.025589486316717962
C4_theta_power,-0.0016491508968859041,-0.0047045958091303484,-0.029914132362605594,-0.008519388029055226,-0.022781703093906536,-0.008544533075814677,-0.02305482270163874,-0.020615787180525227,-0.021159631990568032,0.35311483239649627,0.31805842255693545,0.35332290644132197,0.3643960151653838,0.3605250265836725,0.3548267152437688,0.3502816822114049,0.21245187817609745,0.35865081366347007,0.44069265491611936,0.3785816243056042,0.41271498566043446,0.4305827988097435,0.4246421845021109,0.42256489705703654,0.4190765512172414,0.11521414059296896,0.39384070103897684,-0.19420400189388545,-0.20847067317957502,-0.1584851124591249,-0.1533667509358953,-0.17287157970899128,-0.16422422674384385,-0.16540876599412127,-0.14042919967836856,-0.21728535219170844,0.16302373932201947,0.16028192440195455,0.12803741222339315,0.14599221312507757,0.14709640778560534,0.16095545306312478,0.1374643978175152,0.10602021460013117,0.17600040637369224,0.41676664290995136,0.3749558137887491,0.408126688599436,0.41596928034453057,0.41350603022904164,0.4093632518547873,0.39625286451522584,0.29658086873852835,0.4155212965605975,0.09269783560143924,0.10293347793054221,0.0838215895755754,0.09325861900359658,0.09871151375782997,0.08208273480309494,0.09075666701708297,0.07680379404393126,0.12752195274333974,0.13800812077137298,0.16406796387299255,0.14234882936305326,0.1780671822093307,0.16066583191394443,0.13250557466833068,0.13879959544379147,0.06419161290710301,0.1976057466034983,0.5108867984121325,0.47006008685475703,0.48706596037141553,0.5101316707129514,0.5115080715440665,0.5047231291106071,0.5106567165440398,0.2004392139844556,0.49279462440061944,0.0021541378059518933,0.008749824624180376,0.02379546804748574,0.023171505376330885,0.0219739452493803,0.0223911358100925,0.027938529292584103,0.02807788930336887,0.024075272619373447,0.9901035769458544,0.7044454259311921,0.9217060851344631,1.0,0.9888022065760479,0.9861563030790492,0.9798595563527565,0.24830582585422944,0.9018877032825543,0.00895095080644885,0.0013186857352872512,-0.008947468492225646,-0.0081622122177457,-0.006974892816584555,-0.006320148905956388,-0.00939241477546279,-0.00781780224981026,-0.006512980385023369,0.8863676361376012,0.7120191691576312,0.82354133467906,0.8842025948266111,0.894532195027844,0.8918891071017137,0.8807499775761499,0.18620429115237264,0.8012289218299936,-0.004191860206703192,-0.008563495719027236,-0.022993067856931542,-0.023248221922934777,-0.020839683498418,-0.022953412769697097,-0.028961530529427282,-0.0296931911977551,-0.024749581755511115,0.8286451661048402,0.5729114660998569,0.7001856874898641,0.8002423869619244,0.7667794273098384,0.7701995714983129,0.6806088371138511,0.12148107013585913,0.6073492026448357,-0.012801031414561391,-0.01305311094242859,-0.02257661117943613,-0.023014289991312005,-0.022474760588658573,-0.023070851066067922,-0.018408379852413757,-0.01711855591007915,-0.02381909471367908
T3_theta_power,0.0014216876709471332,-0.0004156684918292749,-0.02650532621800225,-0.004379147221704336,-0.019759686153524872,-0.004668099657764023,-0.021446803858935444,-0.01814393166732782,-0.016916676664279064,0.35842037746986954,0.32346590419619975,0.36012278391880753,0.36704271600781474,0.36662408328606005,0.35883595398749113,0.3549578478709715,0.2161988595839537,0.3639201732453313,0.44944479427119827,0.38893568637707754,0.42740803433192043,0.44271636242759504,0.4361613969694707,0.43317819064924046,0.43028897781676195,0.11909915641140766,0.40486143683387604,-0.18965701391803153,-0.2039198945860633,-0.15553177242325875,-0.14670453626597194,-0.16954366757761655,-0.15909144643021395,-0.16307748570405814,-0.1380589024929599,-0.21218466509330244,0.17382791762528813,0.1714946298213874,0.1396416502734408,0.15546326983735512,0.15826139143866919,0.17225227211528857,0.14649058883818256,0.11373623595251123,0.18865648238002408,0.425928030349953,0.38374410561307254,0.4212634271583982,0.4201317017438853,0.4241526120067495,0.4174829207988426,0.40582149930282746,0.3039399452715212,0.42498158630645017,0.09405506337837145,0.10416231272453509,0.08224217672818698,0.093313950050636,0.09787367233630058,0.08051239740333498,0.09084742880936326,0.07642585028673916,0.12711856840424718,0.14054605084525018,0.1669278404878013,0.14156010279077594,0.18233013899082984,0.16216041030467665,0.13235952216867555,0.14110128176021958,0.06504658975495328,0.1997896670021086,0.5176687531991376,0.4791743783542164,0.5014212795814836,0.5224869487738572,0.5217867454639931,0.5137454955169657,0.5208211765544029,0.205511535312324,0.5032639237010168,0.0045293782527496785,0.01190345377756671,0.02403766881533202,0.025844919081640685,0.02161005798820994,0.02441318414657681,0.028190272040514722,0.029349731800852236,0.025802332578361592,0.9869931362697014,0.7053943847280674,0.9534932062857457,0.9888022065760479,1.0,0.9907907512618848,0.9957724499375415,0.2513216574081679,0.9089723303343421,0.00832257167050287,-0.0001554423512036051,-0.008980765433466634,-0.012149185637967299,-0.004894052411442668,-0.009288967250678449,-0.008950431560634589,-0.00954624269657817,-0.007828818931199423,0.880126934818676,0.7191653169250587,0.8635562654782233,0.8742929877496418,0.905433672683561,0.8985536794874688,0.8974965367991774,0.19119906967451847,0.8104440515237898,-0.0062929851621705965,-0.010763175414177657,-0.023112408148836392,-0.023207309909455198,-0.02170569388076488,-0.023102022979139672,-0.029287230499876762,-0.029736474215057672,-0.025531942737031632,0.8365786303559477,0.5867317553881923,0.737585719411406,0.8020662733591147,0.7851672443920669,0.7865153791077195,0.7015132220316173,0.12608896683472048,0.622663479030434,-0.015385955311917852,-0.016214563736435504,-0.023262749620795622,-0.023385341940008415,-0.024220603230351828,-0.02345373258506291,-0.019746155645053352,-0.018253735606272168,-0.025887098531297153
T4_theta_power,0.00021426882629543923,-0.0015516562863989284,-0.026096143453826392,-0.0034795094693513434,-0.018608135283663726,-0.005887527695893585,-0.01958085412799526,-0.01673741571023419,-0.01639645209196092,0.3647622167024389,0.3295975790261286,0.3619852919570101,0.3707792029468904,0.3675791245522298,0.37335297628247266,0.35664825390633065,0.21643422541616225,0.368469170135668,0.45421419035335925,0.39310355877139264,0.4287213176847287,0.44689813806801737,0.436166355200226,0.4467712585349043,0.43145333925866924,0.1186824633358236,0.40809157450474876,-0.1931965099596628,-0.20751759298049477,-0.15554485969747714,-0.14693218257938828,-0.168830464542547,-0.16563824301821628,-0.161724945370083,-0.13683807458096012,-0.21360937066906155,0.17448246483483668,0.1725686972786313,0.13972706486036304,0.15726135357739532,0.15901879361767624,0.17664287464959755,0.1479346930731244,0.11508754341547348,0.1904230655395798,0.4305261732325941,0.3882627916556427,0.42140809086470515,0.42297246673974903,0.4242602661423772,0.4312071781582498,0.4061309353410078,0.3043183839113202,0.42840722583775165,0.09669609931153345,0.10698778322417123,0.08246535212983983,0.0922406502582556,0.09777791471701686,0.08642795882097691,0.09055672196467977,0.07535549487975458,0.1285748696821122,0.14271637350492092,0.16966833359211111,0.14201147643830175,0.18132455287744437,0.1611631335182618,0.13939126002997967,0.14016006179041096,0.06355804856758089,0.20062456127402936,0.5222448640688552,0.48199591269016323,0.5028178089165141,0.5269626254604273,0.5219047150176275,0.5240763192432111,0.521103460784145,0.20492294972822978,0.5060190402651256,0.0040219333536028095,0.012296747767942415,0.024476992597884578,0.02438936488215578,0.022461549389633448,0.022806528198898137,0.02787812518599113,0.028184909850275927,0.025284525607519006,0.9842012043351629,0.7034804648519809,0.9420578002752819,0.9861563030790492,0.9907907512618848,1.0,0.9851467485373527,0.2503023395523911,0.9050543108343291,0.0073570517508798755,0.0004079998461993246,-0.011457570834164174,-0.01069605986058574,-0.00855625463071293,-0.006688464271119367,-0.01093054806986632,-0.009441990159631883,-0.008540547788572968,0.8780451364028281,0.7153525986001954,0.8531300135509077,0.8706139827140246,0.898089314216885,0.9006447064687023,0.8883515659275814,0.18943770219186523,0.8056929086227668,-0.005243158525903204,-0.011169339223440272,-0.0218122861600792,-0.022573396660388427,-0.020230019676016172,-0.022871361324510727,-0.027527096598065483,-0.0284234362560172,-0.02439448981000462,0.8404047711680415,0.5882304632554466,0.733314234592078,0.8036525331485004,0.7841440119834135,0.7947153173750681,0.6995385246421769,0.1253436766445061,0.6229382764515158,-0.014096613409131094,-0.0174961540595052,-0.021308810404361354,-0.022680785943642343,-0.021863005156434422,-0.02395731043570438,-0.01787861480037109,-0.0172185263616607,-0.02482741320266444
O1_theta_power,0.004980142256573473,0.0018301060161182608,-0.02485247149058826,-0.007998622486213861,-0.020806657854034693,-0.0038728554955398025,-0.01871818485785843,-0.0179248407455848,-0.01598015946042706,0.36135308710536834,0.326638598915247,0.3723392651416642,0.37805037056226104,0.3773527916283395,0.36906085995010857,0.3712607502041642,0.22452077348232266,0.3741864089454325,0.45286917241004804,0.3924034070721556,0.43436037084953666,0.4485682877420618,0.44183555761842663,0.4387717929424517,0.43878560613958384,0.12048379773029921,0.41010773726317135,-0.18602759847792968,-0.20218979736612977,-0.1580977888050405,-0.1531468547435697,-0.17415895071139248,-0.1618149839886755,-0.16666090516078075,-0.14272966036493395,-0.21580144609133053,0.17968541862055262,0.17637882029640492,0.1467883399401222,0.1579380051374088,0.16329822242105366,0.17875362726202385,0.1569881487318537,0.11939748609686887,0.19617691917638475,0.42966100183317035,0.38780212501196837,0.4353936456499998,0.4324622325226748,0.4366674871372123,0.42918044328368216,0.42479909712607067,0.3165816067893587,0.4371525901242586,0.09843580831595894,0.10901810463630106,0.08378504956028686,0.09698263650654798,0.10330767502795034,0.0821619635077255,0.09908910197574093,0.08432972031884749,0.13394875793231462,0.14700004937036507,0.17352391530668979,0.14134607329385934,0.1846534215718132,0.16482911144382648,0.1343755637556487,0.14838719091663202,0.06854935571288633,0.20558935186502947,0.519584647513545,0.4813061207666839,0.5077650221682227,0.5274198013221643,0.5267614786328046,0.5178867793694115,0.5285024350410361,0.20754238727355656,0.5078598838643629,-0.002941835310279705,0.0051911576875583445,0.024948447167061166,0.026869562027518445,0.021152135838732815,0.024365574092370793,0.02527712756940324,0.029073166296759993,0.023453408209152562,0.9740941819435257,0.6979237026411507,0.9581090342165217,0.9798595563527565,0.9957724499375415,0.9851467485373527,1.0,0.25207996816535133,0.905379987627168,0.016508282315155286,0.006715458188488148,-0.0036718181598953915,-0.006777314273078069,0.0009078654260092324,-0.0037103638455055796,0.004955126964912801,0.0013477125158173199,0.001957498193673085,0.8649545284334856,0.7095020806280787,0.8651130785179013,0.8629746470794436,0.8982063301341909,0.8901596183068484,0.895448580496555,0.19064579808512774,0.8035987613065435,-0.0035986037889987115,-0.009438503075409308,-0.028937811450925485,-0.029213245120731392,-0.025997337830327722,-0.02758649451888473,-0.03637608394011499,-0.03690771448368782,-0.03043778385735333,0.8227362866597906,0.5792873341554642,0.7381752926489744,0.7929852940333633,0.7798219401337131,0.7805665297837322,0.7044178606595455,0.12525465715134323,0.618269892703803,-0.010687584842834805,-0.010083274779284739,-0.028088459858492367,-0.029069768579750136,-0.027104635775056552,-0.027210298812354147,-0.025094400288251703,-0.023619191077423902,-0.027543468679304798
O2_theta_power,-0.04519308726141814,-0.02598734015316456,-0.03114570924084423,-0.019448885825113796,-0.05651359278661965,-0.01375657924095344,-0.02078143258840535,0.004270511475544352,-0.03289528873622559,0.11331082821126606,0.10544569644003393,0.121130066556345,0.12307214319532711,0.12288665295376805,0.12157520043571499,0.1339384088492423,0.5551767391542796,0.22568778302081638,0.12398156569461473,0.10782827781118616,0.12178799729575225,0.12517977636388045,0.12347989499127499,0.12261692224905031,0.1309102064370274,0.7052217344223366,0.40287382981252123,-0.10673850697513972,-0.09352807713722595,-0.07498465489681637,-0.0666115786438183,-0.10390506136219352,-0.0660238464155788,-0.07188668018749941,-0.20065469661035096,-0.13058943805757428,0.017872625508044672,0.03624096671800544,0.024278644179738833,0.035147218633304965,0.007342316762614648,0.04582742684457802,0.03896484286354037,0.18826445890286486,0.06810621843410383,0.13624871018668105,0.127068433345769,0.13927923116584734,0.14093356561073866,0.14076600188348984,0.14039152083136086,0.14349420640175672,0.47161345154512074,0.2066135048491855,0.06344835296884994,0.0412920675751875,0.048830596782342084,0.03813965300525156,0.08334847123610648,0.031158416084404228,0.04300258372583227,0.20444606177177083,0.10542044433281125,0.06672691736121908,0.048187861782825615,0.06345669356531333,0.0566799649132342,0.11383025548852374,0.03725402388518909,0.04803394575537838,0.3669664349131186,0.23098360645239555,0.14132423477823264,0.13044055358564233,0.14005523204227532,0.14486292762454556,0.14449968014198203,0.14247722877831154,0.15308819655249475,0.7434579210681905,0.3519244889740095,0.01225928794037742,0.012992926903423869,0.02441400287957336,0.025735864455657752,0.02290685103787463,0.025240808770306683,0.028991835495163792,0.023565239637262734,0.02663262286183948,0.24512593271922364,0.17568367519448322,0.24341853902736613,0.24830582585422944,0.2513216574081679,0.2503023395523911,0.25207996816535133,1.0,0.6151147349372977,-0.007885174250914057,-0.010363132798922734,-0.01871595689475597,-0.01854658749252373,-0.01718568627487426,-0.017460175622232385,-0.019424176626175113,-0.009697008385759227,-0.019213816093732378,0.21606736674966512,0.1785924101356787,0.22135068843458597,0.21618305084988623,0.2271938918414862,0.22462856896787137,0.22580931610039492,0.885797482072587,0.5839915352804451,-0.00783480084071293,-0.008740876153145687,-0.017139628142461956,-0.019035891899269634,-0.01588102299949585,-0.019149514732736305,-0.02340558048062465,-0.023755673361353844,-0.020543896217341186,0.21546012800791053,0.15169669655653503,0.1950300351914945,0.2094597050123296,0.20715346844614946,0.2059047353760183,0.1842583062043378,0.8385369710328845,0.6657226426786219,-0.010891720904071853,-0.007313277219616149,-0.011714228083784431,-0.014271883456269221,-0.012154692778029783,-0.015420141290437377,-0.011338755253095365,-0.009760805261922773,-0.014698017059479112
avg_theta_power,-0.019651979959854234,-0.011594684370673857,-0.033012108965644424,-0.011287660288781969,-0.03869949971639203,-0.010516094859599805,-0.025480225200015406,-0.01120561521820056,-0.02698359147965147,0.3398115016692293,0.3272292896963402,0.34429192234645956,0.3491085099430604,0.34765078842114283,0.3437378073268533,0.34304031090539533,0.40389810579427504,0.3919798584035244,0.4138347461460692,0.3922146206726111,0.3965180369828082,0.4076665186462114,0.4009306429192115,0.40100800938316183,0.39969471368320175,0.38628829487020466,0.4964975477607884,-0.20141445185441104,-0.22164824374269623,-0.15607815359253252,-0.146627699570118,-0.17980090966091802,-0.15823123604231373,-0.16151751650170912,-0.19296367792280678,-0.2282782085384349,0.1484529709108732,0.161442575686187,0.12646168895849194,0.14203925577053045,0.132572404008013,0.15953349740175077,0.13596097964571247,0.1718787659946693,0.18374789940293954,0.40555414175191923,0.38830694927142567,0.40247516688046797,0.40115277187467724,0.4029347750989715,0.4001268185821648,0.3893227337139638,0.4416086407563257,0.43521936897182045,0.10331647963171714,0.10823417133997841,0.08670929744878313,0.09000900907639701,0.11460114038639992,0.08003314229873533,0.09013723168331589,0.14651521724970196,0.14775408540599852,0.14099868270997667,0.16782170769451962,0.14054502842594532,0.16840467165892115,0.17830279757578374,0.12406035053518429,0.13180643621922622,0.20430640783927023,0.2583197210743674,0.4768835780362943,0.4773912350939474,0.4676141184628925,0.48071485912666695,0.479560162715161,0.47439415822794573,0.4825129362049924,0.4716474566060715,0.5562005055087028,0.009894156207982297,0.014833394162000278,0.030310684368422793,0.031488015628340325,0.028304405587989787,0.030380669473838686,0.03485434879696828,0.03328947676192856,0.032339019608509545,0.8998413829649422,0.7199812714756612,0.8733480825659263,0.9018877032825543,0.9089723303343421,0.9050543108343291,0.905379987627168,0.6151147349372977,1.0,0.0018541376300089095,-0.0038599647746499184,-0.016554983285187036,-0.01764460184428611,-0.013804563404700992,-0.015136704423811763,-0.015901057161246082,-0.011870907604476968,-0.01533784650527394,0.7979010933760781,0.7147579890547838,0.7863403213304909,0.7921920065225514,0.8200718821474058,0.8155127760655771,0.8128331422977635,0.5185702343427845,0.9001480550204125,-0.008621525889291744,-0.012297937403903619,-0.02549303011090377,-0.02642685504870384,-0.023759111260747087,-0.0264792506034335,-0.032992511797910844,-0.033579404201313064,-0.028922054605702106,0.7635852700104955,0.5979812750569596,0.6751898158860302,0.7322486770052138,0.71564605547981,0.718648381481589,0.6391484372905545,0.4466665994821428,0.7831225655469969,-0.017362398955676667,-0.01651705425852956,-0.023336442733075582,-0.024645712759582498,-0.0240065822673274,-0.025402511725385827,-0.020275563840325427,-0.018452892660364636,-0.026929422503717465
Fp1_theta_relative_power,0.08102799799971165,0.06061231796754632,-0.11482475562610064,-0.0678570461304597,-0.01670328064248258,-0.038179887647750564,-0.03221717523388925,-0.08401059879726493,-0.04571499027164313,-0.03891112709494804,-0.016171416656409934,-0.010926120472082851,-0.010991384758655326,-0.014618154797261806,-0.02055780368185059,-0.033788213012801896,-0.04311460404085306,-0.027777031114530424,-0.03962901132899338,-0.04279914564627645,-0.03627438507435953,-0.03485225373100401,-0.03593372277215732,-0.037639062196931916,-0.037488679439228706,-0.03664083107409906,-0.04687726205138135,0.10886084524758277,0.08158545240543738,-0.10214307559940962,-0.053137709647380245,-0.004876133788430418,-0.02099735833632903,-0.019921996527411164,-0.06724938788482226,-0.024222119470667502,0.03473276762772288,0.022337479619000827,-0.11062495407026228,-0.06954146039569253,-0.025194262447647955,-0.04703542034903632,-0.04036202186171238,-0.08841575371644751,-0.05586345142086305,-0.07042804447123248,-0.04859772172825183,-0.023323408804139006,-0.02476442514608776,-0.02734475523036824,-0.03426914098759428,-0.030945022164754823,-0.03903042379490359,-0.04007470311673271,0.026671644771009587,0.07118962696494535,0.14014160818656304,0.17149885553312502,0.04871190474382539,0.07374319170328004,0.09012093591936651,0.11145243364876403,0.13374579756405822,0.013624025993162632,0.03605754595369503,0.08079822407586199,0.10394764278908543,-0.016934458685964576,0.055103136068588875,0.05676710398555811,0.004096409357681195,0.056133722102596234,-0.037438822647156096,-0.03911451669981017,-0.03621560320284536,-0.03425919346470718,-0.03584370391617461,-0.03659625322917322,-0.03584648408145149,-0.03658615417019199,-0.04268232162363635,-0.7040417859597603,-0.3492752760732935,-0.3120499308262184,-0.2896896785773424,-0.36039890750269565,-0.3221489031766864,-0.2545235721286329,-0.2509391393842173,-0.42340143267077857,0.0009536415149828907,-0.00479730487755539,0.007981196292751363,0.00895095080644885,0.00832257167050287,0.0073570517508798755,0.016508282315155286,-0.007885174250914057,0.0018541376300089095,1.0,0.516335843940484,0.42479375244067447,0.4058560228284801,0.49105082531326033,0.4359592577096409,0.38210432631833535,0.36119267416982015,0.6164740411035533,0.00042760298877559625,-0.0049001229885739465,0.0012976799331204155,0.002774654023739946,0.002718408994909011,0.002554857437855888,0.007888454940378452,-0.006136286888495368,-0.0013666553263563678,0.17373476575315994,0.0664482086147128,0.05111663210869252,0.0366468798669113,0.06822708445548543,0.07662620025614902,0.04753538874342708,0.07991650756222872,0.086732467831422,-0.0024276232805861067,-0.006560040748175092,-0.0038650525291914015,-0.003801587504296617,-0.0034465906642970226,-0.004031002440075765,-0.006118976517377967,-0.01058033977493387,-0.00985225495690347,0.2269532413602937,0.09418225718178454,0.033648802896219715,0.01621834653327306,0.05442127007653984,0.03898505145190971,-0.03837165491551559,-0.04282609719710935,0.07766700080985786
Fp2_theta_relative_power,0.048588309147367954,0.011611364124396286,-0.0648761112861035,-0.07041875541440143,-0.01711085109423757,-0.07958999058050281,-0.011748739642556228,-0.04385193140940265,-0.042566074811125884,-0.02230130480799834,-0.03609296056249597,-0.02807787239306637,-0.030778943541321952,-0.03180016803157279,-0.0325108943902915,-0.04839061092807902,-0.06009274189317551,-0.04228656064459901,-0.03718487346418257,-0.04574868014984376,-0.038839826878986614,-0.03780908596619981,-0.038177308916661996,-0.04058378830974092,-0.04176311256983518,-0.03943493871409548,-0.04993597367699609,0.0726047047710772,0.04586072837083017,-0.04453165598783007,-0.04525488817094471,0.005881228726984157,-0.05023369823550826,0.009396455725003913,-0.016480695093082115,-0.009555411630635634,0.014573260168445156,-0.026869601246772404,-0.07424820680422244,-0.08086474564084052,-0.03489772797669216,-0.09100894689167616,-0.030302434576348136,-0.06372255675152601,-0.06219486236785892,-0.05808944619858695,-0.07280502241065359,-0.048744132704943044,-0.05151461806983984,-0.05380738619655606,-0.054422290132520645,-0.053599571624787484,-0.06427094373146283,-0.061771596327760483,0.025821857801656266,0.05167414657539736,0.059401880476775824,0.10268288662799147,0.01352142391270919,0.08409002764743945,0.06378163049146478,0.0261793944291131,0.07519103933443702,0.014402887722687717,0.03250738722418687,0.02262028425265902,0.05809478657325593,-0.036119479333778924,0.08360279434004486,0.04103246479704373,-0.024208174544675578,0.023880138239777055,-0.03639451876706977,-0.04156523365926586,-0.03840617548759473,-0.03659117170420613,-0.03772340451263241,-0.0391152477857111,-0.039038912047696994,-0.03743106124355168,-0.04462829035366911,-0.36738856720526764,-0.6810401372498865,-0.3182127407668335,-0.33579872805920247,-0.3472611138230253,-0.3731818786694287,-0.3026732155311228,-0.3004780505058963,-0.45214560085500644,-0.002807985038312564,-0.0005099536461781781,-0.0011014265037209948,0.0013186857352872512,-0.0001554423512036051,0.0004079998461993246,0.006715458188488148,-0.010363132798922734,-0.0038599647746499184,0.516335843940484,1.0,0.3954480715817604,0.4238383054292846,0.4315786129320935,0.47749658544994483,0.3600551181982444,0.3611389305853324,0.6096045784224254,-0.00205115938328228,-0.004734497760928976,-0.00690414809412228,-0.003236051350755571,-0.004201145375915166,-0.004258468504317998,0.00021894069743457753,-0.007758546889997064,-0.006518795038818413,0.09772140717952327,0.15116392949987484,0.08476768534411461,0.08525164524241488,0.09860707547607502,0.11409308314121962,0.12423059798319003,0.13164320695375334,0.1319086724615488,-0.005730407736562709,-0.008574748183680623,-0.01432356003257346,-0.01505580304934017,-0.014049404245111814,-0.01540105503026692,-0.016464630290246196,-0.012351332040038712,-0.01706390687597596,0.11643602963087228,0.16270511166177973,0.0617191044228411,0.05108796256011041,0.08120131902191113,0.05794463067438061,0.022722669643229138,0.025184391569264577,0.10340835985822269
C3_theta_relative_power,0.01587550465515597,-0.0006718877805559132,-0.10582417967963456,-0.06168135917083612,-0.030636681737243623,-0.03532840360911129,-0.03173674847458891,-0.09497482246629965,-0.06412196096080222,-0.10487300229671542,-0.09880060955312571,-0.14433603511580692,-0.15103466309432434,-0.1365334738099587,-0.14092873544818912,-0.14908141508992018,-0.1179247667950816,-0.14324583164489227,-0.055433691155726376,-0.06109195342217009,-0.06310421402377539,-0.06259255441169359,-0.06097969303546275,-0.062243869205365676,-0.06671939275196721,-0.05060412215504988,-0.072620074340263,0.07464827297526368,0.06596554147108166,-0.04762566059460619,3.6489375500520755e-05,0.029091714112668674,0.02927980148723348,0.025938231278908958,-0.03717819834847521,0.015748124942162177,-0.042136615423478685,-0.058702552010712554,-0.1489581120488136,-0.11317473105198114,-0.08511008206802292,-0.09185913282731002,-0.08407252411958573,-0.1335105817476885,-0.12182639109018396,-0.13363624953355396,-0.127858605827098,-0.15524869059281093,-0.15916705015466232,-0.14982270786640128,-0.15389189577248585,-0.1485449372143354,-0.13166756042074743,-0.15495364492443872,-0.014261128783613266,0.0031665900796849344,0.08955343392197622,0.112868585901724,0.006071879996444996,0.029873706901923567,0.0037376458325182834,0.04512275223337365,0.051526670535554715,-0.022502202266621717,-0.020237959200834387,0.05111536448636397,0.06938368778347453,-0.026441494091277447,0.030799104218758196,-0.019007969196363737,-0.03033567337184294,-0.00255002359268246,-0.04374776829246221,-0.047727728072256455,-0.05035068599485474,-0.04800073847073028,-0.0490313845913651,-0.04921179833632749,-0.05252005623853587,-0.04690138546164521,-0.05639262538678682,-0.28071632960896703,-0.24065000653992852,-0.7186311884411443,-0.5295688144911235,-0.6050123262105358,-0.48120455607716484,-0.47104960735119306,-0.3925327467195795,-0.559469055486269,-0.012582244531803488,-0.016179511705575987,-0.007922660669989475,-0.008947468492225646,-0.008980765433466634,-0.011457570834164174,-0.0036718181598953915,-0.01871595689475597,-0.016554983285187036,0.42479375244067447,0.3954480715817604,1.0,0.7406916567566485,0.8472998858556902,0.6560172170729429,0.6627495974673066,0.5863263470230624,0.8534959827661007,-0.011458832220990915,-0.017923268768615813,-0.028657493537613158,-0.021471966509045478,-0.025060677864774106,-0.022599939205404998,-0.02432527872242053,-0.019636814184363142,-0.026829143120715125,0.01434678173785935,-0.015660514032709728,0.06690066303817466,0.04772554320283808,0.06842951286589302,0.08545687185289087,0.0915732416512713,0.07815614463692419,0.06748137781162587,-0.0157280817534548,-0.018919763134830056,-0.03126368350092763,-0.033322268174002065,-0.03429049549466063,-0.03355247003422806,-0.03698470831730295,-0.019515200995638218,-0.03344929515449211,0.1298675586620232,0.0951313752754761,0.14229766388449705,0.0808417445571185,0.1373179237989852,0.10704807273950077,0.0325210331282724,0.018737579385295293,0.12279778829036442
C4_theta_relative_power,-0.006995969609144161,-0.02955850082643996,-0.062315869780000456,-0.044185787411394416,-0.030358051585826034,-0.05017899953593803,-0.027928010338207705,-0.09976494431159388,-0.0625835343937989,-0.09777642854485989,-0.09173409611932912,-0.13353820855699006,-0.14735211768176146,-0.1309120449288887,-0.1360938963657969,-0.1465288304982096,-0.1205324918935447,-0.13847046917113826,-0.05508452334027901,-0.06121640397538229,-0.06254610206063424,-0.06258401811632,-0.06073798128288581,-0.0631484022645173,-0.067460610409232,-0.051221066403315904,-0.07295725967708028,0.05012795437077515,0.03554765988878564,-0.008637454956174946,0.016835090756111386,0.02894344720312429,0.015494730360778157,0.02953411941303912,-0.040415344726632885,0.016452783750713865,-0.05974266619908489,-0.07961802915370662,-0.10792562750798489,-0.09870270592609268,-0.08486139473924677,-0.10552410079388412,-0.08153599165165178,-0.13984791242029282,-0.12075248176575493,-0.13043123373258333,-0.12426217263051856,-0.14811526462826133,-0.1619001036926658,-0.14930517124837075,-0.15433966340874192,-0.14952292387004903,-0.13625377106726144,-0.15441874451344606,0.010051516654420785,0.033149047013591094,0.027747181784712707,0.08911936005757218,-0.011208019282589403,0.03888118020340978,-0.011655013345586307,0.030705808556567578,0.03596999911151225,-0.011643785112728807,-0.0007375427594177957,-0.009179188258119473,0.04180365958846808,-0.03724706946587656,0.045095080445299744,-0.029819667217722615,-0.037960802662427275,-0.01918464943072754,-0.04366704972705508,-0.04816620634527965,-0.05039008461782877,-0.04889546113728708,-0.04898602739433157,-0.0502826105540458,-0.053042341909426804,-0.0477447595534154,-0.05700626220728431,-0.2997833838912121,-0.28947252832703774,-0.5658902817718012,-0.7336175334488215,-0.5148390007164404,-0.6504952537376306,-0.46908295448071147,-0.4661308533707036,-0.6005328327140178,-0.01324092289887733,-0.016518702879045583,-0.01206407566988683,-0.0081622122177457,-0.012149185637967299,-0.01069605986058574,-0.006777314273078069,-0.01854658749252373,-0.01764460184428611,0.4058560228284801,0.4238383054292846,0.7406916567566485,1.0,0.6591755225594547,0.8759050281077906,0.6275255268339284,0.6662458171238428,0.8675411780202471,-0.011168707912015054,-0.01757509782343999,-0.02891456590271188,-0.022390904054784017,-0.024956704830658503,-0.0233966366455904,-0.02621008396147997,-0.01993105961016878,-0.027320406080194082,0.05187482471908394,0.029571264086625824,0.09813146891654985,0.08640341566320774,0.11411001315665516,0.12303785737426128,0.11675312076806094,0.1102636099160887,0.11016459744353432,-0.016043488436426077,-0.01923457117478721,-0.03212883026879564,-0.03423008359266559,-0.03510999708022407,-0.034396763555584166,-0.03844024177276923,-0.019424528207422888,-0.03396902979332276,0.15612981623064354,0.12018039955716212,0.13343807448218548,0.13906171818455385,0.14417829583696387,0.15499879100323113,0.05018019246719209,0.047398358021654576,0.155612965786329
T3_theta_relative_power,0.01503282305391062,-0.0074844378113046945,-0.12874773920254323,-0.0802206092081389,-0.0390362898308686,-0.06732719925455494,-0.04950868895709363,-0.11682066446740795,-0.08665691119320963,-0.09279686916798406,-0.08057072618922839,-0.1199911912121851,-0.1299028872687381,-0.11950703298963306,-0.11906931856634669,-0.1300179985833385,-0.10594507951295218,-0.12357998701387146,-0.0542534394897833,-0.058269583195269564,-0.060412649656560825,-0.060119357161386645,-0.058914217523080015,-0.0598768515968238,-0.06369379482739618,-0.04969344439708726,-0.07025963386591995,0.06876767439969847,0.050568704085388994,-0.07837321143027194,-0.024817027168865493,0.01529832831417541,-0.00829813875081817,0.0008763229634667224,-0.06578883424395142,-0.015051004136569988,-0.03849098316758874,-0.05734091710782172,-0.16103101088114155,-0.12247914531144068,-0.08643844656288108,-0.11195684764879074,-0.09148430758314617,-0.14560069960462374,-0.13124991203279718,-0.12268661273502686,-0.11225260985472316,-0.13079674147280038,-0.13810187209066704,-0.13419766569372496,-0.1331410443908438,-0.12753838075629464,-0.11506837135223127,-0.135394997053334,0.017887059264463052,0.04630774443336513,0.1221289852144275,0.15929086935820413,0.027656065669463333,0.0807049157078721,0.03709941044768813,0.08326040287639153,0.104495016463601,-0.004799820510520537,0.00810509450489425,0.07247076168104806,0.10106198865070574,-0.021038094320213474,0.0759052408073478,0.0026533791542944583,-0.018037014808712032,0.030247642178297316,-0.043713893317912055,-0.046754749524754204,-0.04956828980099186,-0.04707148183670758,-0.04855770135283946,-0.04844739363107,-0.05138597495943874,-0.04679507499301656,-0.05572692525585596,-0.3213315535348741,-0.2526027660182678,-0.5916493311752784,-0.45870295902864766,-0.7004319182089255,-0.4551626169616982,-0.4702348041552685,-0.3771312407051994,-0.5452019182085939,-0.01100734627201964,-0.014748451703189589,-0.006825406461149978,-0.006974892816584555,-0.004894052411442668,-0.00855625463071293,0.0009078654260092324,-0.01718568627487426,-0.013804563404700992,0.49105082531326033,0.4315786129320935,0.8472998858556902,0.6591755225594547,1.0,0.6401063284717855,0.7020771830198944,0.5882291726209061,0.8566986421154027,-0.010542668041649963,-0.01699287585335715,-0.026252913555079336,-0.019242874467821268,-0.022916787632346093,-0.020411898588875137,-0.02108800585583886,-0.0178642896848657,-0.024371588496472002,0.014896488802030457,-0.021863320815990277,0.038574977363984624,0.03044260636478875,0.07023089704781836,0.07215655379271779,0.06635541069872707,0.06619875091253093,0.05220188472273768,-0.01421565095833614,-0.01788852262067361,-0.03014574735064908,-0.03207685444026029,-0.03294367300112263,-0.032404032528056646,-0.03537622361125103,-0.01731013997994865,-0.03113252315270382,0.14391291009395402,0.08385287153856873,0.08901455618235275,0.04486907289413957,0.13232058554842865,0.07272837796251282,-0.00692622374937585,-0.019687741311827534,0.09393234478905373
T4_theta_relative_power,0.0037726161089742254,-0.022016580122179434,-0.1023854470090027,-0.06497397641364387,-0.043546946871545526,-0.07619380123082435,-0.03423518341816308,-0.10687898630458366,-0.07998868967679995,-0.08272468876951626,-0.07389598891170202,-0.11119814044019381,-0.12258071664418446,-0.1105200200530104,-0.12346728408071493,-0.1271467606538686,-0.1092238354675234,-0.11913477928079357,-0.05236742115625041,-0.0578659653025006,-0.05860837854495162,-0.05842701175619301,-0.056987453898823794,-0.06148182591205444,-0.06289950498409116,-0.05014506444639192,-0.06964317535095728,0.05466364804273343,0.03444086125412347,-0.05422619049747054,-0.010713596177355783,0.009721016886376967,-0.013353993312355589,0.016216024925319355,-0.053329096033948725,-0.008724736265381361,-0.045594745018071696,-0.067047612576416,-0.13613024725022516,-0.10883192545400563,-0.0891795014784097,-0.1236163577167814,-0.07935119490133996,-0.14058847371757843,-0.12640066969950442,-0.11693116473128849,-0.10875025644649901,-0.12713835396275736,-0.13829161662676165,-0.13080959009994758,-0.14182047159871056,-0.12989627049626937,-0.12262623513721653,-0.13607761054314632,0.030147235356820627,0.04820849737307054,0.08018188388853077,0.12475816716039673,0.015508485878193272,0.07254744507191242,0.025651570979376766,0.050688878027440175,0.07976743554990925,0.006400896075931645,0.011543712140108598,0.037892078841674955,0.07263018002823574,-0.019931137049027537,0.07269499260652416,-0.0012551532864485137,-0.028939339388688902,0.015664952537382464,-0.04358699307016714,-0.04767516840361248,-0.04939021413736847,-0.04773730579823854,-0.04810516465499486,-0.05049823461547892,-0.05166596502502118,-0.04708703287686656,-0.05620908540190177,-0.3110968282078955,-0.3067127899258497,-0.49485491296264233,-0.6318558014497817,-0.487914444001894,-0.7224919680844923,-0.4295936498688268,-0.4435172401836111,-0.5756827013456781,-0.011430936497141145,-0.014978235629240366,-0.010134975477936058,-0.006320148905956388,-0.009288967250678449,-0.006688464271119367,-0.0037103638455055796,-0.017460175622232385,-0.015136704423811763,0.4359592577096409,0.47749658544994483,0.6560172170729429,0.8759050281077906,0.6401063284717855,1.0,0.5956794001728545,0.6544329771733925,0.8529191333903354,-0.00965870870831962,-0.01628485725970617,-0.026736409290201456,-0.02039959603608816,-0.02292665774434823,-0.02124155579060447,-0.023115368629626314,-0.019286083889042707,-0.025339665144724483,0.05063898359442849,0.0218013973606798,0.08289952859861774,0.0674416270442234,0.1003944051386265,0.12097355375697562,0.09881252447259982,0.09637639090496121,0.09628474782580305,-0.014214630027287364,-0.018174539089342565,-0.03120292755064845,-0.033929134777594495,-0.03389872996629516,-0.03385229252275843,-0.03730420193720905,-0.01952346494224489,-0.033293833293616425,0.14528226974681627,0.10001847668767737,0.09991440522271487,0.09376950652238825,0.1161786385023145,0.14022398011584575,0.013224766673319411,0.01772595917097852,0.12206644950202464
O1_theta_relative_power,0.010932395648558904,-0.016732177708431994,0.00907024997335654,-0.013844641004620475,0.012324542907088794,-0.04525988203705235,0.00896732162007353,-0.06873457195409453,-0.019347691801162414,-0.07640870559247098,-0.06710162883583107,-0.09414873486605828,-0.11272012567511502,-0.09254668058673901,-0.09593026668381922,-0.12159959178022339,-0.09925218698978405,-0.10542792662496527,-0.049128821681767576,-0.05343156232691663,-0.05381257793700691,-0.054555014996895725,-0.05260268637167428,-0.05418648200864413,-0.06269382998334057,-0.0511500339333214,-0.06675056389427556,0.05924076527035745,0.035421211607096444,0.04746561062920273,0.03321152745023201,0.05494416796617221,0.005785095922861528,0.054087662241764194,-0.02160458394499762,0.041181653962896005,-0.03909169353069639,-0.0614192567747987,-0.03162060847017896,-0.0581848000069879,-0.03328001525690474,-0.0862771818387286,-0.03903470201218765,-0.10235559724699514,-0.07182327761761763,-0.1133672475405142,-0.10315022943508932,-0.11226003696213273,-0.12743418485377792,-0.11351623775805997,-0.1176722777059433,-0.12139637837061061,-0.10873650263152981,-0.1227799952118057,0.06761203419309099,0.11645414807729178,0.0007460284861119499,0.0834517506568106,0.008063359716930877,0.07690587445304219,0.020038073177595768,0.09596407055695691,0.08149394769671205,0.04775390770597643,0.08031467528927817,-0.04683847417093204,0.02804775687322746,-0.03188799838133812,0.07407676280421459,0.013912893746456219,-0.00889130503718519,0.017876879022456712,-0.042550769147049625,-0.04570722512047267,-0.04747512188140588,-0.04545529147118642,-0.04655321394048538,-0.047136715698235285,-0.053236135487657626,-0.048707934605273305,-0.05540920419286146,-0.2810833732207263,-0.23927046370408675,-0.47534701074504154,-0.44809778080238716,-0.5083574436230983,-0.4397207711998857,-0.6580713643672268,-0.47740703092737263,-0.5341458759814777,-0.012151454665398522,-0.015190487055114079,-0.010201937025388873,-0.00939241477546279,-0.008950431560634589,-0.01093054806986632,0.004955126964912801,-0.019424176626175113,-0.015901057161246082,0.38210432631833535,0.3600551181982444,0.6627495974673066,0.6275255268339284,0.7020771830198944,0.5956794001728545,1.0,0.7719995916775603,0.8214014766486161,-0.011008507763112248,-0.01679580345571038,-0.02345335232465994,-0.017637057250670107,-0.020324414779385732,-0.019007971503614746,-0.0205941943151326,-0.02067730131091661,-0.024665196066878378,0.03270156839180342,0.0053435989762600986,0.048000262202263874,0.04428116315482973,0.0711191809378462,0.08484709774805749,0.0556342205238242,0.04943815651916914,0.05843281642585807,-0.014825641258446818,-0.01734861203248759,-0.025982862401591183,-0.02806967679746396,-0.02797020055719046,-0.028050855005165843,-0.029562276607512126,-0.02109079402086607,-0.031081854717884477,0.1664205868387828,0.11250169353478381,0.08095381418236124,0.056466199753543514,0.10931456860712958,0.09277304479118027,0.03993135105256183,0.007627920595510973,0.11616872317166618
O2_theta_relative_power,-0.0013867417881713408,-0.03627721181374747,0.01855658863552741,-0.03421786338527501,-0.011777686366526862,-0.05435993789906453,0.007224054187174568,-0.08275205601702823,-0.03397338188238982,-0.06670911201552175,-0.06160757182022927,-0.08488138656455525,-0.09725407823738089,-0.08619746761603553,-0.08923343188207193,-0.10889663312525658,-0.11521214997813647,-0.10045814568662421,-0.04691726783807758,-0.05178958132314555,-0.05147000437435869,-0.05146821809511035,-0.050389872767136974,-0.053017210121589976,-0.058890851458327925,-0.04871827098934647,-0.0637686458611915,0.043184417847628984,0.014339130630199627,0.05406381393536121,0.010016672763054523,0.031063648052112827,-0.005010868431365563,0.04916683945653776,-0.029200922613408783,0.025618271510870986,-0.045801727009180275,-0.07427976286135998,-0.0207011962307747,-0.07275142213676578,-0.052961647216289424,-0.09276774602246964,-0.03750760886526365,-0.12325747026747516,-0.0826389071809654,-0.10503324583399971,-0.09877051145014919,-0.10515903952538465,-0.1160462180663385,-0.10957157142799112,-0.11262854813676554,-0.11314970451300237,-0.12734333372178158,-0.11982553521619195,0.05150085588971787,0.08823295056775977,-0.02580082666248464,0.055416703198842315,0.008505259542958644,0.0570460949210016,0.038699696314275764,0.0745481130425384,0.06010513479858293,0.04676646539935097,0.0696637546827739,-0.06445049230845473,0.013052472005377767,-0.02818559615458269,0.05773169850009373,0.03474716722915001,-0.008985887453117484,0.012394976355925536,-0.042370127013086685,-0.04509214486068833,-0.047087232378704366,-0.045158798605334796,-0.046109413312457416,-0.04737233095332099,-0.05165350762688731,-0.04765050132921627,-0.05467738194744259,-0.29022549851606266,-0.27227828861734893,-0.4546770142509084,-0.5031853200044688,-0.46808138408153965,-0.5007044175250609,-0.5437538742593157,-0.6285891788838661,-0.5544464963233554,-0.011694360035056039,-0.014466665119343265,-0.010438618172481939,-0.00781780224981026,-0.00954624269657817,-0.009441990159631883,0.0013477125158173199,-0.009697008385759227,-0.011870907604476968,0.36119267416982015,0.3611389305853324,0.5863263470230624,0.6662458171238428,0.5882291726209061,0.6544329771733925,0.7719995916775603,1.0,0.8010912875960965,-0.008125901377007989,-0.013700059415565673,-0.02139551286136731,-0.015658836486174776,-0.017427999903642303,-0.016696391409261522,-0.017736252237054745,-0.01345264515139111,-0.019200406182437457,0.07629376614624368,0.059692070897116846,0.0946663626756893,0.08881694274712114,0.11971970227498745,0.12424743500521124,0.09431725227239317,0.05486626295596791,0.10420633978387864,-0.013085952017047165,-0.015173676476761851,-0.02414271775025475,-0.025584788941836113,-0.025331674015292398,-0.025576599520493338,-0.02739328671738643,-0.012949438644853841,-0.024376802932247605,0.16020181676263429,0.12170157305532353,0.09294510590501961,0.08055802402607583,0.12279262543543373,0.10492719713530317,0.04863918500570485,0.08340435409771434,0.1375922416569656
avg_theta_relative_power,0.023581241380265554,-0.008890371770555834,-0.08516462458859475,-0.06771384807498831,-0.027920717769916576,-0.06993794008482576,-0.02675455233564831,-0.11107257731343363,-0.06885488592800867,-0.09445634691824462,-0.0854718635125698,-0.11912448023171791,-0.1315612508370825,-0.11811691761769275,-0.12369889872930458,-0.14066964175734978,-0.1242822096822151,-0.1302418386522915,-0.062102056259761965,-0.06873533647902792,-0.06796291635008807,-0.06760364660336564,-0.06628105287604852,-0.06902764575138869,-0.07389192968873869,-0.060084861000442163,-0.08180039678778674,0.08238403687140346,0.05629181704753281,-0.033691824196263744,-0.00880165162254581,0.02836823197750964,-0.005386271209766854,0.02788395678909354,-0.05184573781948975,0.00824735887207998,-0.038164157568375906,-0.06649902816308048,-0.12475496861251256,-0.11489419282136785,-0.07925971703168413,-0.11955727427219634,-0.0776631988310079,-0.14994924978259436,-0.12388100912488376,-0.13669440124763702,-0.12803561891945558,-0.13855704497088342,-0.14944165271591686,-0.14113318927676916,-0.14647941063689482,-0.14211245617513468,-0.1364789873986314,-0.1499152477130051,0.03391429662682851,0.0719461310488678,0.07504508530762888,0.1397991089106836,0.017105852569841536,0.07985421324184347,0.039044329119551455,0.0810846928719031,0.0960210566542109,0.013912868930507496,0.0337525885905051,0.020266843720184086,0.07534910535899167,-0.03454129795372908,0.0773999437550128,0.013038957483042074,-0.024843406245119177,0.019441505556373806,-0.05283554726638202,-0.05732232507356709,-0.0586721949404735,-0.05619369402072925,-0.057385416843526126,-0.05859567589430615,-0.061899172121971206,-0.05704332725291804,-0.06718309026028729,-0.43843276090896954,-0.4037741855850194,-0.6308091989336738,-0.6309424874244786,-0.6375702528760705,-0.630156351221004,-0.5784551790724112,-0.5339096375452498,-0.6746997419302976,-0.012180682391609878,-0.015929800702850754,-0.008613950431194145,-0.006512980385023369,-0.007828818931199423,-0.008540547788572968,0.001957498193673085,-0.019213816093732378,-0.01533784650527394,0.6164740411035533,0.6096045784224254,0.8534959827661007,0.8675411780202471,0.8566986421154027,0.8529191333903354,0.8214014766486161,0.8010912875960965,1.0,-0.010480050057191784,-0.0177166732281586,-0.026458902942520065,-0.019385643259982,-0.022303634525613163,-0.020639097487515558,-0.020933153866798313,-0.020231607383235123,-0.025512902599201033,0.07610584558035677,0.0423997913915041,0.08924319680941607,0.07680224328339928,0.11225288093126205,0.12655452877796997,0.10975043377814708,0.10394551660366352,0.11023875289846699,-0.01567983897950447,-0.019691017766900316,-0.03136179329115733,-0.03349288212547479,-0.03369787987033309,-0.03367353347493037,-0.036944639203126704,-0.021284624905701904,-0.03462022251023995,0.19515435743409745,0.1395236565106677,0.11864421929245327,0.09128165924374133,0.14426073706512005,0.12440069879311386,0.027647733687446222,0.023296242228727827,0.14823734363641355
Fp1_alpha_power,-0.005297573021862813,-0.013489169352540718,-0.016992190451701198,0.0041095723399961395,-0.00959473553722819,-0.007870731851481553,-0.01266719719534773,-0.012772459898236402,-0.012556877219427172,0.25308855476399816,0.2274788684433419,0.236060690900439,0.24843779578685402,0.24216366167190537,0.2413779401982893,0.23087828483731038,0.13771459367931074,0.2438007119581776,0.2959002845216165,0.2525778294333539,0.2607791287288166,0.27927753107923053,0.27105622798252504,0.27265901950459126,0.26339396587689146,0.07113479613263926,0.25339596557774785,-0.1460552113575289,-0.1598381758570999,-0.10285897196496309,-0.09983077074772627,-0.11418528202749614,-0.11608438519347825,-0.11051656865984598,-0.0915742818733357,-0.14923549104513312,0.1173686739542347,0.10963062389141807,0.09576070966383923,0.11008889112981726,0.10901812804912611,0.11245271798308358,0.09748450032871542,0.07579436874823268,0.12692930479374973,0.3066619082955056,0.2721862468207289,0.283653665010723,0.29193744339583183,0.2888929509139504,0.2876724148627607,0.2725468656900849,0.2020625043445273,0.29231103628017435,0.05969634220968121,0.071575415581927,0.0478409179461157,0.05066088052636713,0.055263609209636896,0.05329003833455624,0.05092534544457998,0.04174021766651466,0.07570049808998908,0.08768976726304682,0.11647345695004688,0.0989969050646699,0.10475733468877707,0.09926083841811308,0.08761704562862604,0.08473623765364782,0.041343237849946486,0.12767483122642506,0.315519337052282,0.2922190410410741,0.2835568202090882,0.30258758857045104,0.2983882394109008,0.3016076899654543,0.2914151714941849,0.11460412883797776,0.2916938725017325,-0.014429797064730205,-0.010290205353968986,-0.0014950796209570235,-0.0014066131227588143,-0.003173008857329808,-0.0016247905705844838,0.007446325000927865,0.0027384602424394035,-0.0030896126987986737,0.9024204998815331,0.6180021029132993,0.7971278931516333,0.8863676361376012,0.880126934818676,0.8780451364028281,0.8649545284334856,0.21606736674966512,0.7979010933760781,0.00042760298877559625,-0.00205115938328228,-0.011458832220990915,-0.011168707912015054,-0.010542668041649963,-0.00965870870831962,-0.011008507763112248,-0.008125901377007989,-0.010480050057191784,1.0,0.75899073192278,0.8290069472820297,0.9855843962004327,0.9610492353089818,0.9701549575415911,0.926522573444546,0.19229219088569802,0.8607635172964904,0.03076918553707751,0.0255381843725195,0.01560506086073368,0.015111305571210853,0.01819167960219864,0.014424170941014535,-0.0014779104099270671,0.001813076310777499,0.01642520503895393,0.8688985761121207,0.5762884495865765,0.6773967982129625,0.8167594676501456,0.7667058372337496,0.7778446384297243,0.6719571096083373,0.11855855044205008,0.6087764558612044,-0.004598672468580905,-0.005911650709304581,0.0006819356969333162,0.002078963674740016,-0.0021501897993752503,-0.0007905316666025447,0.0009108387140376573,0.003215421084351734,-0.0017509969685536033
Fp2_alpha_power,-0.00941239078968532,-0.0044227177430323315,-0.010760409374547539,0.006587324343983717,-0.009421671879438796,-0.002688873397366901,-0.0105524509949803,-0.0061613084451317066,-0.007776543971517198,0.23037942197532063,0.32978023081413066,0.22459334333707245,0.23236875559962344,0.22718251992240762,0.22699547869118689,0.21696733741624924,0.13093632312704184,0.24442369598922684,0.25189136283953084,0.44356169022745134,0.2338233628619259,0.24269776251036373,0.23774967900693791,0.24004543623929545,0.232839728024861,0.06379990444582273,0.2502276675070565,-0.13230448571409278,-0.219272319337352,-0.09087360021382694,-0.08610373392747234,-0.10386679184835648,-0.10022783292284353,-0.0990194414109254,-0.07904855765012066,-0.141568673861679,0.11763172826322725,0.16006718592367386,0.10664659541654035,0.11770046109068823,0.11435679434091896,0.12306943488701984,0.10422287176589697,0.08554349958905848,0.14210202312407183,0.29242920243225967,0.3845543302037601,0.28328471141451633,0.283779070620189,0.28298031920644595,0.28165259943459736,0.2675240739497624,0.2005919786944729,0.30212353461207375,0.05761653056547205,0.10088873517215663,0.04442807720814255,0.04475754986851721,0.05969736749040142,0.04835784255767505,0.04492057969626654,0.04179949433891234,0.0768819053223002,0.07640737459242386,0.17968638642972046,0.08263813736620057,0.08775406654483152,0.09448464103289245,0.07353516681433131,0.06979274886832741,0.037514275075292966,0.12150031768465197,0.27843176908516926,0.5050166190593779,0.2598213697158013,0.2700397981142509,0.2685792494102291,0.2713016200826193,0.2637178429361725,0.10421368027720754,0.2930604273326519,-0.007795016526796644,-0.00790876493520517,0.005834183367709973,0.00589571316949447,0.0045130913733002365,0.005656071696141473,0.014825775305859379,0.009338328890568447,0.0048350282893681925,0.7229117002322442,0.9048113232435027,0.6773144311324965,0.7120191691576312,0.7191653169250587,0.7153525986001954,0.7095020806280787,0.1785924101356787,0.7147579890547838,-0.0049001229885739465,-0.004734497760928976,-0.017923268768615813,-0.01757509782343999,-0.01699287585335715,-0.01628485725970617,-0.01679580345571038,-0.013700059415565673,-0.0177166732281586,0.75899073192278,1.0,0.7215121841698324,0.7499510508816296,0.7695274090936421,0.767909404702579,0.755874059823323,0.16168858886601192,0.738720840353409,0.026440497074381727,0.025458319852952487,0.011706182423397583,0.011083710617757047,0.013725502426515417,0.0105588360094631,-0.006348220522697493,-0.002444765581816521,0.01195420810340623,0.7160703585738162,0.9138606568084225,0.6157140689783809,0.6809059068701779,0.6617940098610201,0.6682943830335801,0.5876949655361269,0.10336502664131579,0.5757495687422688,-0.008849408335441315,-0.008288169355167399,-0.003516402079845811,-0.0019778308435249555,-0.006467567125534992,-0.004906701767361285,-0.002580867065992486,0.0006717412481258523,-0.0064520641032379785
C3_alpha_power,0.0038472270014109286,0.004095733311272738,-0.020984848997665145,-0.0003042093610062104,-0.011195012325870175,0.0003946434682667735,-0.013675634622745451,-0.015178766149724802,-0.010120598408931817,0.288475228811618,0.2682410510012303,0.3320179063281803,0.32132096126304693,0.31624903764348067,0.30796414627374086,0.3090155701082052,0.18836840897115936,0.3137975498105116,0.3332076511518292,0.30077942825935383,0.3507436618660147,0.3375817003737996,0.33197252569804636,0.328218958450767,0.327217875224682,0.09138195018463359,0.31098666750812165,-0.1409214973699493,-0.15786119355379324,-0.13208407145486414,-0.12113141501804778,-0.13603183840013522,-0.1266339676136323,-0.13581364881867816,-0.11678142485199901,-0.17183146596958143,0.16533310483575453,0.16470703146302348,0.1523765560180124,0.15344638212707976,0.16098783807563277,0.17237315829722802,0.14888775849570285,0.11468048292654622,0.18936106704995184,0.3632858244610806,0.33392806362898725,0.4078477377562983,0.3821607739070432,0.38552479545489465,0.3774787286401117,0.3751382765801547,0.28112743438197635,0.38603053980422525,0.06649460377952754,0.08146778251585973,0.07012469952081146,0.07363111407144383,0.07986046413427957,0.06353474632402699,0.0755331052106714,0.06518965545452879,0.10228758265878678,0.10102416492088855,0.1289745519276869,0.1186021506594785,0.1342523964396554,0.1200052887568831,0.09748501736194871,0.1061205362695799,0.050090942555948856,0.1520677221549706,0.3719249310427966,0.3601832788967095,0.403290534589467,0.38038303516671157,0.3744310287457856,0.3740980112049482,0.37078062498180475,0.14961319227092462,0.37035025126280974,-0.0318144512700178,-0.030825677709119842,0.011167642713137119,0.014045912704917953,0.0041249740864020695,0.007136269076910769,0.014828979983632645,0.011786393355490673,0.0006042432662432289,0.8272202773511073,0.5920746611340624,0.896742645308261,0.82354133467906,0.8635562654782233,0.8531300135509077,0.8651130785179013,0.22135068843458597,0.7863403213304909,0.0012976799331204155,-0.00690414809412228,-0.028657493537613158,-0.02891456590271188,-0.026252913555079336,-0.026736409290201456,-0.02345335232465994,-0.02139551286136731,-0.026458902942520065,0.8290069472820297,0.7215121841698324,1.0,0.8489460717742413,0.9378464841616071,0.9192953901900284,0.9531742962767584,0.21615896865910736,0.8388866593580738,0.0437878016048471,0.03950177516578871,0.01107386893039128,0.006914095200109606,0.01744672117729468,0.01111798780229147,-0.005815624393269704,-0.0036082910162807276,0.01586409873044859,0.8734936581166696,0.6465802213772864,0.903094352584264,0.8706064654708541,0.8915604334952181,0.8889555365575093,0.8136169834920174,0.14761738835025437,0.7046399291903207,0.022965887867184787,0.03597051140039449,0.005385727353587465,0.005076657987277376,0.009415736957374098,0.013093804608166698,0.012942605509898618,0.013034618005394209,0.021390569335190523
C4_alpha_power,-0.0037007516877881445,-0.012864112219421334,-0.02531502213245754,-0.0037333713534117643,-0.016891081532618157,-0.008003702128553393,-0.018056100388894356,-0.02121294325289954,-0.019051586413025047,0.2491457409160491,0.22564152748002547,0.2610300197757946,0.2735893262025338,0.26383200172726834,0.25963890789634325,0.2580928704285813,0.15432724561993003,0.26152016408410234,0.28929215298189315,0.2466798846207111,0.2619972990368594,0.28122343047593634,0.2721384863414166,0.27106888495989245,0.26671985975326207,0.07188100679986932,0.25296357681480747,-0.14244003286747306,-0.1592322686898258,-0.12055345309717963,-0.11827900592479883,-0.13053179237605725,-0.12519538298199803,-0.12843596594990017,-0.11012388938793224,-0.16593291906689273,0.11694934484562605,0.10921584500981771,0.09535921878366904,0.11112124313714727,0.11016783175701496,0.11876200045414124,0.10203780880782094,0.0761117605133332,0.12876531008663394,0.30228792310042973,0.27115538319350985,0.3074306501352688,0.31873518321481636,0.31103130318890565,0.3070269932360225,0.30118474162404973,0.22343404647490436,0.31086339543062486,0.061046538279350575,0.07527165395147054,0.06123954994947268,0.061629703898532305,0.06930897060706621,0.058161324019960846,0.06631554304725096,0.058877114170891275,0.09088948756910999,0.08953638019339732,0.11893372423394734,0.10752636516585168,0.11048350165150925,0.10514970431160439,0.08818611571230185,0.09464163850908816,0.047028260691942644,0.13618773062973466,0.30920941418708714,0.28605469117621557,0.2833798751653087,0.30325667691039604,0.2985058625295229,0.29903410764114724,0.2932627299591289,0.1155542182085214,0.2904688589499041,-0.026955380501961466,-0.025527912311241883,0.009298138973533335,0.008419195121321688,0.0031207156528050635,0.0039584425700800495,0.011108594317954539,0.007910077598096364,-0.0008767435123504554,0.8881916452682045,0.6088145694033931,0.7921804235819597,0.8842025948266111,0.8742929877496418,0.8706139827140246,0.8629746470794436,0.21618305084988623,0.7921920065225514,0.002774654023739946,-0.003236051350755571,-0.021471966509045478,-0.022390904054784017,-0.019242874467821268,-0.02039959603608816,-0.017637057250670107,-0.015658836486174776,-0.019385643259982,0.9855843962004327,0.7499510508816296,0.8489460717742413,1.0,0.973517047772216,0.980590566748142,0.9509542205763293,0.19988437971845635,0.8705437929040762,0.03445495342164002,0.03230727771656085,0.0062702561099340255,0.009481795846888916,0.011660038186513363,0.01188459352930569,-0.005090393531413381,-0.002583704781921652,0.012963111191884357,0.857734127161872,0.5714615034113327,0.6960228820288841,0.8413615803053486,0.7872279054870995,0.7955754267595564,0.7025063610359581,0.12320932392267281,0.621557127746217,0.02075293204950358,0.026796262647936803,0.004974272105357353,0.004831446414341129,0.009018610694055719,0.008618068184948254,0.011719160940198316,0.012597560773181762,0.017833091190018673
T3_alpha_power,0.002278312245883456,-0.0014358679232231734,-0.0214499511321804,-0.00010623085609362644,-0.011844296426888062,-0.002787356183530255,-0.013982829451066336,-0.015143407672926002,-0.011766067910869508,0.27691447186026474,0.2531041441062808,0.29546516911024706,0.30240286758786855,0.29662355702168985,0.288954546898652,0.28854549339830377,0.17442214809863135,0.29276187371146317,0.3192348133160683,0.27953839297946736,0.3027686300053472,0.3148476115551355,0.3080341291273267,0.3051511766854932,0.302157669122436,0.08310983458757165,0.28637818341676885,-0.1452519795524936,-0.16041385496716656,-0.12649321290641577,-0.12061590723508792,-0.13529066338223172,-0.12842014723750056,-0.1333245125741783,-0.11280501529453053,-0.1705761575243224,0.14477715544767034,0.14053272476877748,0.12275506979503609,0.13483087076299896,0.1392192365044413,0.1474343836518662,0.12801578886196516,0.09895813003355529,0.16217455780698714,0.34127645993815575,0.3083640458536169,0.35622959820976663,0.35528021050034764,0.3556516343853108,0.3477440689406314,0.34318612801198684,0.256182544328355,0.3536770842129576,0.0656534514779296,0.08109169881379212,0.06373177981534134,0.06742219822288037,0.07397367590598085,0.06048834676874638,0.07054037538829308,0.05994461241293287,0.09615937522920825,0.09766166364594452,0.1277263829752689,0.11235584201879925,0.12360735216799336,0.11420193458384645,0.09312164682435015,0.1023419525668905,0.04913247470318379,0.1459445505366107,0.34720976717896834,0.32831143150994213,0.3306707704356914,0.34599078745023804,0.34138502046762265,0.3412097670208297,0.3363186410918984,0.13417628667351536,0.3329572427004897,-0.032647797568521444,-0.030111282634521223,0.00873912584402613,0.010917572792308976,0.0008975194964299026,0.004873676249594704,0.012728429800075493,0.009292705349462835,-0.0017840564310257483,0.8990768270937509,0.6264092470713751,0.85328746595823,0.894532195027844,0.905433672683561,0.898089314216885,0.8982063301341909,0.2271938918414862,0.8200718821474058,0.002718408994909011,-0.004201145375915166,-0.025060677864774106,-0.024956704830658503,-0.022916787632346093,-0.02292665774434823,-0.020324414779385732,-0.017427999903642303,-0.022303634525613163,0.9610492353089818,0.7695274090936421,0.9378464841616071,0.973517047772216,1.0,0.9924299319799471,0.9894231509629946,0.21473088156668796,0.8912585588789851,0.04468288765118869,0.03872173445061353,0.011185664170557948,0.00759030627954482,0.019632158485127605,0.011463078529805033,-0.004860585525635493,-0.0030007557897261433,0.016620201230502802,0.8993773578109685,0.6253236829824024,0.7996909716563022,0.8817881748893536,0.8626238851334036,0.8636927840252606,0.773062853840317,0.13794855426294236,0.6785604864098091,0.02193102568485679,0.03128723556594824,0.005522925732106682,0.00581616557957289,0.009010638781804817,0.011991976773827172,0.011268133654697532,0.012192058455470478,0.01965773104112242
T4_alpha_power,-0.001353743262749019,-0.00818251778412139,-0.023038105636880683,0.001503866421855054,-0.013895861765236614,-0.005404297237346616,-0.016020925194728454,-0.01907760577472749,-0.01508097791417915,0.2773941640378271,0.2534263368307891,0.2895754156673454,0.29918667186096093,0.29013566018663256,0.29199939097196587,0.28374762855969876,0.17018927748798263,0.289753434721701,0.3258601858857009,0.28380919150027223,0.3042317176728705,0.321071418328042,0.3088029633723715,0.31520300391325773,0.3043488116992123,0.08250784916901488,0.2898092105721271,-0.14746309730010845,-0.16525757349356085,-0.12492325807920192,-0.11706461126210001,-0.13366512078125703,-0.13071319622745659,-0.13213772211293395,-0.113629927648252,-0.17063413783264186,0.13901395004215628,0.13279556519652827,0.11659475906870762,0.13264156480981923,0.13234766708210524,0.14371014024894246,0.12201362016777219,0.09197378814299086,0.15507268643715394,0.33616238502408524,0.3038526658875143,0.3449337699486501,0.3473229962271086,0.34446721722207185,0.345810744635807,0.3334103283040832,0.24802917020621093,0.3456056677988755,0.06757510616311421,0.08217351961063754,0.0638007041917111,0.06530056414411424,0.07310081293115006,0.0641413959515243,0.07041651679630463,0.06051378352063124,0.09690374431482555,0.09977832165590736,0.13030356253502637,0.11321943547047147,0.12277063056886726,0.11319098706122657,0.09896365986632255,0.10193004735437747,0.0486596955245651,0.14720542572547665,0.35491454657054605,0.33248151559526773,0.33439744616356487,0.35421856896545256,0.3443075440788751,0.35102694937781265,0.3393325596559191,0.1341451328237124,0.3378027637132593,-0.027675475033322596,-0.024450531470334002,0.009196441469550294,0.008773276304851724,0.0029510115818252385,0.0029404716707804195,0.012195403239014902,0.008421448152569318,-0.0007063894804711945,0.8991880774988712,0.623972766609854,0.8413669166654019,0.8918891071017137,0.8985536794874688,0.9006447064687023,0.8901596183068484,0.22462856896787137,0.8155127760655771,0.002554857437855888,-0.004258468504317998,-0.022599939205404998,-0.0233966366455904,-0.020411898588875137,-0.02124155579060447,-0.019007971503614746,-0.016696391409261522,-0.020639097487515558,0.9701549575415911,0.767909404702579,0.9192953901900284,0.980590566748142,0.9924299319799471,1.0,0.9801857522049179,0.21093127598157815,0.888487109421979,0.036567486658207714,0.03344083103571162,0.006907132224143744,0.009566743392889142,0.012481091719225667,0.013977845063734815,-0.006057695866721445,-0.002727515793455615,0.013707475202973664,0.8961398057431637,0.6182906454258598,0.7811535329727939,0.8770414379952713,0.8483931247573239,0.8625823820243393,0.7628818798890965,0.13493784377118387,0.6703925978042468,0.020062736381737646,0.02378326475647182,0.0071009541637383836,0.005998358364525355,0.010716890904527277,0.010169521636612135,0.013150735253361492,0.013407431024967229,0.01829726251943278
O1_alpha_power,0.0015639659231082563,-0.0053043286910979945,-0.03322317351791368,-0.0022363952177304456,-0.020651853696812272,-0.005620334366328232,-0.022265645689084502,-0.02419999763847602,-0.02010225976644615,0.2791681319144496,0.2563619220005678,0.31092179365959716,0.31489607353886045,0.3099951135640712,0.302248450380887,0.3093890631654066,0.18435851780149934,0.30520907229174976,0.31856958250240686,0.28070371883913287,0.30832378106272884,0.3183361172609922,0.31150664221615104,0.308088119799157,0.3081235710105308,0.08343648314844644,0.28912004483547676,-0.14546211033271395,-0.1655698809260806,-0.14348277511525825,-0.12702770326325205,-0.14836898204667526,-0.13637237546905223,-0.15028569618766535,-0.12824345167220713,-0.18475224371747836,0.14805207126897899,0.14176670422798354,0.12028051504979781,0.14014030692127402,0.13983097077768777,0.15320032372335318,0.1333071801445646,0.09843300610176664,0.16485924939541785,0.3457368083117164,0.3144877262515137,0.3759620724505871,0.37155422656758885,0.3729542298232842,0.36496894299581356,0.37164931129514517,0.2729428964216944,0.3707166979099339,0.07046319913455892,0.08610125034663445,0.07805067999793057,0.06936197995223632,0.08505821440578037,0.06627679438935422,0.08747643834072572,0.0780344271577099,0.1110075427695228,0.10172794702015914,0.1314279979212553,0.12373198837062728,0.12356474940841009,0.11811169599438404,0.09692682725087423,0.11253949176748836,0.05909090734137045,0.15696664638986213,0.34762615159212434,0.3303890805778055,0.3362174529413958,0.35057922085432874,0.34520266176553555,0.3444810260723953,0.3419537172805606,0.1353627787341971,0.3364682538741351,-0.03357439732471871,-0.03149671026334068,0.01686084355783268,0.01913080687655423,0.006353837394392069,0.010414998410039322,0.0030781901249810964,0.006276163346009752,-8.550890659940533e-05,0.8825726733062559,0.6190526324999823,0.8574660398701539,0.8807499775761499,0.8974965367991774,0.8883515659275814,0.895448580496555,0.22580931610039492,0.8128331422977635,0.007888454940378452,0.00021894069743457753,-0.02432527872242053,-0.02621008396147997,-0.02108800585583886,-0.023115368629626314,-0.0205941943151326,-0.017736252237054745,-0.020933153866798313,0.926522573444546,0.755874059823323,0.9531742962767584,0.9509542205763293,0.9894231509629946,0.9801857522049179,1.0,0.2177964578876926,0.8835637863535227,0.030760644872409437,0.02574305202803325,-0.004288809445912622,-0.005018862965516091,0.005123640286355917,0.0011769885570045,0.009931713339294726,0.001632527836428298,0.00892885415186233,0.8845427048840596,0.6245425566710067,0.8196196846328329,0.8848032857366279,0.8710966828888612,0.8728006913693181,0.8081531378911061,0.14056384094503308,0.6867226558615808,0.036480640656069444,0.047069821919657105,0.006008863775277452,0.003590256525580504,0.015387933729907946,0.012581493081923963,0.014453057127782972,0.012661002385000038,0.02757117025051614
O2_alpha_power,-0.03872621537033306,-0.023148260983640836,-0.027524039548081875,-0.014595880058641864,-0.04768911403979224,-0.01022691401338424,-0.019200633528204634,0.017596402321236534,-0.02506233299745717,0.07462320933408699,0.0695256792668371,0.08755171449970667,0.08808687556936437,0.08681016413270883,0.0855656863532826,0.09201125271231753,0.45104855160867613,0.1706429298737782,0.07399645942043727,0.06520128369452502,0.07511793204277915,0.07613510345113911,0.07500998112662519,0.07378437697112986,0.07818386962473767,0.5495158281124876,0.29635677721905274,-0.07846892327291037,-0.06835996478772452,-0.058358010175512516,-0.048424017126087196,-0.08039103883837273,-0.046771423285769796,-0.05538007723314922,-0.17090244623540934,-0.1019098382334165,0.00972153120272994,0.02387690760872496,0.017259186556938273,0.027745024633444186,0.0029368205430206225,0.03629672918741006,0.026645261098199348,0.1586634638824636,0.053129461090988296,0.09574116715692371,0.0898614569855508,0.10597064751772328,0.10553835203552743,0.10526255172162817,0.10436275727910503,0.10588379867577716,0.3994914671975965,0.1612154376182895,0.047613742577141974,0.029160469794902156,0.03937917226740088,0.02621489986686314,0.06642428544853266,0.02105907951833853,0.03307384177808448,0.1781920559127269,0.08490216001433827,0.046172723601667305,0.030369116204970667,0.04823453912870519,0.033776025443717446,0.0848470021193488,0.021272779140129604,0.03151401517672446,0.326451481574599,0.19124583871855916,0.0812801478528436,0.07620375188329652,0.08128554109051646,0.0834171626081377,0.0823459987461028,0.08207688103882951,0.08519736227965033,0.5965687705417128,0.2543557746600158,-0.002419953864914021,-0.004830486394638363,0.014617516184443728,0.016325540313720636,0.010707083239948284,0.013528031647259338,0.016029889904076427,0.008102720901813498,0.010994045059716817,0.18533259701519303,0.13063846642134505,0.18692872917933367,0.18620429115237264,0.19119906967451847,0.18943770219186523,0.19064579808512774,0.885797482072587,0.5185702343427845,-0.006136286888495368,-0.007758546889997064,-0.019636814184363142,-0.01993105961016878,-0.0178642896848657,-0.019286083889042707,-0.02067730131091661,-0.01345264515139111,-0.020231607383235123,0.19229219088569802,0.16168858886601192,0.21615896865910736,0.19988437971845635,0.21473088156668796,0.21093127598157815,0.2177964578876926,1.0,0.6240807046496573,0.00614489136804043,0.006132644002394882,-0.005229368025606376,-0.006713571804859465,-0.002359704857255005,-0.005091907915787185,-0.007591243935685837,-0.0031396341559493538,-0.0029874319620368348,0.196815725355371,0.1405701556666883,0.19366037576173475,0.20170807326940676,0.20269856156749003,0.2018996934664857,0.1843460536716009,0.9254259012446214,0.7150624153478866,0.006754273644226384,0.015320203736440639,0.004796986446345365,0.0018600329013080683,0.007115301923563688,0.004581407563069117,0.00542804315644004,0.007694007212486351,0.009360579028365993
avg_alpha_power,-0.01932764614962211,-0.015848705886246178,-0.030557717245829247,-0.005861596758310916,-0.032871106241408314,-0.008624085409721862,-0.021541509851524598,-0.005524117474505415,-0.02298754603667464,0.2554634221499537,0.24911062176783033,0.2716271676355867,0.2773814577611951,0.27122263867842983,0.2675902107106338,0.2675384943808741,0.34097873601313294,0.3102219153941548,0.28852445832244794,0.28048342377455526,0.2747974188276304,0.28445075307959594,0.2774457552023971,0.2769102854618628,0.27446829504398446,0.31535202550175495,0.36553480874190025,-0.1556689622969783,-0.1740352608280309,-0.12670922224520237,-0.11627788638614733,-0.14419707224339504,-0.1245141101248759,-0.131220407555488,-0.16736978862359472,-0.1843057175949062,0.11721803149987056,0.1250497507960153,0.1039309963235654,0.11967908684886196,0.10892223494357588,0.13178064522294355,0.1113279164030179,0.14841337986192416,0.1512146986260801,0.3166556841822576,0.30291731850777825,0.3286182266079366,0.32801763284681146,0.32660485633759345,0.322859956902054,0.3174971703607696,0.3821664339935883,0.3546597131038227,0.07528146952370073,0.08264185632416073,0.06887269045949078,0.06334463767677338,0.08925053020128669,0.0590107182908756,0.07032416428087351,0.1292793183692205,0.11599401805950803,0.09905148544165551,0.12597626074384263,0.11220608730841904,0.11148085881649726,0.12984061875397382,0.08563618660273126,0.09434582746778454,0.1882832446306658,0.20491689094043786,0.3143961379090967,0.32687057803678915,0.30214763213770846,0.3128235249925621,0.3080397351999497,0.309424565838341,0.30519712863628706,0.3772774473476766,0.38439980813691743,-0.0216457840158415,-0.021014136109666025,0.013568330782674148,0.015008297271366912,0.0070357605492146974,0.010004676869622817,0.016431293395415644,0.010279973578705802,0.004865548496191188,0.806837069057949,0.613047683617437,0.7678001926226963,0.8012289218299936,0.8104440515237898,0.8056929086227668,0.8035987613065435,0.5839915352804451,0.9001480550204125,-0.0013666553263563678,-0.006518795038818413,-0.026829143120715125,-0.027320406080194082,-0.024371588496472002,-0.025339665144724483,-0.024665196066878378,-0.019200406182437457,-0.025512902599201033,0.8607635172964904,0.738720840353409,0.8388866593580738,0.8705437929040762,0.8912585588789851,0.888487109421979,0.8835637863535227,0.6240807046496573,1.0,0.032232484097466055,0.029063696662987394,0.004775463276727557,0.0037560023641698584,0.010737399343767665,0.006755447922162654,-0.005903316958822469,-0.0027046256045346675,0.010220867740233328,0.8076001055843404,0.613943600741388,0.7178850829820898,0.7917799071103869,0.7712462570469661,0.7759941433885716,0.6942498627935855,0.529305988442919,0.8685998239686311,0.015440558190406078,0.024093255531066626,0.005191813097914989,0.0038151946143830952,0.008327005221087147,0.007850233623704251,0.009623797786303933,0.011433361652482838,0.015296205011118074
Fp1_alpha_relative_power,-0.020937888616970685,-0.04850320209566825,0.1827582526709825,0.0693486329458,0.07878432123920037,0.03740750992297608,0.09847995727814855,0.039445775714423995,0.08058097344882618,-0.036775906149753186,-0.012588763515048671,-0.01379246779588673,0.07013903790901725,-0.05687798993494243,-0.008795962543041646,-0.07379610282273548,-0.06362166929009155,-0.030527090693205687,-0.029697190534458788,-0.03160822300456639,-0.024185847032271293,-0.01417898483218839,-0.02734516118828871,-0.025386339322892876,-0.02952967773653153,-0.02539549489400459,-0.0323065293130871,-0.007474006881647512,-0.042948926981087744,0.18186673340133017,0.0510132029144508,0.0960411730171584,0.039635322757611384,0.1258791221881232,0.06757309145821382,0.09194409432135484,-0.028629928804597984,-0.04301844441060056,0.1544838675736253,0.07471370754114717,0.04555391863757469,0.025591653580550135,0.05178948791387402,0.0017408027364935353,0.04660883133222884,-0.029125348688700346,-0.0104819756404091,-0.021461351847365893,0.03495518849523843,-0.06053204570126245,-0.016259096569307893,-0.0853830598974018,-0.07408441840918616,-0.03724003630039679,-0.07215537574395421,-0.03583040751959605,-0.2290329854978077,-0.1804441800900064,-0.14440136760217193,-0.08952765415753489,-0.11268307295507034,-0.10052649218672748,-0.17642748872909858,-0.030728934120161117,-0.009656996795965305,-0.18972447077331,-0.166987614811647,-0.11352920131108121,-0.0634734597397963,-0.05475434974831896,-0.05399756858673785,-0.12954955187175773,-0.025651333599486376,-0.027656543327831427,-0.022497264212435624,-0.021495342954169043,-0.02358641898083324,-0.024061429968891674,-0.02444666936161459,-0.02333438236825369,-0.02802056580133613,-0.7353180933233622,-0.588451620218391,-0.4812790850412892,-0.47621773987990224,-0.5212294018295324,-0.4845683612003631,-0.3131395006384922,-0.424791192557858,-0.6005422118930619,-0.0075411601681509045,-0.010321473472928184,-0.0052754079186020306,-0.004191860206703192,-0.0062929851621705965,-0.005243158525903204,-0.0035986037889987115,-0.00783480084071293,-0.008621525889291744,0.17373476575315994,0.09772140717952327,0.01434678173785935,0.05187482471908394,0.014896488802030457,0.05063898359442849,0.03270156839180342,0.07629376614624368,0.07610584558035677,0.03076918553707751,0.026440497074381727,0.0437878016048471,0.03445495342164002,0.04468288765118869,0.036567486658207714,0.030760644872409437,0.00614489136804043,0.032232484097466055,1.0,0.8257845676048361,0.7005498578833795,0.658644101674853,0.7552441902848617,0.6751486596717605,0.3779289917634184,0.4774107404905442,0.7851615608846768,0.009472895558011117,0.0041152660823411775,0.0294909965715805,0.032718679227426446,0.03339825974769797,0.03260683556283111,0.0323084686968301,0.0007223388102206554,0.018334354230854083,0.3415374275669318,0.2546695072497913,0.3477106303044987,0.369339131383187,0.32335965672317296,0.33332808630032584,0.2557768848655529,0.28282974514583126,0.4028407520886334
Fp2_alpha_relative_power,-0.013949507518424897,-0.04661577208672309,0.23701454594560753,0.07591162540756179,0.10793097655002691,0.053831674938626534,0.13650436594780116,0.08825473532296946,0.11702119777370792,-0.026660171342337072,-0.03390438276061869,-0.03121422540169166,0.0494468628627576,-0.07168792363121552,-0.025074987490273485,-0.08625905195436406,-0.0767816866478289,-0.04533694320768005,-0.02808643500560587,-0.03413796479176948,-0.025739369054338747,-0.016208373613763018,-0.02899932543988848,-0.02823447298980503,-0.03140167437890934,-0.026534377342386204,-0.03410056721815184,-0.0015512346855917824,-0.03011812633358223,0.24148881658788504,0.06529262996168093,0.13056546176162637,0.06324240648335806,0.1694634804658893,0.12339388340723123,0.1354276489775722,-0.02038482083373263,-0.05081433876784827,0.19545822117635853,0.07227794657134418,0.06388271633619197,0.03192439208081553,0.07791066362443184,0.03560226304776394,0.0676594432865727,-0.02473339058016057,-0.031172367257800475,-0.04283505656009714,0.011911929241010782,-0.07969498632936663,-0.03735594976007974,-0.10362676632217717,-0.0931068379780836,-0.05598791829973054,-0.10079949384305673,-0.07861970667648557,-0.29969222026767767,-0.2517719144966633,-0.19433819008884687,-0.13132630787822236,-0.15108795015270968,-0.16962730916837254,-0.25162398550316134,-0.04491477842675674,-0.025678259663663366,-0.23463590272727192,-0.210844459548359,-0.1474563816065883,-0.08645316634908695,-0.07342247336229335,-0.07478191004994829,-0.17069616659495704,-0.025044280438601026,-0.029549961168568912,-0.023362400450048917,-0.02242575464749517,-0.024650003256063105,-0.025747643694965867,-0.02620827881735136,-0.023459931957242035,-0.0290043669382131,-0.5361323938615401,-0.7378410676276116,-0.4842429343341349,-0.5051231118268437,-0.49823555312113726,-0.5040994285300041,-0.3627506417390244,-0.4595695580484371,-0.6113030790571516,-0.00976560140431909,-0.011086453190622944,-0.009591399670615007,-0.008563495719027236,-0.010763175414177657,-0.011169339223440272,-0.009438503075409308,-0.008740876153145687,-0.012297937403903619,0.0664482086147128,0.15116392949987484,-0.015660514032709728,0.029571264086625824,-0.021863320815990277,0.0218013973606798,0.0053435989762600986,0.059692070897116846,0.0423997913915041,0.0255381843725195,0.025458319852952487,0.03950177516578871,0.03230727771656085,0.03872173445061353,0.03344083103571162,0.02574305202803325,0.006132644002394882,0.029063696662987394,0.8257845676048361,1.0,0.7315997508485891,0.72273418123543,0.7528270451088069,0.7329873493909506,0.4520659011928825,0.510318871702045,0.8257163482307966,0.004222637676870992,0.0026155403188804455,0.02210698161809617,0.027423579377421164,0.0255318189040587,0.027348069587374527,0.024090469986354897,0.000386765579398709,0.013912177579144563,0.20027502990083065,0.32848999756040975,0.36994165928222383,0.4075139087962008,0.32886012037125534,0.35651058509039746,0.3428190066479169,0.38366273645277726,0.42895199001951273
C3_alpha_relative_power,-0.0050415437424644926,-0.04132042679223656,0.2566474490670173,0.12917184643555266,0.14133920381732193,0.11114096912254368,0.14854572131022603,0.07903305605231015,0.14655230341827846,-0.052781473640281115,-0.059207564160178555,-0.11752697735858518,-0.03607846664407725,-0.14473823873892105,-0.097631895544686,-0.1654458781216395,-0.1301982527322338,-0.11379779704495184,-0.03703845358820693,-0.04295354599910132,-0.04397287822939576,-0.03412814290172093,-0.04456010059962107,-0.04340059787869667,-0.05056039561474476,-0.03621290551066234,-0.050484575603354113,0.02362441865781555,-0.0044049747121859785,0.29351592449425423,0.14881685787328666,0.19488768559355807,0.1485201160957296,0.21726312515902144,0.14727895639629668,0.20290268319533883,-0.02683038965628828,-0.06228978911426721,0.18264330836268608,0.08885293356936476,0.0634351705645796,0.05341339366877722,0.05775349375850905,0.0007072490570204375,0.05850892007421519,-0.05975506780150813,-0.06785095081632758,-0.13349641056507977,-0.07953985113187652,-0.16138851432084114,-0.1153427112834694,-0.19109062845823835,-0.165486267276798,-0.13294021639231016,-0.15351074843543386,-0.12495042403107534,-0.3514960684285865,-0.32490191665728557,-0.2707820540747405,-0.2250020995838039,-0.22250000767973835,-0.2121533323123705,-0.3415727683863355,-0.09478858391523376,-0.07309363148248324,-0.2727242372614608,-0.2697153863688125,-0.20319875352238004,-0.17584907430463848,-0.13357757280962848,-0.09651197708595517,-0.2445273701804319,-0.028983211244312117,-0.03369950057667709,-0.03423968264660459,-0.03278255595311735,-0.03370428266357818,-0.034212700969915785,-0.03780394652634711,-0.03194797747019377,-0.03884264067529675,-0.4531212669942635,-0.5159026936446601,-0.7143186579903598,-0.6304758778103038,-0.6551431302159028,-0.5932509843422765,-0.5147661864606135,-0.5688742498006784,-0.6979478026934903,-0.014127263055178847,-0.01620376884266157,-0.0245982906332029,-0.022993067856931542,-0.023112408148836392,-0.0218122861600792,-0.028937811450925485,-0.017139628142461956,-0.02549303011090377,0.05111663210869252,0.08476768534411461,0.06690066303817466,0.09813146891654985,0.038574977363984624,0.08289952859861774,0.048000262202263874,0.0946663626756893,0.08924319680941607,0.01560506086073368,0.011706182423397583,0.01107386893039128,0.0062702561099340255,0.011185664170557948,0.006907132224143744,-0.004288809445912622,-0.005229368025606376,0.004775463276727557,0.7005498578833795,0.7315997508485891,1.0,0.8390582034979471,0.9247330491817178,0.7990442783409131,0.630666111712298,0.6272091715415083,0.9140901346221012,-0.0050850244847736,-0.008479107534364537,-0.006572927576432977,-0.006753157364793426,-0.006853274258342994,-0.005100893876639862,-0.011443175900998376,-0.0080039894497725,-0.010348521430596948,0.17282973141940242,0.21373862380327527,0.4837358840673681,0.48316479506507765,0.4122875988945632,0.4156158997561545,0.4113644827906846,0.43465859638543375,0.4627038824107887
C4_alpha_relative_power,-0.03685354966242202,-0.08828067649397704,0.2680138324863446,0.15835938084950235,0.11324633833071758,0.09185782587437433,0.11779416157877946,0.05884347815824248,0.12617462087735873,-0.051857587178962765,-0.0591586224438293,-0.1143360927722108,-0.04740624086325834,-0.14217673974889736,-0.09876755125707591,-0.16579469466736577,-0.13285502561241525,-0.11512859499628848,-0.03788548713835816,-0.043956893379505556,-0.0446466179126159,-0.036216653719418464,-0.045360567328073004,-0.04498347295960145,-0.05165554266413061,-0.037985807333977654,-0.05219717527474413,-0.006484452372942956,-0.04890477836447488,0.30463042213411917,0.17988666300481573,0.1694807028283372,0.13215298245967186,0.18849808889239933,0.12925251740767532,0.18574651706023274,-0.054791646428122294,-0.1000318214883426,0.19187834021371925,0.11093377976623005,0.0375536142488284,0.0340866723899534,0.029883974893519384,-0.018260114979507216,0.039736173310799566,-0.06402662689227182,-0.07083160573643452,-0.1351134140674633,-0.09118278303925725,-0.16376129309249465,-0.11984801464648519,-0.19374227517136433,-0.1697919654298772,-0.13752390911813114,-0.11958907365947694,-0.091079910782813,-0.3694609467560869,-0.3487473609007968,-0.24925487677669467,-0.2024580083508867,-0.20391343088931543,-0.19788296349283246,-0.3242923705965837,-0.07858497136383157,-0.05235175267372294,-0.29986050199504555,-0.3001825076945382,-0.1889755743881079,-0.15535978781059492,-0.12635215371253497,-0.0941844315655092,-0.2408828928118845,-0.02965747023253382,-0.034525305747417814,-0.03502856464321801,-0.0338408994929805,-0.0344558229272163,-0.0355083012301145,-0.038754771122622426,-0.033828499250484485,-0.04020453777711792,-0.4263938155447046,-0.5097348920468622,-0.6027881522354195,-0.7128920804889327,-0.5634445206736587,-0.6535356842393834,-0.4932001196557115,-0.5868875114150495,-0.6839081584316978,-0.013692727968566172,-0.016229031441212904,-0.024915945998303476,-0.023248221922934777,-0.023207309909455198,-0.022573396660388427,-0.029213245120731392,-0.019035891899269634,-0.02642685504870384,0.0366468798669113,0.08525164524241488,0.04772554320283808,0.08640341566320774,0.03044260636478875,0.0674416270442234,0.04428116315482973,0.08881694274712114,0.07680224328339928,0.015111305571210853,0.011083710617757047,0.006914095200109606,0.009481795846888916,0.00759030627954482,0.009566743392889142,-0.005018862965516091,-0.006713571804859465,0.0037560023641698584,0.658644101674853,0.72273418123543,0.8390582034979471,1.0,0.7818733595785933,0.9297045213850399,0.5990501117604009,0.6543792323942352,0.9043522161833741,-0.005742478488191195,-0.00916364072865518,-0.008169947717015447,-0.006218729761633184,-0.00821984095619452,-0.0052515460309282445,-0.01155825501817555,-0.009969728040554357,-0.012007947720467047,0.1798760349010382,0.20919903526124625,0.4456447981503513,0.4924452063463952,0.39095835318899375,0.4118448799215903,0.41156850008466267,0.4493239405961827,0.45771822484992997
T3_alpha_relative_power,-0.022606870172600334,-0.059191805208057426,0.2487997398978223,0.11907103415496074,0.12382841257869909,0.07269468211231893,0.1390262601252864,0.06599267332967063,0.12527239526269754,-0.04645794157623937,-0.04663290394208129,-0.09181695308168308,-0.011124952282083161,-0.12612915802330546,-0.07363597857391142,-0.13877923190291822,-0.11590151166664639,-0.09300754007236336,-0.03611985921487298,-0.041474724582750006,-0.040811786610632776,-0.031148560078501347,-0.04228383492746083,-0.04066341544267495,-0.04741468143265289,-0.03573967682870155,-0.04830944920948602,0.0036117944740544105,-0.027646151839177218,0.27737560723779164,0.1308524263102709,0.17138186480870488,0.10416176478020936,0.19717164323987627,0.126037592450453,0.17276466574811647,-0.04039683742965687,-0.07213702785951422,0.18307200819427535,0.08751803828705472,0.05408462336169734,0.026832763468886453,0.058538062367067996,-0.003453341408966654,0.04928024347804596,-0.05610019480866785,-0.058026572475079634,-0.11062926345165652,-0.05673502507425903,-0.1441823702589831,-0.09450670251466495,-0.16495327323861037,-0.14689846593670403,-0.11380990907837674,-0.11667218222130193,-0.07883259897858717,-0.3302198804194185,-0.3046254472838755,-0.23373461521267883,-0.16915408192601564,-0.1854601356073924,-0.1756574042823182,-0.2900292129201712,-0.06422727318665701,-0.03616064181815941,-0.2619156459736884,-0.2589000261428426,-0.17928886097630486,-0.1250696679250525,-0.10562748340225551,-0.08412869125427234,-0.20842218550701008,-0.029986734412878528,-0.03434719367188105,-0.033941846641452,-0.03251263857534057,-0.033942700927619175,-0.03429010547056416,-0.03766583900043341,-0.032259653545219744,-0.03908673208766977,-0.5064478593225555,-0.5412271295579648,-0.6643796531766041,-0.6028350198265708,-0.7232386156514562,-0.5917283950224226,-0.514849948787061,-0.5676120220732223,-0.7073711344235819,-0.013880948784655841,-0.01613729888817154,-0.022637880009924696,-0.020839683498418,-0.02170569388076488,-0.020230019676016172,-0.025997337830327722,-0.01588102299949585,-0.023759111260747087,0.06822708445548543,0.09860707547607502,0.06842951286589302,0.11411001315665516,0.07023089704781836,0.1003944051386265,0.0711191809378462,0.11971970227498745,0.11225288093126205,0.01819167960219864,0.013725502426515417,0.01744672117729468,0.011660038186513363,0.019632158485127605,0.012481091719225667,0.005123640286355917,-0.002359704857255005,0.010737399343767665,0.7552441902848617,0.7528270451088069,0.9247330491817178,0.7818733595785933,1.0,0.783407808759689,0.6233506160639554,0.6162932137924804,0.9104840981291853,-0.0033463949776882445,-0.00704217985241922,-0.00034544921926422495,0.000782368116575822,0.0010429389739225667,0.0025134929956728497,-0.0020381532931644302,-0.005596401264928342,-0.004522310313456441,0.2160458639341454,0.2311827867063173,0.44537809207069945,0.45235538811956577,0.4337819237493411,0.4006982734114181,0.3715501563845653,0.3969898564841688,0.455998597515571
T4_alpha_relative_power,-0.04923608678240045,-0.10136633459878495,0.23629669184588348,0.12138906641850694,0.10333794496245158,0.05936801263861998,0.10939376947275074,0.028347579993526384,0.09579314637499876,-0.05494915821979955,-0.057148163380121596,-0.10414073825604736,-0.036720636260701794,-0.13466951341417127,-0.09529483391884572,-0.15593422067502122,-0.12787038154926875,-0.10886668826512629,-0.04003192952355178,-0.0456910323204402,-0.04513028543730391,-0.036653288442658145,-0.04615017591290318,-0.04670838131317813,-0.05213432023572465,-0.039379482006268215,-0.05370581610187255,-0.016895387614343536,-0.061550243886939415,0.27072212932081435,0.1420672362849192,0.15729580671249718,0.100996684428376,0.17545659225308693,0.09591553815463259,0.15417722868673434,-0.06681344832101933,-0.11071166768592074,0.16660383062044773,0.08001607627115756,0.031212572357689632,0.00597136037406445,0.026486101509705245,-0.0414921707485496,0.01747573731231988,-0.068548944486416,-0.07162638553572907,-0.1258808229320636,-0.08269053609183365,-0.15682799976013415,-0.11731247261260665,-0.18217664929429805,-0.16234634773924522,-0.13189913143068124,-0.13665452079569199,-0.100051975754268,-0.3398704217765271,-0.31148629645708975,-0.24180731936063507,-0.1738738695252712,-0.19937767945575782,-0.17587289253943011,-0.30432073349836686,-0.09215794410948312,-0.06349095063044442,-0.27347482035639975,-0.26833504206384834,-0.18735084987710116,-0.1283493533318842,-0.12745606670071213,-0.08992985569399263,-0.22857746409892504,-0.03119265829526721,-0.03599936376957532,-0.03552551858794424,-0.034339003082907556,-0.03524929616984717,-0.03679579390531158,-0.039326838108909856,-0.03495432579772584,-0.041364959325672974,-0.468197300136113,-0.5425894542603312,-0.604020254013686,-0.6953751721703668,-0.5940079291248886,-0.7336970497133645,-0.49932926083114143,-0.6058154846522478,-0.712639930164111,-0.014747470066232414,-0.01721627546928158,-0.024276949457623553,-0.022953412769697097,-0.023102022979139672,-0.022871361324510727,-0.02758649451888473,-0.019149514732736305,-0.0264792506034335,0.07662620025614902,0.11409308314121962,0.08545687185289087,0.12303785737426128,0.07215655379271779,0.12097355375697562,0.08484709774805749,0.12424743500521124,0.12655452877796997,0.014424170941014535,0.0105588360094631,0.01111798780229147,0.01188459352930569,0.011463078529805033,0.013977845063734815,0.0011769885570045,-0.005091907915787185,0.006755447922162654,0.6751486596717605,0.7329873493909506,0.7990442783409131,0.9297045213850399,0.783407808759689,1.0,0.5801982892088654,0.6610009806668967,0.90015718515582,-0.006193981193814066,-0.009376930040405289,-0.002150992914112583,-0.0007754310587499574,-0.001494003238980694,0.0017332506542691117,-0.003765818085765692,-0.00950624405281194,-0.008392965905436924,0.21251609040746222,0.24074056432202173,0.44231238290678854,0.4785769307490941,0.4048068057265506,0.44568673158998695,0.381575613667844,0.4231337272544568,0.468228980201952
O1_alpha_relative_power,-0.02820915059694944,-0.08980776769134059,0.13610497948257316,0.14759639538977742,0.08181622906308192,0.061480565452676626,0.045645484555246814,0.01165927780688329,0.06872191093719178,-0.06860247675467412,-0.09592917224295118,-0.1485567913112871,-0.11175364359990919,-0.1603289782888553,-0.12638900902790778,-0.1749864287104174,-0.1485981696682114,-0.1449911741702542,-0.04417390495689225,-0.05220929898554675,-0.05238240902085701,-0.04751447662382457,-0.05209361574073052,-0.051797424875695657,-0.05891137646064081,-0.044443154367267604,-0.06138584223645439,0.013732764086810704,-0.027400336406838928,0.1910132848781114,0.19086175935918992,0.14801434026078553,0.11670838934454604,0.12143631925956401,0.08987399744940562,0.1474619378154836,-0.0573755150133667,-0.12171705958678708,0.061957920168806455,0.08035482179126978,0.0015229387905143698,-0.004886290381378928,-0.034691737910276875,-0.06479255678289329,-0.0204483255607195,-0.08879639296010938,-0.11545318641587622,-0.17124033451275278,-0.14925382660124356,-0.18459447778310423,-0.1506600962729739,-0.19937374363844423,-0.1858299504367517,-0.16868945868786914,-0.15371500330678564,-0.13635288547967744,-0.23736975038623057,-0.33318990330620063,-0.23397609684951753,-0.16122566664243118,-0.16365064168909807,-0.1784536261765887,-0.28515141848862413,-0.12172561135820557,-0.09720293421922256,-0.16452325270631515,-0.26764700471503167,-0.19211285585573323,-0.11808266609381556,-0.11561165721889845,-0.08960764246196418,-0.21146646199334182,-0.03308609631858777,-0.038970893073261126,-0.039119293584893175,-0.03752932845906618,-0.038705726848554646,-0.03924069211553853,-0.04471353435196762,-0.039240363519809786,-0.045519257375715064,-0.2884939997076631,-0.3947287828531227,-0.5151898984411121,-0.5068013522229273,-0.5020821006964807,-0.47878300093536996,-0.7570668281889017,-0.6580137709165791,-0.6220404546720769,-0.018657579144537754,-0.02067519721354984,-0.030720870946639948,-0.028961530529427282,-0.029287230499876762,-0.027527096598065483,-0.03637608394011499,-0.02340558048062465,-0.032992511797910844,0.04753538874342708,0.12423059798319003,0.0915732416512713,0.11675312076806094,0.06635541069872707,0.09881252447259982,0.0556342205238242,0.09431725227239317,0.10975043377814708,-0.0014779104099270671,-0.006348220522697493,-0.005815624393269704,-0.005090393531413381,-0.004860585525635493,-0.006057695866721445,0.009931713339294726,-0.007591243935685837,-0.005903316958822469,0.3779289917634184,0.4520659011928825,0.630666111712298,0.5990501117604009,0.6233506160639554,0.5801982892088654,1.0,0.7511924270657961,0.7597317445203355,-0.0122529146865899,-0.014279743437368975,-0.01181227544955886,-0.01059166826544486,-0.012460121623645754,-0.009466626038249335,-0.012115663365412657,-0.012607207411054772,-0.01663223397471381,0.18371592527318112,0.23121273510130236,0.45102677137398495,0.46250783443243204,0.4149487032542134,0.393945105623432,0.46003638667406943,0.4647452024697908,0.47058910138856763
O2_alpha_relative_power,0.003879182588882085,-0.061321000185413824,0.11241461894960852,0.16679159530786258,0.07990139479583921,0.08598308605153264,0.03294550424264122,0.010527410425374651,0.07708780452509628,-0.07047198668903079,-0.08179065370573488,-0.13361054834843153,-0.07726716933716149,-0.1532837912394012,-0.11448740042234547,-0.16754753377310821,-0.14902909664292918,-0.13378454407340556,-0.045766362589795634,-0.051240292742176466,-0.052249648651863795,-0.045046784069591804,-0.05228914607851973,-0.05224305462784381,-0.058759612285761556,-0.04489914882792656,-0.06138577390618989,0.04291960064802227,-0.008242040692139336,0.1620191292618768,0.19785799034414198,0.14193646228177437,0.1332713494166584,0.1053428537236508,0.08623134987301892,0.1479645174699506,-0.030120423223233,-0.09189107442996199,0.0467408933434406,0.10880805013221541,0.004664609663311611,0.023211279082877463,-0.0427046193979737,-0.06517644716170623,-0.0076197160910711215,-0.08446141517120112,-0.09850549624710365,-0.15386503776731936,-0.11886251543932261,-0.17275491975746235,-0.1351622982322177,-0.19038114723231786,-0.18221360212681076,-0.15450146529684028,-0.1374269773940622,-0.12412227267099192,-0.21593633692105077,-0.2762224561119616,-0.24152641509072864,-0.16637807511240016,-0.16812378787209806,-0.19546667207268115,-0.2740692877549642,-0.12481626617487007,-0.10552567036879877,-0.16023801381644473,-0.2372129921593533,-0.19798512510963512,-0.13199265874689942,-0.12900412795349678,-0.09330923407684973,-0.2155657015512851,-0.03342083639255185,-0.03796388374987718,-0.03860652595123041,-0.03715184988829979,-0.03816705508313456,-0.03911309962154613,-0.04354199620641143,-0.0402172838780354,-0.04539529966130642,-0.3652067467578724,-0.43053595134381206,-0.5019702297757397,-0.5332755452690349,-0.49827732107331374,-0.5277680144653407,-0.5802710609769364,-0.7838458040410373,-0.6388601715314552,-0.019210964733248244,-0.020740550934607877,-0.031229383046266414,-0.0296931911977551,-0.029736474215057672,-0.0284234362560172,-0.03690771448368782,-0.023755673361353844,-0.033579404201313064,0.07991650756222872,0.13164320695375334,0.07815614463692419,0.1102636099160887,0.06619875091253093,0.09637639090496121,0.04943815651916914,0.05486626295596791,0.10394551660366352,0.001813076310777499,-0.002444765581816521,-0.0036082910162807276,-0.002583704781921652,-0.0030007557897261433,-0.002727515793455615,0.001632527836428298,-0.0031396341559493538,-0.0027046256045346675,0.4774107404905442,0.510318871702045,0.6272091715415083,0.6543792323942352,0.6162932137924804,0.6610009806668967,0.7511924270657961,1.0,0.8015123188006831,-0.012064214562918021,-0.013909184028353942,-0.009112370581006099,-0.007574264923507131,-0.00881590113358876,-0.004539646810082852,-0.010910440622974473,-0.011754693579035984,-0.014470773628345247,0.20567532101522287,0.2332249170882063,0.43955850355608667,0.4645791642916372,0.416122023160219,0.41951863292455993,0.37393077859422813,0.3860872418317105,0.45416040992296464
avg_alpha_relative_power,-0.02457017701266143,-0.0797207592073354,0.24172319976344925,0.14924389942854555,0.12129892598787606,0.08567558763626702,0.1176466388630001,0.05379300339024312,0.1217618405807548,-0.061914629386489825,-0.06873142497207,-0.11603639434046788,-0.035912447532717315,-0.14954676790753405,-0.09845029520524023,-0.1698106398593961,-0.14252499589387546,-0.11990274504126867,-0.04477597338041338,-0.0514429100854949,-0.04965430725819344,-0.0397935821020306,-0.05099131293075641,-0.050204184701671276,-0.05724073360471041,-0.04365373383267861,-0.059266600461058944,0.009669789781088192,-0.03567709405117403,0.27986757041109894,0.16885952191119766,0.17896810947570285,0.12651295709762012,0.18892629201598143,0.12684281977165762,0.18331782965710866,-0.04820433530448085,-0.09837163789187678,0.16757519413850525,0.1047648646654583,0.0419841883760084,0.028142112051484168,0.027968804634760074,-0.026584659138242196,0.03368594226141876,-0.07262317727777005,-0.08097390784615498,-0.13703752278565948,-0.08470555049791423,-0.1698332766494409,-0.12048424373339126,-0.1969232861200207,-0.17789810716714752,-0.1420559464491232,-0.14835996814960214,-0.11675097237801998,-0.34600890396494033,-0.3461992752360869,-0.2692144526546373,-0.19588945022933082,-0.20794458025124268,-0.20936398186780103,-0.33304061079556924,-0.09997888189757938,-0.07222785799809005,-0.2696795598392415,-0.2935128496522371,-0.21039964248159265,-0.14665595492560457,-0.1297521095018633,-0.10077463627281975,-0.24518806203573523,-0.03529999214395442,-0.04063742478188506,-0.0393169407776811,-0.03778279735043354,-0.039282639932066175,-0.04023897859909556,-0.04389161573322894,-0.038933844863190716,-0.04603875958588991,-0.544219715484112,-0.6182059481364476,-0.6717816094592576,-0.6855476899490622,-0.6689167936605594,-0.6707407043253797,-0.6089332269736305,-0.7001518543723831,-0.7774229618529,-0.01692790321842027,-0.019402846220018692,-0.026510834653017606,-0.024749581755511115,-0.025531942737031632,-0.02439448981000462,-0.03043778385735333,-0.020543896217341186,-0.028922054605702106,0.086732467831422,0.1319086724615488,0.06748137781162587,0.11016459744353432,0.05220188472273768,0.09628474782580305,0.05843281642585807,0.10420633978387864,0.11023875289846699,0.01642520503895393,0.01195420810340623,0.01586409873044859,0.012963111191884357,0.016620201230502802,0.013707475202973664,0.00892885415186233,-0.0029874319620368348,0.010220867740233328,0.7851615608846768,0.8257163482307966,0.9140901346221012,0.9043522161833741,0.9104840981291853,0.90015718515582,0.7597317445203355,0.8015123188006831,1.0,-0.0053718049032848905,-0.008894868623072706,0.0006340553537708179,0.002847192269163394,0.0017811494265901004,0.004537889419116391,-0.0007644858862731122,-0.008807266136505192,-0.0062324592498212905,0.24983089899813427,0.28492671479350895,0.508014578547894,0.5348683264344942,0.4642066200437412,0.4705941094414364,0.4478662095901819,0.4778901794699044,0.5327305935729663
Fp1_beta_power,0.0004741391289057992,0.0006418887855308993,-0.017139717472701016,0.00992982607778717,-0.003190526188792926,-0.005088179398211235,-0.006527807317801195,-0.00811380694214629,-0.005418249013417753,0.289918611750816,0.2629068557555837,0.28462152674424673,0.286576459224011,0.2882413981607687,0.282670938985988,0.274700030251969,0.16936416796295173,0.2876001156588146,0.3347630519674192,0.2902347396527133,0.32083102228114196,0.3229959167434154,0.32371182587842123,0.3174684642702988,0.31145426929018244,0.08946013608000337,0.29963752686248446,-0.152832253599905,-0.16582906010238457,-0.11650371075462791,-0.10492253462255274,-0.12183105117568255,-0.12650934219506607,-0.1191190081739793,-0.10086140423127592,-0.1604450407202764,0.15504906059236773,0.1512267127660902,0.13027404889888125,0.14412228161907628,0.14901998314445453,0.14883989314248267,0.13470114640827488,0.10771288444062478,0.17219278125112597,0.36260163628012526,0.325638385969322,0.35361790431769274,0.3467820131582468,0.3517104088139587,0.3471802150047955,0.3347128676337731,0.25407621876878606,0.35516201590851704,0.07183441723896491,0.08360511971739584,0.05906719706502251,0.06356256680109607,0.06627065112849265,0.06533503518813223,0.0593719193020266,0.05079942655972508,0.0913829519509895,0.10349825292874602,0.12865287129665437,0.1099642731307898,0.1262952906911389,0.116210798488947,0.10087470853215569,0.09294619922585105,0.04741271872234656,0.14588428599238598,0.37549182930736935,0.35993570197312663,0.3584904650317234,0.3685369331874953,0.36663766317776336,0.37002853664977786,0.35953073135071517,0.14725541124008018,0.3600481245037903,-0.010870212879428165,-0.0020133561847763114,0.010371979608735135,0.011470594624803,0.00853627434662445,0.010455517253667853,0.014567992294853841,0.01327065879500543,0.008645605162077102,0.8378326097884667,0.5832863330987151,0.7999578901483995,0.8286451661048402,0.8365786303559477,0.8404047711680415,0.8227362866597906,0.21546012800791053,0.7635852700104955,-0.0024276232805861067,-0.005730407736562709,-0.0157280817534548,-0.016043488436426077,-0.01421565095833614,-0.014214630027287364,-0.014825641258446818,-0.013085952017047165,-0.01567983897950447,0.8688985761121207,0.7160703585738162,0.8734936581166696,0.857734127161872,0.8993773578109685,0.8961398057431637,0.8845427048840596,0.196815725355371,0.8076001055843404,0.009472895558011117,0.004222637676870992,-0.0050850244847736,-0.005742478488191195,-0.0033463949776882445,-0.006193981193814066,-0.0122529146865899,-0.012064214562918021,-0.0053718049032848905,1.0,0.7203024302318742,0.8983784968897481,0.9555542045245099,0.9476114669158818,0.9467663861055109,0.837811164719774,0.15612639767372774,0.7529774386265732,0.019634070457417798,0.007607480159309816,0.012072471452452483,0.00986725035799371,0.008848794394258959,0.006590201393510974,0.008387041265160043,0.010275748477768163,0.013841987870490242
Fp2_beta_power,-0.005287706793537616,0.005691763921015592,-0.012968003766563766,0.009340484045945978,-0.0071969785931754095,-0.0017485920261738664,-0.006788640698864495,-0.0046827779270254355,-0.00434715097489215,0.22216880364667288,0.33525587643257837,0.22603095900898149,0.22600479554453,0.2270092245486276,0.22433204556978217,0.2170573848748074,0.13483121867438377,0.24401535474033823,0.23812835034893082,0.4589990995331278,0.23558510011358866,0.23427248631104047,0.2346056064220344,0.23353255237579493,0.22811990088204073,0.06666493495422521,0.24937819297486083,-0.11948108671003106,-0.20745270911410324,-0.09105950126924553,-0.0783321856518333,-0.09869770694979751,-0.09523642160930121,-0.09377903436313251,-0.07771008906068318,-0.13428736562360186,0.126267946790278,0.17785878449269155,0.11386555488354104,0.1253331450150109,0.12393829997146297,0.13095464966432735,0.1151277326055684,0.09521355200012757,0.1542917147362573,0.2900139262176786,0.3943070454221412,0.29424372577906677,0.283832719079585,0.28920048029982137,0.28557717616506617,0.2760618051046296,0.21165874480064675,0.30890158779305504,0.060617322712734706,0.10559440468907108,0.049373977296642765,0.049982048267066356,0.0631500142093183,0.05238877771962741,0.04660780295552159,0.045217294691476076,0.08228392371621232,0.07682645717643156,0.18492464573822767,0.07972922191540503,0.090547203831305,0.09499838666529507,0.07321068986486888,0.06502279636455927,0.039003243703483015,0.12182144829910557,0.27087909873833965,0.5343597697316648,0.2640388438610412,0.26834804240256427,0.26770107237661356,0.2709205594935029,0.26324145233632745,0.10821710505976227,0.29720248852252784,-0.00048534176256133745,-0.0004136362241320169,0.015982918484223126,0.016457606898143087,0.014702439778180205,0.015992987164134963,0.01818872739117829,0.016239828800037923,0.014733874487241477,0.5776111136053564,0.8111584117617661,0.5771695212761093,0.5729114660998569,0.5867317553881923,0.5882304632554466,0.5792873341554642,0.15169669655653503,0.5979812750569596,-0.006560040748175092,-0.008574748183680623,-0.018919763134830056,-0.01923457117478721,-0.01788852262067361,-0.018174539089342565,-0.01734861203248759,-0.015173676476761851,-0.019691017766900316,0.5762884495865765,0.9138606568084225,0.6465802213772864,0.5714615034113327,0.6253236829824024,0.6182906454258598,0.6245425566710067,0.1405701556666883,0.613943600741388,0.0041152660823411775,0.0026155403188804455,-0.008479107534364537,-0.00916364072865518,-0.00704217985241922,-0.009376930040405289,-0.014279743437368975,-0.013909184028353942,-0.008894868623072706,0.7203024302318742,1.0,0.6865374406436375,0.6968545424464612,0.7023279614814839,0.7030908657467924,0.628753878804911,0.11476503020572695,0.6150911665016165,0.0049674269166738805,0.00971713942268605,0.004787161167267955,0.005250571711075691,0.00196881199546918,0.0013997071132466202,0.00495570059246024,0.007832845443800624,0.006888942201529689
C3_beta_power,0.0023099467170383664,0.007351451328587622,-0.02225502725302293,0.004910415308659476,-0.007576261460724855,-0.00414303683963354,-0.014844390652724904,-0.012180658331387526,-0.00894584969201722,0.27838582938726336,0.2542730004862241,0.3255587370855888,0.30684807562151184,0.30851632545784125,0.29908250394519403,0.29933082596554783,0.18622657218234034,0.30420221738073694,0.31594903827400567,0.2794804369644147,0.34649782330973034,0.3183106593440367,0.32297546784857134,0.31388056987048557,0.31441859538040484,0.09140283334730269,0.29942076851112537,-0.1343645463428973,-0.14695341823581282,-0.12843438405503457,-0.10970558509633666,-0.12741020212237675,-0.12629746902480188,-0.13261263028732764,-0.11128531525953765,-0.16385494531820757,0.16843950597667803,0.16801023377755875,0.15949231686022197,0.16139619876621722,0.17025968943521355,0.17384533985715334,0.15273977296739336,0.12293730080041894,0.19648657827895702,0.36035633153294316,0.3277960982400401,0.4133706381019072,0.3776396181980975,0.38698027273218505,0.37894813655269527,0.37647087217822645,0.2856582269318006,0.3863273694031623,0.06722665591222603,0.07936379584756818,0.07230608897539093,0.07531293023426319,0.07865090480929449,0.07132063738385502,0.07252188120733825,0.061772986892578194,0.10265745676032517,0.09601564686807897,0.11774549835350147,0.11569344067031977,0.13288774534627254,0.11734219107158474,0.0996339336514196,0.09767372691150504,0.047462892520670874,0.1461594125535282,0.3612236941056944,0.3508271028888378,0.4053777157926671,0.36549188268767163,0.3680993844715521,0.3673996769658293,0.3636436495827186,0.15056128832152327,0.36412703436346533,-0.03430596809655082,-0.030449848309573833,0.013274096680628966,0.01559948245539765,0.005472426574841855,0.005596026053582176,0.010881525623693747,0.009294864943802219,-0.0002141762965910502,0.6959973465693906,0.49741581092835735,0.7964661704200976,0.7001856874898641,0.737585719411406,0.733314234592078,0.7381752926489744,0.1950300351914945,0.6751898158860302,-0.0038650525291914015,-0.01432356003257346,-0.03126368350092763,-0.03212883026879564,-0.03014574735064908,-0.03120292755064845,-0.025982862401591183,-0.02414271775025475,-0.03136179329115733,0.6773967982129625,0.6157140689783809,0.903094352584264,0.6960228820288841,0.7996909716563022,0.7811535329727939,0.8196196846328329,0.19366037576173475,0.7178850829820898,0.0294909965715805,0.02210698161809617,-0.006572927576432977,-0.008169947717015447,-0.00034544921926422495,-0.002150992914112583,-0.01181227544955886,-0.009112370581006099,0.0006340553537708179,0.8983784968897481,0.6865374406436375,1.0,0.9268883869415024,0.9672651168128905,0.9566798006660511,0.8844058784915626,0.16550370486074617,0.7610854014984039,0.057086732970674146,0.07036062986262524,0.04793923564733731,0.044791871854101446,0.053031368866206546,0.05716779736449393,0.05077913671317245,0.04792917424212913,0.0711953341697551
C4_beta_power,-0.004470629304296503,-0.0039969745219921304,-0.029330058748188125,-0.0012870503073112336,-0.013639566699409257,-0.015022223188154285,-0.02004814993903419,-0.017426200007514624,-0.018464269603480826,0.28263597922128336,0.2542078117191785,0.3117093426601699,0.3173633812022467,0.31123145186725776,0.30297288120986193,0.30337227768347796,0.18773672325776133,0.3059452673949045,0.3251231634573753,0.2770032231746572,0.32264876745143317,0.3241590986846665,0.3251688743241525,0.31445608437618283,0.315007086531155,0.09067478038125071,0.298044713345793,-0.15416274598361024,-0.1682320572537553,-0.1392828827517168,-0.1314087989018759,-0.14203753027439692,-0.1472005206382067,-0.1466551507711743,-0.12224523659717805,-0.18516097773657963,0.14762800825378036,0.14398610092985129,0.1276620414460338,0.1450281133984575,0.14911741159728578,0.1483193400492352,0.13349127225451726,0.10829257107951865,0.16974286189809212,0.35440906154808954,0.3194750485404238,0.3811211533115474,0.38444544488054055,0.3773166062214227,0.37211423822002404,0.36737666722712764,0.27899127048704897,0.37670900111088723,0.07182773817497659,0.08482601728580845,0.07576684330610174,0.08033953691053985,0.08311977921530908,0.08062084147505597,0.07594298949857392,0.06544551970320744,0.1095748282631966,0.10072050924477505,0.12437889252024603,0.12151769551083275,0.13905308635184221,0.1246157447774202,0.11042236516301679,0.10280215426425791,0.05115073409238177,0.1552834884963954,0.3661195467050322,0.3463123878494793,0.3581998195778068,0.366486819530131,0.36610831872576355,0.3650616636975169,0.3603376179032152,0.14828449110835212,0.3566956830745326,-0.03838041220971878,-0.03684829922645871,0.014006544191090363,0.01319530939813534,0.004455880964322052,0.004558907373742467,0.009516956546990247,0.0069278800152427775,-0.0028829351801936973,0.792914638597219,0.552200718366505,0.7702256117574258,0.8002423869619244,0.8020662733591147,0.8036525331485004,0.7929852940333633,0.2094597050123296,0.7322486770052138,-0.003801587504296617,-0.01505580304934017,-0.033322268174002065,-0.03423008359266559,-0.03207685444026029,-0.033929134777594495,-0.02806967679746396,-0.025584788941836113,-0.03349288212547479,0.8167594676501456,0.6809059068701779,0.8706064654708541,0.8413615803053486,0.8817881748893536,0.8770414379952713,0.8848032857366279,0.20170807326940676,0.7917799071103869,0.032718679227426446,0.027423579377421164,-0.006753157364793426,-0.006218729761633184,0.000782368116575822,-0.0007754310587499574,-0.01059166826544486,-0.007574264923507131,0.002847192269163394,0.9555542045245099,0.6968545424464612,0.9268883869415024,1.0,0.9764609929844483,0.9765543256486677,0.8867084231606545,0.16346512945765093,0.7689412960166213,0.06350175378645485,0.08091610830400324,0.05109346610954758,0.05703336592027309,0.05921034433214848,0.06476014032352771,0.05862199814420655,0.05770906462927523,0.08159812334019986
T3_beta_power,0.002944604068058468,0.0065647955469363825,-0.021487525705479866,0.004868280468097249,-0.007899319288207005,-0.003395059909074961,-0.01604963270300957,-0.01259072324812948,-0.009048108620382484,0.288722284548482,0.25846451590145625,0.32262608784226243,0.32036082988743003,0.3217366814824454,0.30997154872462035,0.3114454736961884,0.1937840972281836,0.31358714018270795,0.33125604164780115,0.2847217894831885,0.33638927198097524,0.3318997880411755,0.3353110379441019,0.324398892915394,0.32508071778196884,0.09444482496293137,0.3073904969523912,-0.1444763408487145,-0.15536385697234803,-0.132725239914545,-0.11909669345913754,-0.13736245754409535,-0.13500150231587857,-0.14234128935835652,-0.11811783032831502,-0.1746636023022838,0.1638988771429116,0.16039156627966075,0.1462030239795227,0.15815083224588963,0.16646126371622835,0.16972178156659853,0.14751914055828522,0.1205886833484279,0.18964763497339573,0.36519741572808156,0.32667267892912766,0.39957789202562244,0.385979414159367,0.39447870917639793,0.3844355127079953,0.38138623552449574,0.290322945126209,0.38914886214496297,0.07103614228081752,0.08343723204871979,0.07116279262238911,0.07894968977423937,0.0813579339113385,0.07260757651620889,0.0753733873629749,0.06449534752190149,0.10604029928290874,0.10134516799286353,0.12398243745656097,0.11540122610588809,0.13975792528450243,0.12352042377160273,0.10205166456215155,0.10375546572500764,0.050993686738180416,0.1527080030854025,0.3750558132817358,0.3566431153449745,0.3749958810048588,0.3779732108424457,0.37869066803778856,0.37738602487821965,0.3730295283345609,0.15432655944253718,0.3690568525384935,-0.04112135910279581,-0.03497121798249075,0.014235013424878385,0.016508705853997444,0.0028966905880208403,0.003995395484892636,0.010423656349188968,0.008670902578788645,-0.00236427501973359,0.7608282975050132,0.5348965566125177,0.7758704967521727,0.7667794273098384,0.7851672443920669,0.7841440119834135,0.7798219401337131,0.20715346844614946,0.71564605547981,-0.0034465906642970226,-0.014049404245111814,-0.03429049549466063,-0.03510999708022407,-0.03294367300112263,-0.03389872996629516,-0.02797020055719046,-0.025331674015292398,-0.03369787987033309,0.7667058372337496,0.6617940098610201,0.8915604334952181,0.7872279054870995,0.8626238851334036,0.8483931247573239,0.8710966828888612,0.20269856156749003,0.7712462570469661,0.03339825974769797,0.0255318189040587,-0.006853274258342994,-0.00821984095619452,0.0010429389739225667,-0.001494003238980694,-0.012460121623645754,-0.00881590113358876,0.0017811494265901004,0.9476114669158818,0.7023279614814839,0.9672651168128905,0.9764609929844483,1.0,0.9878447453267275,0.9052612466259715,0.1678899986121405,0.7791969202786317,0.0694542680889284,0.07715302541492124,0.053134513584800064,0.049628153168007276,0.06682403035878463,0.0683389695463018,0.05934252650717415,0.05292706838853094,0.08246853403247881
T4_beta_power,-0.0005417988118780959,0.002061077517968318,-0.0212088794464206,0.005187141457575436,-0.009179435353090348,-0.0071464969692199756,-0.018439652963915445,-0.013949089865129584,-0.011509249752978415,0.29015404729032623,0.26131814927982205,0.3174319886191842,0.31827301597184154,0.3147553291607367,0.3162064388832642,0.3070064593210402,0.18902981580845898,0.31154779268258037,0.33849336759922655,0.29200030084284945,0.3377188407994252,0.33757056558616605,0.3349968689976806,0.336144681490429,0.32700766989680724,0.09297913189036591,0.31084901508994695,-0.14711622484530756,-0.16009122889409066,-0.13027831967421744,-0.11776369861553171,-0.13540366504018878,-0.14100357478590855,-0.14244763669488864,-0.11735897255714364,-0.17543633573533915,0.16041902820126652,0.15698743507070398,0.14411897840986376,0.15696092949384569,0.16244827706097129,0.16845604940628497,0.14330603794244226,0.11715378652877886,0.18604782929459818,0.3634923499209911,0.3270544378621705,0.3931176804465242,0.3824750593380447,0.38667425837042896,0.3902404597065321,0.3756956763926027,0.2849973279360283,0.3857899828373166,0.07397510442981466,0.08756448493499981,0.07078543340030338,0.07870518461616759,0.08272520217460519,0.07872665062824445,0.07639031784766705,0.06560159286381648,0.10875786687732036,0.1041771895462451,0.129009476617302,0.11474248731920678,0.13986680752033567,0.1230492247480998,0.10980872486012609,0.1040233015229643,0.04987028344110248,0.15445489170189441,0.3846595842974035,0.36533459543734875,0.3796784075722168,0.38681815351114485,0.3819449085699215,0.38924292097258595,0.37687358524684184,0.15376420044304748,0.375117208005906,-0.03962128631449457,-0.03609591021232865,0.012096737938583678,0.012473685372149663,0.001076077169683595,-0.0016050496733532552,0.007243051655107131,0.004494288102796471,-0.0055053774920842385,0.7685145362333418,0.5397818771163568,0.7753533109787086,0.7701995714983129,0.7865153791077195,0.7947153173750681,0.7805665297837322,0.2059047353760183,0.718648381481589,-0.004031002440075765,-0.01540105503026692,-0.03355247003422806,-0.034396763555584166,-0.032404032528056646,-0.03385229252275843,-0.028050855005165843,-0.025576599520493338,-0.03367353347493037,0.7778446384297243,0.6682943830335801,0.8889555365575093,0.7955754267595564,0.8636927840252606,0.8625823820243393,0.8728006913693181,0.2018996934664857,0.7759941433885716,0.03260683556283111,0.027348069587374527,-0.005100893876639862,-0.0052515460309282445,0.0025134929956728497,0.0017332506542691117,-0.009466626038249335,-0.004539646810082852,0.004537889419116391,0.9467663861055109,0.7030908657467924,0.9566798006660511,0.9765543256486677,0.9878447453267275,1.0,0.9007302809411737,0.16563878746804855,0.7761660604326895,0.06734226185308205,0.07951404675344846,0.05614450900173344,0.05839443220267206,0.06934605532229973,0.08297659801154793,0.06511988074441742,0.059537855082596305,0.08856129784377303
O1_beta_power,-0.009220786786962488,-0.006174723783776513,-0.03164230308484024,-0.0019054554453623847,-0.02180457347231226,-0.0134787050316149,-0.022187968969283284,0.000970593106746722,-0.017555920828927873,0.2585524548928849,0.2325043409563319,0.3005441799136614,0.29979118724953174,0.2964687443020592,0.2895675096890791,0.30515843407445864,0.17933325391221466,0.2912741458307263,0.2973746506815803,0.25503960919918267,0.3057464073480906,0.3016920943246152,0.30285798780655376,0.2939591496290244,0.3006687856796392,0.0841423230750568,0.2780782249640567,-0.14026971142968866,-0.15239759818636983,-0.1354493368962364,-0.1176905483491317,-0.14015140785694577,-0.1362553871886373,-0.14484218548755637,-0.09855123000144847,-0.17113235568884272,0.1408332696420483,0.13837080131190885,0.12703747453646655,0.14300729611288499,0.14277639176299742,0.15030907232699153,0.1532835846278495,0.12355213993685284,0.1731507637189226,0.33089294623988375,0.2985625082809073,0.3749148628752457,0.36275658177466746,0.3665089457599246,0.361120722023001,0.39247208017199786,0.272070147474895,0.3667880338054266,0.07446082654092626,0.08104929797325129,0.07380141990867017,0.07715885411045696,0.08532031842826206,0.07581239068676414,0.07826914216067478,0.09048493966797931,0.11402381135784317,0.09849776865686648,0.11405104997329817,0.11113424986749999,0.1288242003806888,0.11945741896557636,0.10135823754420066,0.09816840624761207,0.10087327889368879,0.1686047873570763,0.33539876253117423,0.3182215612223977,0.3384802484206631,0.34146901536721563,0.3399769137519887,0.3393107175206819,0.33806139767067067,0.13738619484341572,0.33152250062437716,-0.04296058305706303,-0.03889144892714175,0.017659846579322923,0.02011509807778282,0.004590916685799101,0.007671744337519765,0.0029722181668625576,0.009487063714929276,-0.002418204089373929,0.6741286806524267,0.47589878068075814,0.7004884684029717,0.6806088371138511,0.7015132220316173,0.6995385246421769,0.7044178606595455,0.1842583062043378,0.6391484372905545,-0.006118976517377967,-0.016464630290246196,-0.03698470831730295,-0.03844024177276923,-0.03537622361125103,-0.03730420193720905,-0.029562276607512126,-0.02739328671738643,-0.036944639203126704,0.6719571096083373,0.5876949655361269,0.8136169834920174,0.7025063610359581,0.773062853840317,0.7628818798890965,0.8081531378911061,0.1843460536716009,0.6942498627935855,0.0323084686968301,0.024090469986354897,-0.011443175900998376,-0.01155825501817555,-0.0020381532931644302,-0.003765818085765692,-0.012115663365412657,-0.010910440622974473,-0.0007644858862731122,0.837811164719774,0.628753878804911,0.8844058784915626,0.8867084231606545,0.9052612466259715,0.9007302809411737,1.0,0.15351849791237976,0.7253477930242784,0.07978244731883102,0.0931264079156888,0.05719051924599411,0.05144573647421094,0.07297809067143589,0.0670673084128243,0.09326241984624764,0.06087730431884399,0.09602015656160119
O2_beta_power,-0.04204279699271136,-0.024191820786092798,-0.026488163876826905,-0.013818639761805106,-0.047509303515565336,-0.01200266110359199,-0.017243633383008404,0.014733090850516961,-0.025851294526167055,0.05582727235001753,0.051879997131347715,0.06569983237898996,0.06585387441550833,0.06543159852891998,0.0652671228618835,0.06964071612934862,0.46868645168133377,0.15593672345434514,0.05291750621881092,0.04514724652187699,0.05591803548347347,0.05482240283534153,0.05559918900901691,0.053642060626310994,0.05788871810641383,0.5909971164653312,0.2974776197364305,-0.07107789120141592,-0.05760708242859585,-0.04855588799410373,-0.0387545766023647,-0.07041405099136958,-0.039034816264862666,-0.04355943680388087,-0.17053633684795302,-0.09122160361545006,-0.0005067197023685819,0.01558638278272298,0.010786830814717268,0.02068767422663116,-0.005097223503779238,0.02654912682915659,0.020359052784447943,0.1614333053879896,0.04538046277294141,0.07467303756594287,0.07049452021586876,0.08287325159789304,0.08233114523936172,0.0820031212192567,0.08230446154687733,0.08245559330969368,0.4026808942895488,0.14181576792804473,0.04475140292421644,0.02367982277993117,0.03490373721750908,0.021853620251338454,0.06237075139852764,0.018998966652235702,0.02549192873413629,0.18032506623687755,0.08001528094812474,0.03998710787348947,0.020406724540636134,0.04037551538957204,0.026048460874088016,0.07984950160934205,0.01662940749196144,0.02166128750678229,0.3375335847145041,0.1877315937321358,0.060904291466098236,0.05645912454249333,0.06260918309088055,0.062309742530972746,0.06287532859931967,0.062341450647890186,0.06542331911859121,0.6173228660619776,0.2436753998029408,0.001962372527032615,0.0010660384908602995,0.014898029806107696,0.016584597898051383,0.011156188727458908,0.015474675689447352,0.017739245325231353,0.010982240012554458,0.013651105394959529,0.12003566174107276,0.08399783432066078,0.1275543948372574,0.12148107013585913,0.12608896683472048,0.1253436766445061,0.12525465715134323,0.8385369710328845,0.4466665994821428,-0.01058033977493387,-0.012351332040038712,-0.019515200995638218,-0.019424528207422888,-0.01731013997994865,-0.01952346494224489,-0.02109079402086607,-0.012949438644853841,-0.021284624905701904,0.11855855044205008,0.10336502664131579,0.14761738835025437,0.12320932392267281,0.13794855426294236,0.13493784377118387,0.14056384094503308,0.9254259012446214,0.529305988442919,0.0007223388102206554,0.000386765579398709,-0.0080039894497725,-0.009969728040554357,-0.005596401264928342,-0.00950624405281194,-0.012607207411054772,-0.011754693579035984,-0.008807266136505192,0.15612639767372774,0.11476503020572695,0.16550370486074617,0.16346512945765093,0.1678899986121405,0.16563878746804855,0.15351849791237976,1.0,0.7373050866500973,0.008855667528833202,0.014371089135006964,0.010171752202306187,0.007228396412570756,0.01117371781774729,0.0068585737245944415,0.012078877540506747,0.019312703344981405,0.014657452655885606
avg_beta_power,-0.027818471283575202,-0.013759725527678922,-0.03276500522633772,-0.00532036186659386,-0.03709749531205688,-0.012635837535824689,-0.021646026241851232,0.0023140221421173077,-0.023928705671718734,0.23368891573739245,0.22846732160418817,0.2584207530831436,0.2570061870969076,0.25603673957217243,0.2514606687215748,0.2535464292885869,0.42167432170330216,0.31189969046837057,0.2596477004182728,0.2552350857003528,0.2642705104385689,0.25983125474568747,0.2612402903385436,0.25531080659860017,0.2567277613395717,0.43237596372926035,0.39867368806432174,-0.1477415312380444,-0.1578665165764261,-0.12120683029598496,-0.10505740319938939,-0.13795571327763484,-0.11865939423158005,-0.12303715566382711,-0.18389153831773747,-0.1782701564526441,0.11045312401231783,0.1251348487381128,0.10578106079614391,0.12082654339821056,0.10772496017987156,0.13039172069658658,0.11513105031000266,0.18393299842156527,0.15804997796984804,0.2995005471559837,0.2882768447255669,0.32378221195322054,0.31421489414234405,0.3171440144527854,0.31383691784146117,0.31254963834355537,0.44703875744315424,0.35653666046061494,0.0791839324820539,0.07858740232347576,0.07096209260838386,0.0660198364366109,0.0953709241962993,0.06352674583783298,0.06628166539481598,0.15897504692062772,0.12452961520662209,0.09583337088422446,0.1104369093571899,0.1050307460653312,0.10941414714612299,0.1351905623387705,0.08282101612835933,0.0824795275242122,0.2513572492721969,0.22624403713342298,0.29459127147088104,0.31413125037378936,0.29700203560955163,0.2961521911038295,0.29590970744680073,0.2966451483293831,0.29394719201361375,0.489339309782002,0.407881861551164,-0.020051380764634297,-0.017769207849682975,0.019627229399806736,0.021552478909101645,0.011529419533813003,0.01477883118848028,0.01890513601699264,0.014173988636572984,0.009830593574683046,0.6052844944501775,0.47523454181613634,0.6199810635529006,0.6073492026448357,0.622663479030434,0.6229382764515158,0.618269892703803,0.6657226426786219,0.7831225655469969,-0.00985225495690347,-0.01706390687597596,-0.03344929515449211,-0.03396902979332276,-0.03113252315270382,-0.033293833293616425,-0.031081854717884477,-0.024376802932247605,-0.03462022251023995,0.6087764558612044,0.5757495687422688,0.7046399291903207,0.621557127746217,0.6785604864098091,0.6703925978042468,0.6867226558615808,0.7150624153478866,0.8685998239686311,0.018334354230854083,0.013912177579144563,-0.010348521430596948,-0.012007947720467047,-0.004522310313456441,-0.008392965905436924,-0.01663223397471381,-0.014470773628345247,-0.0062324592498212905,0.7529774386265732,0.6150911665016165,0.7610854014984039,0.7689412960166213,0.7791969202786317,0.7761660604326895,0.7253477930242784,0.7373050866500973,1.0,0.04272089787285186,0.05214121574202573,0.03537423853343899,0.0328528602634602,0.041084171206775745,0.039928128296905833,0.0427566593085004,0.04264324063399577,0.054475204958188785
Fp1_beta_relative_power,-0.12876609808925446,-0.15885130924259672,0.0028105340555845005,0.011823011060954989,-0.029422633319341418,-0.18292499191470277,-0.03376117546167895,-0.06821033023826623,-0.08989670258198154,-0.06444597121870657,-0.043693813846245905,-0.017325544801348767,-0.013680226232502757,-0.03668756025152487,-0.018023936450171155,-0.03931716828857161,-0.044651979714232244,-0.039315617117851136,-0.04127157170040417,-0.04294007799441484,-0.033450541522141275,-0.03218659135987375,-0.03520408542857018,-0.034810321345743814,-0.03642155094215939,-0.02741800888761057,-0.041931966194505454,-0.09667048746043216,-0.12851045232035466,0.012870709977114352,0.02054092000533196,-0.01057113100238191,-0.15778485912653803,-0.021623335030636192,-0.049456769506174135,-0.06336446703977149,-0.12466838013564195,-0.15095461460353757,-0.008948600375115735,-0.0022671518063224565,-0.046334106623053144,-0.1771480254526891,-0.0472611551830445,-0.08079624806607116,-0.09532064734329142,-0.058865568986750605,-0.05701861777386134,-0.030995369403484133,-0.031408966275912886,-0.04826722362690498,-0.03168881451425582,-0.03835923161525362,-0.04922213684430248,-0.04667144110057404,0.05969427957088357,0.09811017356606568,-0.038198140502792674,0.013461099969889347,-0.005621805423702987,0.1936089769005102,-0.018039815751802038,0.00872149904085219,0.05023547991588548,0.016361637719684373,0.04101893700424742,-0.059585276384037884,-0.01677937297192736,-0.014873546457267482,0.1782331486197827,-0.026764804689498205,-0.03447571251712631,-9.803901704011594e-05,-0.03355559546803831,-0.035181514051534205,-0.02951547995592858,-0.027720212412541384,-0.0306070392540661,-0.03063543990285401,-0.03113559770357334,-0.025452776443858818,-0.03468878205088616,-0.6667192681781352,-0.3846198391530533,-0.282034817344779,-0.2913518092498507,-0.34200636151854585,-0.31548797552753716,-0.27654752236949237,-0.2819344674700415,-0.4237378167659764,-0.017462938617651514,-0.018743123452432522,-0.014135633781934774,-0.012801031414561391,-0.015385955311917852,-0.014096613409131094,-0.010687584842834805,-0.010891720904071853,-0.017362398955676667,0.2269532413602937,0.11643602963087228,0.1298675586620232,0.15612981623064354,0.14391291009395402,0.14528226974681627,0.1664205868387828,0.16020181676263429,0.19515435743409745,-0.004598672468580905,-0.008849408335441315,0.022965887867184787,0.02075293204950358,0.02193102568485679,0.020062736381737646,0.036480640656069444,0.006754273644226384,0.015440558190406078,0.3415374275669318,0.20027502990083065,0.17282973141940242,0.1798760349010382,0.2160458639341454,0.21251609040746222,0.18371592527318112,0.20567532101522287,0.24983089899813427,0.019634070457417798,0.0049674269166738805,0.057086732970674146,0.06350175378645485,0.0694542680889284,0.06734226185308205,0.07978244731883102,0.008855667528833202,0.04272089787285186,1.0,0.5733238214883385,0.4493216478308903,0.40863782413797556,0.5031124376192615,0.42181426026756447,0.25577235156079564,0.23866222137924195,0.665576242915987
Fp2_beta_relative_power,-0.006099528992031542,-0.03819233003680171,0.023106147450593483,0.02484952997723747,0.027174756534270428,-0.04964329800918621,0.005716006319218921,-0.01207976504064012,-0.0021860181739604963,-0.04932230114161778,-0.07083174900673801,-0.025417943399553996,-0.01661923314623092,-0.03777593020128864,-0.03209398044542256,-0.03576944335872405,-0.049293021537316836,-0.044975818476829035,-0.038933750864359996,-0.04633367319870335,-0.032718046528650284,-0.03143852712036762,-0.03446815357660508,-0.036661443974952475,-0.03484661433541109,-0.02625628547165845,-0.04136082945890054,0.022058477903183205,-0.0014400464813730156,0.033227742601371194,0.03208922068344202,0.03907852378534261,-0.03266666690392646,0.01345648449737097,0.005120755612721527,0.018743961307152023,-0.0310732341144813,-0.06770110356493761,0.005765179905357417,0.007043292209588776,0.003042760140301791,-0.06521541242459782,-0.012176694897797815,-0.03685158239749743,-0.029562039258414233,-0.06358559984921357,-0.07679689574668593,-0.03722008108974123,-0.03418542586563399,-0.0452259030798678,-0.043118103755588034,-0.03360958764145365,-0.053723321021261525,-0.0523028789466009,-0.05322683919456838,-0.052318447418493175,-0.08638851813859796,0.007223865396653807,-0.11422089877187346,0.03262183829329028,-0.07524748839331154,-0.09089847624868357,-0.08087801260420456,-0.0638638876258344,-0.061904624642644714,-0.08623279265916692,0.003738464619876674,-0.09080175424620945,0.0264414574141333,-0.05356038459245281,-0.05548210240908806,-0.08038979632266983,-0.03256716924149836,-0.0374991224326818,-0.028389856961475016,-0.027202848620484693,-0.030080035352555382,-0.03148607780007987,-0.030842795358126892,-0.023710700421738597,-0.03412337726795323,-0.3936113052037644,-0.6379696115225402,-0.28769254339140066,-0.30195040003283785,-0.3065030740432344,-0.3277091432538092,-0.29704983501796034,-0.30524708731264616,-0.42720616595124494,-0.018418434757288625,-0.01920727351690525,-0.014026252909006586,-0.01305311094242859,-0.016214563736435504,-0.0174961540595052,-0.010083274779284739,-0.007313277219616149,-0.01651705425852956,0.09418225718178454,0.16270511166177973,0.0951313752754761,0.12018039955716212,0.08385287153856873,0.10001847668767737,0.11250169353478381,0.12170157305532353,0.1395236565106677,-0.005911650709304581,-0.008288169355167399,0.03597051140039449,0.026796262647936803,0.03128723556594824,0.02378326475647182,0.047069821919657105,0.015320203736440639,0.024093255531066626,0.2546695072497913,0.32848999756040975,0.21373862380327527,0.20919903526124625,0.2311827867063173,0.24074056432202173,0.23121273510130236,0.2332249170882063,0.28492671479350895,0.007607480159309816,0.00971713942268605,0.07036062986262524,0.08091610830400324,0.07715302541492124,0.07951404675344846,0.0931264079156888,0.014371089135006964,0.05214121574202573,0.5733238214883385,1.0,0.4725180066805161,0.4903745957037101,0.47791969532614936,0.5175389163343552,0.35725033864762573,0.36054039830064816,0.7254323981895978
C3_beta_relative_power,-0.029752638333793727,-0.07028411973067478,0.09995715616532815,0.09440411115447776,0.10419939879688907,-0.017671448447157654,0.06719490222730039,0.04499355089331411,0.05666338073294746,-0.10283251574053705,-0.11608693802327162,-0.1624926612963441,-0.11845664589526347,-0.1786097055037058,-0.14185385918470161,-0.19315755268336315,-0.14158010571274898,-0.1596934881920999,-0.04765440519935256,-0.05399564961913588,-0.05389184420812418,-0.048518506888434586,-0.053802115755767536,-0.0524930490885709,-0.05936548898289983,-0.0336433654064203,-0.05799966462963895,0.016374232214799576,-0.009874485174984746,0.15449308559741184,0.13734071218202384,0.16728696176818011,0.04089144502817912,0.14199465113428936,0.11634604709113104,0.13360767566565374,-0.05494842236319755,-0.10127120408931936,0.037850878698399454,0.038737835927723244,0.025768524600786498,-0.06794833369578523,-0.012339172747676673,-0.02965451241137154,-0.02279578621458116,-0.08845524348786019,-0.10783968291527583,-0.15667921465984852,-0.13423143386130332,-0.17666221195290013,-0.13763085838537703,-0.19411408916165454,-0.17003145170372375,-0.1577265349045508,-0.14230181870010003,-0.13310050778589597,-0.21327541172597764,-0.15542994639359745,-0.2613034001011011,-0.05049238087896729,-0.240970263304698,-0.2499161128457268,-0.26501366887487665,-0.13658111640279283,-0.12309021630603939,-0.15523201614699753,-0.11066899835525673,-0.18844330831871958,-0.012403999658839154,-0.1741711545786818,-0.1256596650243788,-0.2041907400680083,-0.031821619233691006,-0.03682068899071764,-0.037308742078866,-0.03547244946912307,-0.036904304182736415,-0.03669262473039898,-0.04103718920912279,-0.02807667894787352,-0.04018698249694011,-0.3637403720200626,-0.4077398478843176,-0.5881963571822628,-0.5104950331349832,-0.521041405546643,-0.4880661202576065,-0.48342869850517656,-0.4795760877396162,-0.5781044719150755,-0.014643968050464915,-0.01757336618743557,-0.024566732543995305,-0.02257661117943613,-0.023262749620795622,-0.021308810404361354,-0.028088459858492367,-0.011714228083784431,-0.023336442733075582,0.033648802896219715,0.0617191044228411,0.14229766388449705,0.13343807448218548,0.08901455618235275,0.09991440522271487,0.08095381418236124,0.09294510590501961,0.11864421929245327,0.0006819356969333162,-0.003516402079845811,0.005385727353587465,0.004974272105357353,0.005522925732106682,0.0071009541637383836,0.006008863775277452,0.004796986446345365,0.005191813097914989,0.3477106303044987,0.36994165928222383,0.4837358840673681,0.4456447981503513,0.44537809207069945,0.44231238290678854,0.45102677137398495,0.43955850355608667,0.508014578547894,0.012072471452452483,0.004787161167267955,0.04793923564733731,0.05109346610954758,0.053134513584800064,0.05614450900173344,0.05719051924599411,0.010171752202306187,0.03537423853343899,0.4493216478308903,0.4725180066805161,1.0,0.8083567150615281,0.8272356212082438,0.7133022684525534,0.6517681173659648,0.6006712575838802,0.8584314746648632
C4_beta_relative_power,-0.05401655728685605,-0.0945841394187025,0.13555959734150239,0.11398641816426086,0.0776392550199124,0.006671320670905684,0.04079428696354558,0.03486705487682273,0.05310864345427465,-0.09235873727936016,-0.1064498589967304,-0.1510368355762775,-0.10834919865229425,-0.16947413160958574,-0.1385464915223487,-0.1911427778548072,-0.1403008511925509,-0.1522521787878525,-0.045991639436623356,-0.05233990414358643,-0.052130566744694934,-0.04696401385800339,-0.052332741306405535,-0.05283142223088855,-0.05850565025337589,-0.033790835331964766,-0.05704304748744152,-0.011174023056923617,-0.03903050464489555,0.18536237458576058,0.15172387674167903,0.13977061401815616,0.06191255266845497,0.11669554635657638,0.10671255402025526,0.12724950680453923,-0.07430060187944264,-0.11662976139635381,0.0693425393266242,0.05979053756175198,0.00326614458291575,-0.047518789869186624,-0.03671306703915581,-0.039250334821430914,-0.025170851278597466,-0.08430064724478754,-0.09898225382531627,-0.1525082478563721,-0.12439384327830266,-0.17188326827691966,-0.1374711994963022,-0.19625605800507318,-0.17162934677441788,-0.154180639544417,-0.14657028349205214,-0.14194005135173038,-0.25378008438041616,-0.18899516117806445,-0.24218785478529642,-0.0839745418725217,-0.23468842885510324,-0.2394269558069641,-0.2798240666175311,-0.14236564237995028,-0.1306965632659725,-0.19938990358491973,-0.14733251311691986,-0.16749590018652935,-0.047932568696301206,-0.16879881281218556,-0.12092747269806016,-0.21955295343239611,-0.030950033432414474,-0.036220677549013515,-0.03646158205289547,-0.03523922353340216,-0.03612749413786317,-0.0370960839579324,-0.040428758795780756,-0.028775711701547184,-0.03996931064725921,-0.350629859360122,-0.42873216844800444,-0.5051257545891128,-0.5822747822849981,-0.4632300426661078,-0.5387028034907283,-0.47249161944910617,-0.5012790656779244,-0.5784387300663638,-0.014347918693599327,-0.017364347520730617,-0.024405889446736707,-0.023014289991312005,-0.023385341940008415,-0.022680785943642343,-0.029069768579750136,-0.014271883456269221,-0.024645712759582498,0.01621834653327306,0.05108796256011041,0.0808417445571185,0.13906171818455385,0.04486907289413957,0.09376950652238825,0.056466199753543514,0.08055802402607583,0.09128165924374133,0.002078963674740016,-0.0019778308435249555,0.005076657987277376,0.004831446414341129,0.00581616557957289,0.005998358364525355,0.003590256525580504,0.0018600329013080683,0.0038151946143830952,0.369339131383187,0.4075139087962008,0.48316479506507765,0.4924452063463952,0.45235538811956577,0.4785769307490941,0.46250783443243204,0.4645791642916372,0.5348683264344942,0.00986725035799371,0.005250571711075691,0.044791871854101446,0.05703336592027309,0.049628153168007276,0.05839443220267206,0.05144573647421094,0.007228396412570756,0.0328528602634602,0.40863782413797556,0.4903745957037101,0.8083567150615281,1.0,0.6943400514679746,0.8465288152519562,0.6397498203428652,0.6553511970831559,0.8601582274717355
T3_beta_relative_power,-0.07619940472192813,-0.12431758172220232,0.0874037665678133,0.057468185856528305,0.03726584792274524,-0.08015560412681932,0.0013631838827868352,0.008842308288151647,-0.005177784806336626,-0.08427830538405226,-0.09119019502556606,-0.12061515421387203,-0.08628720431454158,-0.14089383159080365,-0.1046690407925263,-0.1523033352852552,-0.11773257438049146,-0.12480477902289326,-0.04560828449902622,-0.05151896290615217,-0.049315231068749285,-0.044969511684827004,-0.049907202634054355,-0.04857623589778971,-0.054843008236172205,-0.03370934956949754,-0.05508095079168424,-0.034377664435272015,-0.07022789808722915,0.13113010611545547,0.09290993933671712,0.08940746844541832,-0.0308980571365933,0.062310681210841566,0.06880399107316292,0.060446259005841406,-0.09397510966213458,-0.13952366292080048,0.03364774989350463,0.011504822577970544,-0.019198283601219873,-0.11480986819165453,-0.05727839952863618,-0.05033185910357454,-0.0628757758434435,-0.08516757931129884,-0.09695784546194693,-0.1307308583194567,-0.11147530219940688,-0.1382482347576232,-0.10883308483397304,-0.15686567523371137,-0.14321269059105915,-0.13151922947750744,-0.11702363629833953,-0.09912488277877343,-0.1999263664956129,-0.12462991720065068,-0.18784118311623538,0.01381142848150466,-0.16857618862100626,-0.20670228726689863,-0.2012888048636277,-0.12319967011535213,-0.10122312261069664,-0.16122614041238553,-0.09190278398224519,-0.1404628781286303,0.04158274945772191,-0.12772297305857797,-0.1144187584554463,-0.1680909823606436,-0.03270985929943818,-0.03751029598534144,-0.036634659653519745,-0.034788140786392474,-0.036914402709073264,-0.03653488737161633,-0.04048199991121344,-0.029238191034189506,-0.040477371701085764,-0.3820633884779807,-0.39837520594320386,-0.5061257850257475,-0.46233885273514097,-0.5859376804817594,-0.4748948027650532,-0.46818211103988866,-0.46604764751029076,-0.5629957997727264,-0.016482342026109684,-0.018905209275645363,-0.024648445074224246,-0.022474760588658573,-0.024220603230351828,-0.021863005156434422,-0.027104635775056552,-0.012154692778029783,-0.0240065822673274,0.05442127007653984,0.08120131902191113,0.1373179237989852,0.14417829583696387,0.13232058554842865,0.1161786385023145,0.10931456860712958,0.12279262543543373,0.14426073706512005,-0.0021501897993752503,-0.006467567125534992,0.009415736957374098,0.009018610694055719,0.009010638781804817,0.010716890904527277,0.015387933729907946,0.007115301923563688,0.008327005221087147,0.32335965672317296,0.32886012037125534,0.4122875988945632,0.39095835318899375,0.4337819237493411,0.4048068057265506,0.4149487032542134,0.416122023160219,0.4642066200437412,0.008848794394258959,0.00196881199546918,0.053031368866206546,0.05921034433214848,0.06682403035878463,0.06934605532229973,0.07297809067143589,0.01117371781774729,0.041084171206775745,0.5031124376192615,0.47791969532614936,0.8272356212082438,0.6943400514679746,1.0,0.7021165088225093,0.6079716079043053,0.5329322522708139,0.8410281879326101
T4_beta_relative_power,-0.025991777902780164,-0.06395914616355458,0.10927747528637732,0.08981055557047657,0.08123117527298371,0.016806454354618305,0.027469592840170084,0.025354391107661866,0.049823920537978135,-0.10652198550595504,-0.11701751698301732,-0.14396765422931201,-0.11170055046775586,-0.16045638436836768,-0.14080226599563042,-0.17697465005518673,-0.13290585389683277,-0.1506986147525977,-0.048227033129684994,-0.054207598724419076,-0.05207604613524131,-0.04810817243412364,-0.05234186589265213,-0.05443508150118961,-0.057739686600241105,-0.03574071102167087,-0.05858316037664449,0.022237307945032894,-0.002640833189097895,0.15581169628873118,0.12843181673705395,0.1364694451913469,0.06546240699334739,0.09524438098044513,0.09018380270919008,0.1198980894284558,-0.05779589962213288,-0.09916299294328096,0.04944223491002816,0.035816173169521744,0.013590565795992432,-0.03342043801140652,-0.04193326352546013,-0.04221075456120261,-0.025459362766328472,-0.09835351897700165,-0.11200120358405162,-0.1413099107460425,-0.12609904874574676,-0.15399605094256374,-0.12380445582427982,-0.17672278002711092,-0.15680497734113266,-0.14726796570900572,-0.1473843771891293,-0.1356650730525078,-0.21128306761089002,-0.13214606626397782,-0.2237983709764716,-0.0806503871928271,-0.20799602385881275,-0.20484300335641295,-0.24489057680887613,-0.14304153256392688,-0.1265773351419393,-0.16816951053534315,-0.09853322605041408,-0.16492353867962387,-0.049810763653025704,-0.15385104841103894,-0.1103822432673422,-0.19872768495109452,-0.03175176266253226,-0.03678797891351215,-0.03571785014379885,-0.03465289174329126,-0.03578261169376433,-0.03764097335173815,-0.03975002056297426,-0.030066835897046323,-0.04030509662608144,-0.3489631513850696,-0.415430695648222,-0.46287141927687786,-0.5146008326458072,-0.4533470036000937,-0.5897482848162664,-0.43323932174746527,-0.46638568443901124,-0.5541270753680025,-0.016166338673313727,-0.018656767840251626,-0.023663246124327623,-0.023070851066067922,-0.02345373258506291,-0.02395731043570438,-0.027210298812354147,-0.015420141290437377,-0.025402511725385827,0.03898505145190971,0.05794463067438061,0.10704807273950077,0.15499879100323113,0.07272837796251282,0.14022398011584575,0.09277304479118027,0.10492719713530317,0.12440069879311386,-0.0007905316666025447,-0.004906701767361285,0.013093804608166698,0.008618068184948254,0.011991976773827172,0.010169521636612135,0.012581493081923963,0.004581407563069117,0.007850233623704251,0.33332808630032584,0.35651058509039746,0.4156158997561545,0.4118448799215903,0.4006982734114181,0.44568673158998695,0.393945105623432,0.41951863292455993,0.4705941094414364,0.006590201393510974,0.0013997071132466202,0.05716779736449393,0.06476014032352771,0.0683389695463018,0.08297659801154793,0.0670673084128243,0.0068585737245944415,0.039928128296905833,0.42181426026756447,0.5175389163343552,0.7133022684525534,0.8465288152519562,0.7021165088225093,1.0,0.558702968028273,0.5704528199361709,0.8362868779853312
O1_beta_relative_power,-0.0323491785946137,-0.06608062046108985,0.14298485218612897,0.10987981312546465,0.098423652562493,0.04343440811364662,0.06394371143159978,0.04934519997524415,0.07666357042025347,-0.09928366227349937,-0.1338591566045329,-0.1703957973899723,-0.1482683830149008,-0.18190381578648815,-0.15732204559964952,-0.21857315366479882,-0.1525687391318727,-0.17443154308565728,-0.04104891993682626,-0.05079180860944091,-0.04878842973813159,-0.045740438136265264,-0.04928073586693811,-0.047882239406093347,-0.05592647162155047,-0.031040714224723043,-0.05334426276656268,0.012868997253532693,-0.0023340903615684445,0.1950488761213396,0.1556793459098211,0.15835398812715193,0.09724542155044678,0.1446537193239538,0.12592841121798368,0.15462004123454473,-0.056480085806299145,-0.1029397355694725,0.07266346990674542,0.04534616950820828,0.02182842711634377,-0.019598691155622128,-0.018365671412436536,-0.029374408021889536,-0.010934137657572555,-0.08672230761950853,-0.11663820044036868,-0.16092669091685716,-0.15013624251049967,-0.17063723873194514,-0.1454243887645455,-0.205759364793854,-0.1804939232631721,-0.16485230352354774,-0.14958142280481473,-0.156561658966424,-0.2605640382701244,-0.21243568832823626,-0.2591691959929119,-0.12611945839083302,-0.2522599429918394,-0.24289605569610465,-0.30199162292524545,-0.1376569272150968,-0.1274642963382695,-0.19150471491695875,-0.14769468929566154,-0.1816401334320624,-0.07338325039102601,-0.1766064332545032,-0.10550631478123293,-0.21781922357518965,-0.024959750317774962,-0.03194492837317256,-0.03091829211418409,-0.029411841915797966,-0.03122744039403931,-0.03088654480078657,-0.03627026736978881,-0.024449839401678945,-0.034101110191433935,-0.2064483995049097,-0.3290098016553008,-0.3983387827304524,-0.39989324562284406,-0.36271796355487324,-0.360994917842978,-0.5481123662091877,-0.4449633844545141,-0.46198006754621485,-0.011917374635222968,-0.015086181139988802,-0.019972450971750096,-0.018408379852413757,-0.019746155645053352,-0.01787861480037109,-0.025094400288251703,-0.011338755253095365,-0.020275563840325427,-0.03837165491551559,0.022722669643229138,0.0325210331282724,0.05018019246719209,-0.00692622374937585,0.013224766673319411,0.03993135105256183,0.04863918500570485,0.027647733687446222,0.0009108387140376573,-0.002580867065992486,0.012942605509898618,0.011719160940198316,0.011268133654697532,0.013150735253361492,0.014453057127782972,0.00542804315644004,0.009623797786303933,0.2557768848655529,0.3428190066479169,0.4113644827906846,0.41156850008466267,0.3715501563845653,0.381575613667844,0.46003638667406943,0.37393077859422813,0.4478662095901819,0.008387041265160043,0.00495570059246024,0.05077913671317245,0.05862199814420655,0.05934252650717415,0.06511988074441742,0.09326241984624764,0.012078877540506747,0.0427566593085004,0.25577235156079564,0.35725033864762573,0.6517681173659648,0.6397498203428652,0.6079716079043053,0.558702968028273,1.0,0.7565212349884851,0.7426474497904231
O2_beta_relative_power,-0.0666925210357013,-0.10307612807293465,0.15799105563716836,0.10655298328622478,0.07131742627782107,0.04866405590417774,0.06687064235985465,-0.025688694365103702,0.05054683473069557,-0.09207209521825903,-0.12009939631719509,-0.15812109430365529,-0.13049810525428124,-0.17285460362119656,-0.1477861426474874,-0.20055893163054192,-0.15997734908004987,-0.16476723676227784,-0.0398735913915744,-0.0416788398923975,-0.046679006894400264,-0.04288313800980826,-0.047195710007806625,-0.04726711136100774,-0.05294241652867961,-0.03251134414267389,-0.05145342935321993,-0.0239237228003727,-0.04293745072587864,0.20616197746144066,0.1476820954283589,0.13154369809139058,0.09901248905138293,0.14380870688814923,0.054255188384752365,0.1267719844783531,-0.08388018517405355,-0.1253562073883675,0.08919622606234755,0.04676845058250039,-0.0008793273243529825,-0.013524009402818527,-0.01599583544980706,-0.09723583884220303,-0.030333153230989538,-0.08318416641533043,-0.10548893140468103,-0.15172203712342386,-0.137149054604667,-0.16702152475293386,-0.13982954496551195,-0.20143019657269293,-0.18778836862844836,-0.159618746729752,-0.14988434508209308,-0.1649992032441261,-0.28902359463749355,-0.25326055769332184,-0.250934969076899,-0.15670939275020632,-0.2517947329724299,-0.18755559630501045,-0.30729646735696603,-0.13068088840293127,-0.12694168135219014,-0.21255342035402547,-0.1865971082536267,-0.16505664340739645,-0.10058857791882121,-0.17949200768586407,0.008754819929003375,-0.1784915922780986,-0.024047657710510047,-0.026140685893670912,-0.029355125360693596,-0.027974517503381403,-0.029547451605878072,-0.029999786145275986,-0.03398833716613381,-0.029738178622007404,-0.03392493075444544,-0.2117412006118794,-0.35334501241525884,-0.3910730860479053,-0.4221836594655945,-0.3499068717639716,-0.38939156614869835,-0.4721486454231842,-0.5269930509708675,-0.4718302897066997,-0.010882937608895988,-0.013309294860959758,-0.018292309743056845,-0.01711855591007915,-0.018253735606272168,-0.0172185263616607,-0.023619191077423902,-0.009760805261922773,-0.018452892660364636,-0.04282609719710935,0.025184391569264577,0.018737579385295293,0.047398358021654576,-0.019687741311827534,0.01772595917097852,0.007627920595510973,0.08340435409771434,0.023296242228727827,0.003215421084351734,0.0006717412481258523,0.013034618005394209,0.012597560773181762,0.012192058455470478,0.013407431024967229,0.012661002385000038,0.007694007212486351,0.011433361652482838,0.28282974514583126,0.38366273645277726,0.43465859638543375,0.4493239405961827,0.3969898564841688,0.4231337272544568,0.4647452024697908,0.3860872418317105,0.4778901794699044,0.010275748477768163,0.007832845443800624,0.04792917424212913,0.05770906462927523,0.05292706838853094,0.059537855082596305,0.06087730431884399,0.019312703344981405,0.04264324063399577,0.23866222137924195,0.36054039830064816,0.6006712575838802,0.6553511970831559,0.5329322522708139,0.5704528199361709,0.7565212349884851,1.0,0.722324717820634
avg_beta_relative_power,-0.06976306537751936,-0.11736498312773547,0.11130143155224675,0.09010280225980638,0.06718248165127305,-0.04709710183785258,0.03213766510973081,0.0026655718344775615,0.02082995084234392,-0.10781569187487679,-0.12366966202024257,-0.13983411047350464,-0.10817782357597334,-0.16068655046942348,-0.13067771834331585,-0.17946074276552818,-0.14202544412080442,-0.15179927117450234,-0.05596569399930989,-0.06318778169786168,-0.05789711931506132,-0.05367847294159959,-0.058945829552222134,-0.05914923883174807,-0.06425849149151226,-0.040476140712595914,-0.06603201456986296,-0.018233619040806677,-0.05157494794565104,0.15809411910897356,0.12841423749355474,0.12453291989718968,0.007391734788319306,0.09936370246646618,0.07154976612987635,0.09457593767024146,-0.09409870708556912,-0.1457039440341704,0.05009510058823464,0.034988908064326085,-0.0029046269892035476,-0.09460344006903038,-0.03941747686912388,-0.0667384436472511,-0.05246537658282813,-0.10243705422573438,-0.12109143019926488,-0.14348575239178063,-0.12723798163848932,-0.16087460094309358,-0.13032544380201888,-0.1783821328399767,-0.16765718803026622,-0.15322971605904956,-0.12183073617761721,-0.11033160836490373,-0.23267739438574628,-0.14899641623838666,-0.23112986602650945,-0.02150588638710379,-0.21531613575824596,-0.20956537789587595,-0.23732634448671822,-0.1277615258767187,-0.11079626773961697,-0.18833680975750375,-0.11519931963545448,-0.16810738762077135,0.008721253893496591,-0.15844969358975408,-0.1014309864957341,-0.1885542583211764,-0.039636720188452434,-0.04529330155156582,-0.042198475612744674,-0.04028219724146828,-0.04282818494798095,-0.04348190565429758,-0.04678108351255118,-0.03514165113346079,-0.04781933261157242,-0.49555685194898946,-0.5565510559095008,-0.5320458529008711,-0.5431212406926857,-0.5336944519091527,-0.5479691836397023,-0.539045319303439,-0.541891804693487,-0.6448923224866226,-0.0199278168244341,-0.02274196581948832,-0.025589486316717962,-0.02381909471367908,-0.025887098531297153,-0.02482741320266444,-0.027543468679304798,-0.014698017059479112,-0.026929422503717465,0.07766700080985786,0.10340835985822269,0.12279778829036442,0.155612965786329,0.09393234478905373,0.12206644950202464,0.11616872317166618,0.1375922416569656,0.14823734363641355,-0.0017509969685536033,-0.0064520641032379785,0.021390569335190523,0.017833091190018673,0.01965773104112242,0.01829726251943278,0.02757117025051614,0.009360579028365993,0.015296205011118074,0.4028407520886334,0.42895199001951273,0.4627038824107887,0.45771822484992997,0.455998597515571,0.468228980201952,0.47058910138856763,0.45416040992296464,0.5327305935729663,0.013841987870490242,0.006888942201529689,0.0711953341697551,0.08159812334019986,0.08246853403247881,0.08856129784377303,0.09602015656160119,0.014657452655885606,0.054475204958188785,0.665576242915987,0.7254323981895978,0.8584314746648632,0.8601582274717355,0.8410281879326101,0.8362868779853312,0.7426474497904231,0.722324717820634,1.0
